2026-08-26 10:16:54,244  INFO      eds_loader.cli.main  eds-loader run invoked (config=C:\Users\Mohit Patel\AppData\Local\Temp\pytest-of-spmohit\pytest-31\test_run_exits_zero_on_success0\loader.yaml, dry_run=False)
2026-08-26 10:16:54,272  INFO      eds_loader.cli.main  Config loaded: source=local_fs target=local_fs tables=(all) enforce_constraints=True schema_required=True
2026-08-26 10:16:54,273  DEBUG     eds_loader.connectors.local_fs  Reading schema.json from C:\Users\Mohit Patel\AppData\Local\Temp\pytest-of-spmohit\pytest-31\test_run_exits_zero_on_success0\source\schema.json
2026-08-26 10:16:54,299  DEBUG     eds_loader.connectors.local_fs  schema.json parsed: 2 dataset(s)
2026-08-26 10:16:54,335  INFO      eds_loader.connectors.local_fs  Read customers: 3 row(s) from C:\Users\Mohit Patel\AppData\Local\Temp\pytest-of-spmohit\pytest-31\test_run_exits_zero_on_success0\source\customers.parquet
2026-08-26 10:16:54,362  INFO      eds_loader.connectors.local_fs  Read orders: 2 row(s) from C:\Users\Mohit Patel\AppData\Local\Temp\pytest-of-spmohit\pytest-31\test_run_exits_zero_on_success0\source\orders.parquet
2026-08-26 10:16:54,362  INFO      eds_loader.loader  Read 2 dataset(s) from source
2026-08-26 10:16:54,364  INFO      eds_loader.connectors.local_fs  Wrote customers: 3 row(s) to C:\Users\Mohit Patel\AppData\Local\Temp\pytest-of-spmohit\pytest-31\test_run_exits_zero_on_success0\target\customers.parquet
2026-08-26 10:16:54,367  INFO      eds_loader.connectors.local_fs  Wrote orders: 2 row(s) to C:\Users\Mohit Patel\AppData\Local\Temp\pytest-of-spmohit\pytest-31\test_run_exits_zero_on_success0\target\orders.parquet
2026-08-26 10:16:54,367  DEBUG     eds_loader.connectors.local_fs  Merging schema.json at target
2026-08-26 10:16:54,370  INFO      eds_loader.loader  Load complete: 5 row(s) written
2026-08-26 10:16:54,370  INFO      eds_loader.cli.main  Run complete: 5 row(s) across 2 table(s) in 0.1s
2026-08-26 10:16:54,398  INFO      eds_loader.cli.main  eds-loader run invoked (config=C:\Users\Mohit Patel\AppData\Local\Temp\pytest-of-spmohit\pytest-31\test_run_prints_table_with_row0\loader.yaml, dry_run=False)
2026-08-26 10:16:54,424  INFO      eds_loader.cli.main  Config loaded: source=local_fs target=local_fs tables=(all) enforce_constraints=True schema_required=True
2026-08-26 10:16:54,425  DEBUG     eds_loader.connectors.local_fs  Reading schema.json from C:\Users\Mohit Patel\AppData\Local\Temp\pytest-of-spmohit\pytest-31\test_run_prints_table_with_row0\source\schema.json
2026-08-26 10:16:54,429  DEBUG     eds_loader.connectors.local_fs  schema.json parsed: 2 dataset(s)
2026-08-26 10:16:54,435  INFO      eds_loader.connectors.local_fs  Read customers: 3 row(s) from C:\Users\Mohit Patel\AppData\Local\Temp\pytest-of-spmohit\pytest-31\test_run_prints_table_with_row0\source\customers.parquet
2026-08-26 10:16:54,442  INFO      eds_loader.connectors.local_fs  Read orders: 2 row(s) from C:\Users\Mohit Patel\AppData\Local\Temp\pytest-of-spmohit\pytest-31\test_run_prints_table_with_row0\source\orders.parquet
2026-08-26 10:16:54,442  INFO      eds_loader.loader  Read 2 dataset(s) from source
2026-08-26 10:16:54,445  INFO      eds_loader.connectors.local_fs  Wrote customers: 3 row(s) to C:\Users\Mohit Patel\AppData\Local\Temp\pytest-of-spmohit\pytest-31\test_run_prints_table_with_row0\target\customers.parquet
2026-08-26 10:16:54,447  INFO      eds_loader.connectors.local_fs  Wrote orders: 2 row(s) to C:\Users\Mohit Patel\AppData\Local\Temp\pytest-of-spmohit\pytest-31\test_run_prints_table_with_row0\target\orders.parquet
2026-08-26 10:16:54,448  DEBUG     eds_loader.connectors.local_fs  Merging schema.json at target
2026-08-26 10:16:54,449  INFO      eds_loader.loader  Load complete: 5 row(s) written
2026-08-26 10:16:54,450  INFO      eds_loader.cli.main  Run complete: 5 row(s) across 2 table(s) in 0.0s
2026-08-26 10:16:54,479  INFO      eds_loader.cli.main  eds-loader run invoked (config=C:\Users\Mohit Patel\AppData\Local\Temp\pytest-of-spmohit\pytest-31\test_run_prints_timing_in_seco0\loader.yaml, dry_run=False)
2026-08-26 10:16:54,506  INFO      eds_loader.cli.main  Config loaded: source=local_fs target=local_fs tables=(all) enforce_constraints=True schema_required=True
2026-08-26 10:16:54,506  DEBUG     eds_loader.connectors.local_fs  Reading schema.json from C:\Users\Mohit Patel\AppData\Local\Temp\pytest-of-spmohit\pytest-31\test_run_prints_timing_in_seco0\source\schema.json
2026-08-26 10:16:54,508  DEBUG     eds_loader.connectors.local_fs  schema.json parsed: 2 dataset(s)
2026-08-26 10:16:54,512  INFO      eds_loader.connectors.local_fs  Read customers: 3 row(s) from C:\Users\Mohit Patel\AppData\Local\Temp\pytest-of-spmohit\pytest-31\test_run_prints_timing_in_seco0\source\customers.parquet
2026-08-26 10:16:54,515  INFO      eds_loader.connectors.local_fs  Read orders: 2 row(s) from C:\Users\Mohit Patel\AppData\Local\Temp\pytest-of-spmohit\pytest-31\test_run_prints_timing_in_seco0\source\orders.parquet
2026-08-26 10:16:54,516  INFO      eds_loader.loader  Read 2 dataset(s) from source
2026-08-26 10:16:54,520  INFO      eds_loader.connectors.local_fs  Wrote customers: 3 row(s) to C:\Users\Mohit Patel\AppData\Local\Temp\pytest-of-spmohit\pytest-31\test_run_prints_timing_in_seco0\target\customers.parquet
2026-08-26 10:16:54,523  INFO      eds_loader.connectors.local_fs  Wrote orders: 2 row(s) to C:\Users\Mohit Patel\AppData\Local\Temp\pytest-of-spmohit\pytest-31\test_run_prints_timing_in_seco0\target\orders.parquet
2026-08-26 10:16:54,523  DEBUG     eds_loader.connectors.local_fs  Merging schema.json at target
2026-08-26 10:16:54,524  INFO      eds_loader.loader  Load complete: 5 row(s) written
2026-08-26 10:16:54,525  INFO      eds_loader.cli.main  Run complete: 5 row(s) across 2 table(s) in 0.0s
2026-08-26 10:16:54,550  INFO      eds_loader.cli.main  eds-loader run invoked (config=C:\Users\Mohit Patel\AppData\Local\Temp\pytest-of-spmohit\pytest-31\test_run_table_has_location_co0\loader.yaml, dry_run=False)
2026-08-26 10:16:54,576  INFO      eds_loader.cli.main  Config loaded: source=local_fs target=local_fs tables=(all) enforce_constraints=True schema_required=True
2026-08-26 10:16:54,577  DEBUG     eds_loader.connectors.local_fs  Reading schema.json from C:\Users\Mohit Patel\AppData\Local\Temp\pytest-of-spmohit\pytest-31\test_run_table_has_location_co0\source\schema.json
2026-08-26 10:16:54,578  DEBUG     eds_loader.connectors.local_fs  schema.json parsed: 2 dataset(s)
2026-08-26 10:16:54,582  INFO      eds_loader.connectors.local_fs  Read customers: 3 row(s) from C:\Users\Mohit Patel\AppData\Local\Temp\pytest-of-spmohit\pytest-31\test_run_table_has_location_co0\source\customers.parquet
2026-08-26 10:16:54,586  INFO      eds_loader.connectors.local_fs  Read orders: 2 row(s) from C:\Users\Mohit Patel\AppData\Local\Temp\pytest-of-spmohit\pytest-31\test_run_table_has_location_co0\source\orders.parquet
2026-08-26 10:16:54,587  INFO      eds_loader.loader  Read 2 dataset(s) from source
2026-08-26 10:16:54,589  INFO      eds_loader.connectors.local_fs  Wrote customers: 3 row(s) to C:\Users\Mohit Patel\AppData\Local\Temp\pytest-of-spmohit\pytest-31\test_run_table_has_location_co0\target\customers.parquet
2026-08-26 10:16:54,592  INFO      eds_loader.connectors.local_fs  Wrote orders: 2 row(s) to C:\Users\Mohit Patel\AppData\Local\Temp\pytest-of-spmohit\pytest-31\test_run_table_has_location_co0\target\orders.parquet
2026-08-26 10:16:54,592  DEBUG     eds_loader.connectors.local_fs  Merging schema.json at target
2026-08-26 10:16:54,593  INFO      eds_loader.loader  Load complete: 5 row(s) written
2026-08-26 10:16:54,594  INFO      eds_loader.cli.main  Run complete: 5 row(s) across 2 table(s) in 0.0s
2026-08-26 10:16:54,608  INFO      eds_loader.cli.main  eds-loader run invoked (config=C:\Users\Mohit Patel\AppData\Local\Temp\pytest-of-spmohit\pytest-31\test_run_missing_config_exits_0\nope.yaml, dry_run=False)
2026-08-26 10:16:54,608  ERROR     eds_loader.cli.main  Config parse failed: Config file not found: C:\Users\Mohit Patel\AppData\Local\Temp\pytest-of-spmohit\pytest-31\test_run_missing_config_exits_0\nope.yaml
2026-08-26 10:16:54,623  INFO      eds_loader.cli.main  eds-loader run invoked (config=C:\Users\Mohit Patel\AppData\Local\Temp\pytest-of-spmohit\pytest-31\test_run_invalid_yaml_exits_20\loader.yaml, dry_run=False)
2026-08-26 10:16:54,653  ERROR     eds_loader.cli.main  Config parse failed: Config file C:\Users\Mohit Patel\AppData\Local\Temp\pytest-of-spmohit\pytest-31\test_run_invalid_yaml_exits_20\loader.yaml is not valid YAML: while parsing a flow sequence
  in "<unicode string>", line 1, column 9:
    source: [unclosed
            ^
expected ',' or ']', but got '<stream end>'
  in "<unicode string>", line 1, column 18:
    source: [unclosed
                     ^
2026-08-26 10:16:54,670  INFO      eds_loader.cli.main  eds-loader run invoked (config=C:\Users\Mohit Patel\AppData\Local\Temp\pytest-of-spmohit\pytest-31\test_run_unknown_connector_kin0\loader.yaml, dry_run=False)
2026-08-26 10:16:54,673  INFO      eds_loader.cli.main  Config loaded: source=nosuchdb target=local_fs tables=(all) enforce_constraints=True schema_required=True
2026-08-26 10:16:54,673  ERROR     eds_loader.cli.main  Configuration error: Unknown connector kind 'nosuchdb'.
Known connectors: azure_blob, bigquery, elasticsearch, gcs, local_fs, mongodb, mssql, mysql, oracle, postgres, remote_fs, s3.
Run `eds-loader connectors` to see install status.
2026-08-26 10:16:54,696  INFO      eds_loader.cli.main  eds-loader run invoked (config=C:\Users\Mohit Patel\AppData\Local\Temp\pytest-of-spmohit\pytest-31\test_run_load_error_exits_30\loader.yaml, dry_run=False)
2026-08-26 10:16:54,732  INFO      eds_loader.cli.main  Config loaded: source=local_fs target=local_fs tables=(all) enforce_constraints=True schema_required=True
2026-08-26 10:16:54,733  ERROR     eds_loader.cli.main  Load failed after 0.0s: disk full
2026-08-26 10:16:54,775  INFO      eds_loader.cli.main  eds-loader run invoked (config=C:\Users\Mohit Patel\AppData\Local\Temp\pytest-of-spmohit\pytest-31\test_dry_run_exits_zero0\loader.yaml, dry_run=True)
2026-08-26 10:16:54,811  INFO      eds_loader.cli.main  Config loaded: source=local_fs target=local_fs tables=(all) enforce_constraints=True schema_required=True
2026-08-26 10:16:54,811  DEBUG     eds_loader.connectors.local_fs  Reading schema.json from C:\Users\Mohit Patel\AppData\Local\Temp\pytest-of-spmohit\pytest-31\test_dry_run_exits_zero0\source\schema.json
2026-08-26 10:16:54,815  DEBUG     eds_loader.connectors.local_fs  schema.json parsed: 2 dataset(s)
2026-08-26 10:16:54,815  INFO      eds_loader.cli.main  Dry-run: reading ['customers', 'orders'] dataset(s) from source
2026-08-26 10:16:54,822  INFO      eds_loader.connectors.local_fs  Read customers: 3 row(s) from C:\Users\Mohit Patel\AppData\Local\Temp\pytest-of-spmohit\pytest-31\test_dry_run_exits_zero0\source\customers.parquet
2026-08-26 10:16:54,827  INFO      eds_loader.connectors.local_fs  Read orders: 2 row(s) from C:\Users\Mohit Patel\AppData\Local\Temp\pytest-of-spmohit\pytest-31\test_dry_run_exits_zero0\source\orders.parquet
2026-08-26 10:16:54,828  INFO      eds_loader.cli.main  Dry-run complete: 5 row(s) across 2 dataset(s)
2026-08-26 10:16:54,859  INFO      eds_loader.cli.main  eds-loader run invoked (config=C:\Users\Mohit Patel\AppData\Local\Temp\pytest-of-spmohit\pytest-31\test_dry_run_shows_dataset_nam0\loader.yaml, dry_run=True)
2026-08-26 10:16:54,883  INFO      eds_loader.cli.main  Config loaded: source=local_fs target=local_fs tables=(all) enforce_constraints=True schema_required=True
2026-08-26 10:16:54,884  DEBUG     eds_loader.connectors.local_fs  Reading schema.json from C:\Users\Mohit Patel\AppData\Local\Temp\pytest-of-spmohit\pytest-31\test_dry_run_shows_dataset_nam0\source\schema.json
2026-08-26 10:16:54,886  DEBUG     eds_loader.connectors.local_fs  schema.json parsed: 2 dataset(s)
2026-08-26 10:16:54,886  INFO      eds_loader.cli.main  Dry-run: reading ['customers', 'orders'] dataset(s) from source
2026-08-26 10:16:54,890  INFO      eds_loader.connectors.local_fs  Read customers: 3 row(s) from C:\Users\Mohit Patel\AppData\Local\Temp\pytest-of-spmohit\pytest-31\test_dry_run_shows_dataset_nam0\source\customers.parquet
2026-08-26 10:16:54,894  INFO      eds_loader.connectors.local_fs  Read orders: 2 row(s) from C:\Users\Mohit Patel\AppData\Local\Temp\pytest-of-spmohit\pytest-31\test_dry_run_shows_dataset_nam0\source\orders.parquet
2026-08-26 10:16:54,894  INFO      eds_loader.cli.main  Dry-run complete: 5 row(s) across 2 dataset(s)
2026-08-26 10:16:54,915  INFO      eds_loader.cli.main  eds-loader run invoked (config=C:\Users\Mohit Patel\AppData\Local\Temp\pytest-of-spmohit\pytest-31\test_dry_run_shows_total_rows0\loader.yaml, dry_run=True)
2026-08-26 10:16:54,941  INFO      eds_loader.cli.main  Config loaded: source=local_fs target=local_fs tables=(all) enforce_constraints=True schema_required=True
2026-08-26 10:16:54,941  DEBUG     eds_loader.connectors.local_fs  Reading schema.json from C:\Users\Mohit Patel\AppData\Local\Temp\pytest-of-spmohit\pytest-31\test_dry_run_shows_total_rows0\source\schema.json
2026-08-26 10:16:54,944  DEBUG     eds_loader.connectors.local_fs  schema.json parsed: 2 dataset(s)
2026-08-26 10:16:54,944  INFO      eds_loader.cli.main  Dry-run: reading ['customers', 'orders'] dataset(s) from source
2026-08-26 10:16:54,949  INFO      eds_loader.connectors.local_fs  Read customers: 3 row(s) from C:\Users\Mohit Patel\AppData\Local\Temp\pytest-of-spmohit\pytest-31\test_dry_run_shows_total_rows0\source\customers.parquet
2026-08-26 10:16:54,955  INFO      eds_loader.connectors.local_fs  Read orders: 2 row(s) from C:\Users\Mohit Patel\AppData\Local\Temp\pytest-of-spmohit\pytest-31\test_dry_run_shows_total_rows0\source\orders.parquet
2026-08-26 10:16:54,956  INFO      eds_loader.cli.main  Dry-run complete: 5 row(s) across 2 dataset(s)
2026-08-26 10:16:54,985  INFO      eds_loader.cli.main  eds-loader run invoked (config=C:\Users\Mohit Patel\AppData\Local\Temp\pytest-of-spmohit\pytest-31\test_dry_run_does_not_write_ta0\loader.yaml, dry_run=True)
2026-08-26 10:16:55,009  INFO      eds_loader.cli.main  Config loaded: source=local_fs target=local_fs tables=(all) enforce_constraints=True schema_required=True
2026-08-26 10:16:55,010  DEBUG     eds_loader.connectors.local_fs  Reading schema.json from C:\Users\Mohit Patel\AppData\Local\Temp\pytest-of-spmohit\pytest-31\test_dry_run_does_not_write_ta0\source\schema.json
2026-08-26 10:16:55,013  DEBUG     eds_loader.connectors.local_fs  schema.json parsed: 2 dataset(s)
2026-08-26 10:16:55,013  INFO      eds_loader.cli.main  Dry-run: reading ['customers', 'orders'] dataset(s) from source
2026-08-26 10:16:55,019  INFO      eds_loader.connectors.local_fs  Read customers: 3 row(s) from C:\Users\Mohit Patel\AppData\Local\Temp\pytest-of-spmohit\pytest-31\test_dry_run_does_not_write_ta0\source\customers.parquet
2026-08-26 10:16:55,023  INFO      eds_loader.connectors.local_fs  Read orders: 2 row(s) from C:\Users\Mohit Patel\AppData\Local\Temp\pytest-of-spmohit\pytest-31\test_dry_run_does_not_write_ta0\source\orders.parquet
2026-08-26 10:16:55,023  INFO      eds_loader.cli.main  Dry-run complete: 5 row(s) across 2 dataset(s)
2026-08-26 10:16:55,055  INFO      eds_loader.cli.main  eds-loader run invoked (config=C:\Users\Mohit Patel\AppData\Local\Temp\pytest-of-spmohit\pytest-31\test_dry_run_shows_dry_run_hea0\loader.yaml, dry_run=True)
2026-08-26 10:16:55,079  INFO      eds_loader.cli.main  Config loaded: source=local_fs target=local_fs tables=(all) enforce_constraints=True schema_required=True
2026-08-26 10:16:55,080  DEBUG     eds_loader.connectors.local_fs  Reading schema.json from C:\Users\Mohit Patel\AppData\Local\Temp\pytest-of-spmohit\pytest-31\test_dry_run_shows_dry_run_hea0\source\schema.json
2026-08-26 10:16:55,081  DEBUG     eds_loader.connectors.local_fs  schema.json parsed: 2 dataset(s)
2026-08-26 10:16:55,082  INFO      eds_loader.cli.main  Dry-run: reading ['customers', 'orders'] dataset(s) from source
2026-08-26 10:16:55,087  INFO      eds_loader.connectors.local_fs  Read customers: 3 row(s) from C:\Users\Mohit Patel\AppData\Local\Temp\pytest-of-spmohit\pytest-31\test_dry_run_shows_dry_run_hea0\source\customers.parquet
2026-08-26 10:16:55,090  INFO      eds_loader.connectors.local_fs  Read orders: 2 row(s) from C:\Users\Mohit Patel\AppData\Local\Temp\pytest-of-spmohit\pytest-31\test_dry_run_shows_dry_run_hea0\source\orders.parquet
2026-08-26 10:16:55,090  INFO      eds_loader.cli.main  Dry-run complete: 5 row(s) across 2 dataset(s)
2026-08-26 10:16:55,116  INFO      eds_loader.cli.main  eds-loader run invoked (config=C:\Users\Mohit Patel\AppData\Local\Temp\pytest-of-spmohit\pytest-31\test_dry_run_source_error_exit0\loader.yaml, dry_run=True)
2026-08-26 10:16:55,138  INFO      eds_loader.cli.main  Config loaded: source=local_fs target=local_fs tables=(all) enforce_constraints=True schema_required=True
2026-08-26 10:16:55,139  ERROR     eds_loader.cli.main  Dry-run read failed: source down
2026-08-26 10:16:55,194  DEBUG     eds_loader.connectors.local_fs  Reading schema.json from C:\Users\Mohit Patel\AppData\Local\Temp\pytest-of-spmohit\pytest-31\test_validate_good_config_exit0\source\schema.json
2026-08-26 10:16:55,197  DEBUG     eds_loader.connectors.local_fs  schema.json parsed: 2 dataset(s)
2026-08-26 10:16:55,248  DEBUG     eds_loader.connectors.local_fs  Reading schema.json from C:\Users\Mohit Patel\AppData\Local\Temp\pytest-of-spmohit\pytest-31\test_validate_prints_checkmark0\source\schema.json
2026-08-26 10:16:55,251  DEBUG     eds_loader.connectors.local_fs  schema.json parsed: 2 dataset(s)
2026-08-26 10:16:55,307  DEBUG     eds_loader.connectors.local_fs  Reading schema.json from C:\Users\Mohit Patel\AppData\Local\Temp\pytest-of-spmohit\pytest-31\test_validate_shows_dataset_co0\source\schema.json
2026-08-26 10:16:55,310  DEBUG     eds_loader.connectors.local_fs  schema.json parsed: 2 dataset(s)
2026-08-26 10:16:55,518  DEBUG     eds_loader.connectors.local_fs  Reading schema.json from C:\Users\Mohit Patel\AppData\Local\Temp\pytest-of-spmohit\pytest-31\test_validate_shows_connector_0\source\schema.json
2026-08-26 10:16:55,522  DEBUG     eds_loader.connectors.local_fs  schema.json parsed: 2 dataset(s)
2026-08-26 10:16:56,397  INFO      eds_loader.loader  Read 2 dataset(s) from source
2026-08-26 10:16:56,401  INFO      eds_loader.connectors.local_fs  Wrote customers: 3 row(s) to C:\Users\Mohit Patel\AppData\Local\Temp\pytest-of-spmohit\pytest-31\test_integration_gcs_source_vi0\target\customers.parquet
2026-08-26 10:16:56,404  INFO      eds_loader.connectors.local_fs  Wrote orders: 2 row(s) to C:\Users\Mohit Patel\AppData\Local\Temp\pytest-of-spmohit\pytest-31\test_integration_gcs_source_vi0\target\orders.parquet
2026-08-26 10:16:56,404  DEBUG     eds_loader.connectors.local_fs  Merging schema.json at target
2026-08-26 10:16:56,407  INFO      eds_loader.loader  Load complete: 5 row(s) written
2026-08-26 10:16:56,413  INFO      eds_loader.loader  Read 2 dataset(s) from source
2026-08-26 10:16:56,414  INFO      eds_loader.loader  Load complete: 3 row(s) written
2026-08-26 10:16:56,419  INFO      eds_loader.loader  Read 2 dataset(s) from source
2026-08-26 10:16:56,420  INFO      eds_loader.loader  Load complete: 3 row(s) written
2026-08-26 10:16:56,425  INFO      eds_loader.loader  Read 2 dataset(s) from source
2026-08-26 10:16:56,426  INFO      eds_loader.loader  Load complete: 3 row(s) written
2026-08-26 10:16:56,431  INFO      eds_loader.loader  Read 2 dataset(s) from source
2026-08-26 10:16:56,431  INFO      eds_loader.loader  Load complete: 3 row(s) written
2026-08-26 10:16:56,435  INFO      eds_loader.loader  Read 1 dataset(s) from source
2026-08-26 10:16:56,436  INFO      eds_loader.loader  Load complete: 1 row(s) written
2026-08-26 10:16:56,464  DEBUG     eds_loader.connectors.local_fs  Reading schema.json from C:\Users\Mohit Patel\AppData\Local\Temp\pytest-of-spmohit\pytest-31\test_read_schema_metadata_retu0\schema.json
2026-08-26 10:16:56,483  DEBUG     eds_loader.connectors.local_fs  schema.json parsed: 2 dataset(s)
2026-08-26 10:16:56,494  DEBUG     eds_loader.connectors.local_fs  Reading schema.json from C:\Users\Mohit Patel\AppData\Local\Temp\pytest-of-spmohit\pytest-31\test_read_schema_metadata_cont0\schema.json
2026-08-26 10:16:56,496  DEBUG     eds_loader.connectors.local_fs  schema.json parsed: 2 dataset(s)
2026-08-26 10:16:56,511  DEBUG     eds_loader.connectors.local_fs  Reading schema.json from C:\Users\Mohit Patel\AppData\Local\Temp\pytest-of-spmohit\pytest-31\test_read_schema_metadata_corr0\schema.json
2026-08-26 10:16:56,535  DEBUG     eds_loader.connectors.local_fs  Reading schema.json from C:\Users\Mohit Patel\AppData\Local\Temp\pytest-of-spmohit\pytest-31\test_read_schema_metadata_empt0\schema.json
2026-08-26 10:16:56,545  DEBUG     eds_loader.connectors.local_fs  Auto-discovered 2 parquet file(s) in C:\Users\Mohit Patel\AppData\Local\Temp\pytest-of-spmohit\pytest-31\test_read_datasets_none_reads_0
2026-08-26 10:16:56,564  INFO      eds_loader.connectors.local_fs  Read customers: 3 row(s) from C:\Users\Mohit Patel\AppData\Local\Temp\pytest-of-spmohit\pytest-31\test_read_datasets_none_reads_0\customers.parquet
2026-08-26 10:16:56,587  INFO      eds_loader.connectors.local_fs  Read orders: 2 row(s) from C:\Users\Mohit Patel\AppData\Local\Temp\pytest-of-spmohit\pytest-31\test_read_datasets_none_reads_0\orders.parquet
2026-08-26 10:16:56,598  DEBUG     eds_loader.connectors.local_fs  Auto-discovered 1 parquet file(s) in C:\Users\Mohit Patel\AppData\Local\Temp\pytest-of-spmohit\pytest-31\test_read_datasets_none_ignore0
2026-08-26 10:16:56,620  INFO      eds_loader.connectors.local_fs  Read data: 1 row(s) from C:\Users\Mohit Patel\AppData\Local\Temp\pytest-of-spmohit\pytest-31\test_read_datasets_none_ignore0\data.parquet
2026-08-26 10:16:56,631  DEBUG     eds_loader.connectors.local_fs  Auto-discovered 2 parquet file(s) in C:\Users\Mohit Patel\AppData\Local\Temp\pytest-of-spmohit\pytest-31\test_read_datasets_none_return0
2026-08-26 10:16:56,636  INFO      eds_loader.connectors.local_fs  Read customers: 3 row(s) from C:\Users\Mohit Patel\AppData\Local\Temp\pytest-of-spmohit\pytest-31\test_read_datasets_none_return0\customers.parquet
2026-08-26 10:16:56,639  INFO      eds_loader.connectors.local_fs  Read orders: 2 row(s) from C:\Users\Mohit Patel\AppData\Local\Temp\pytest-of-spmohit\pytest-31\test_read_datasets_none_return0\orders.parquet
2026-08-26 10:16:56,644  DEBUG     eds_loader.connectors.local_fs  Auto-discovered 0 parquet file(s) in C:\Users\Mohit Patel\AppData\Local\Temp\pytest-of-spmohit\pytest-31\test_read_datasets_none_empty_0
2026-08-26 10:16:56,659  INFO      eds_loader.connectors.local_fs  Read customers: 3 row(s) from C:\Users\Mohit Patel\AppData\Local\Temp\pytest-of-spmohit\pytest-31\test_read_datasets_explicit_na0\customers.parquet
2026-08-26 10:16:56,675  INFO      eds_loader.connectors.local_fs  Read customers: 3 row(s) from C:\Users\Mohit Patel\AppData\Local\Temp\pytest-of-spmohit\pytest-31\test_read_datasets_explicit_pr0\customers.parquet
2026-08-26 10:16:56,705  INFO      eds_loader.connectors.local_fs  Read customers: 3 row(s) from C:\Users\Mohit Patel\AppData\Local\Temp\pytest-of-spmohit\pytest-31\test_read_datasets_one_missing0\customers.parquet
2026-08-26 10:16:56,715  INFO      eds_loader.connectors.local_fs  Wrote customers: 3 row(s) to C:\Users\Mohit Patel\AppData\Local\Temp\pytest-of-spmohit\pytest-31\test_write_datasets_creates_di0\deep\nested\dir\customers.parquet
2026-08-26 10:16:56,718  INFO      eds_loader.connectors.local_fs  Wrote orders: 2 row(s) to C:\Users\Mohit Patel\AppData\Local\Temp\pytest-of-spmohit\pytest-31\test_write_datasets_creates_di0\deep\nested\dir\orders.parquet
2026-08-26 10:16:56,728  INFO      eds_loader.connectors.local_fs  Wrote customers: 3 row(s) to C:\Users\Mohit Patel\AppData\Local\Temp\pytest-of-spmohit\pytest-31\test_write_datasets_writes_par0\customers.parquet
2026-08-26 10:16:56,730  INFO      eds_loader.connectors.local_fs  Wrote orders: 2 row(s) to C:\Users\Mohit Patel\AppData\Local\Temp\pytest-of-spmohit\pytest-31\test_write_datasets_writes_par0\orders.parquet
2026-08-26 10:16:56,739  INFO      eds_loader.connectors.local_fs  Wrote customers: 3 row(s) to C:\Users\Mohit Patel\AppData\Local\Temp\pytest-of-spmohit\pytest-31\test_write_datasets_returns_on0\customers.parquet
2026-08-26 10:16:56,741  INFO      eds_loader.connectors.local_fs  Wrote orders: 2 row(s) to C:\Users\Mohit Patel\AppData\Local\Temp\pytest-of-spmohit\pytest-31\test_write_datasets_returns_on0\orders.parquet
2026-08-26 10:16:56,750  INFO      eds_loader.connectors.local_fs  Wrote customers: 3 row(s) to C:\Users\Mohit Patel\AppData\Local\Temp\pytest-of-spmohit\pytest-31\test_write_datasets_result_row0\customers.parquet
2026-08-26 10:16:56,752  INFO      eds_loader.connectors.local_fs  Wrote orders: 2 row(s) to C:\Users\Mohit Patel\AppData\Local\Temp\pytest-of-spmohit\pytest-31\test_write_datasets_result_row0\orders.parquet
2026-08-26 10:16:56,762  INFO      eds_loader.connectors.local_fs  Wrote customers: 3 row(s) to C:\Users\Mohit Patel\AppData\Local\Temp\pytest-of-spmohit\pytest-31\test_write_datasets_result_loc0\customers.parquet
2026-08-26 10:16:56,764  INFO      eds_loader.connectors.local_fs  Wrote orders: 2 row(s) to C:\Users\Mohit Patel\AppData\Local\Temp\pytest-of-spmohit\pytest-31\test_write_datasets_result_loc0\orders.parquet
2026-08-26 10:16:56,774  INFO      eds_loader.connectors.local_fs  Wrote data: 3 row(s) to C:\Users\Mohit Patel\AppData\Local\Temp\pytest-of-spmohit\pytest-31\test_write_datasets_overwrites0\data.parquet
2026-08-26 10:16:56,776  INFO      eds_loader.connectors.local_fs  Wrote data: 1 row(s) to C:\Users\Mohit Patel\AppData\Local\Temp\pytest-of-spmohit\pytest-31\test_write_datasets_overwrites0\data.parquet
2026-08-26 10:16:56,809  INFO      eds_loader.connectors.local_fs  Wrote customers: 3 row(s) to C:\Users\Mohit Patel\AppData\Local\Temp\pytest-of-spmohit\pytest-31\test_write_datasets_writes_sch0\customers.parquet
2026-08-26 10:16:56,811  INFO      eds_loader.connectors.local_fs  Wrote orders: 2 row(s) to C:\Users\Mohit Patel\AppData\Local\Temp\pytest-of-spmohit\pytest-31\test_write_datasets_writes_sch0\orders.parquet
2026-08-26 10:16:56,811  DEBUG     eds_loader.connectors.local_fs  Merging schema.json at target
2026-08-26 10:16:56,840  INFO      eds_loader.connectors.local_fs  Wrote customers: 3 row(s) to C:\Users\Mohit Patel\AppData\Local\Temp\pytest-of-spmohit\pytest-31\test_write_datasets_skips_sche0\customers.parquet
2026-08-26 10:16:56,842  INFO      eds_loader.connectors.local_fs  Wrote orders: 2 row(s) to C:\Users\Mohit Patel\AppData\Local\Temp\pytest-of-spmohit\pytest-31\test_write_datasets_skips_sche0\orders.parquet
2026-08-26 10:16:56,852  INFO      eds_loader.connectors.local_fs  Wrote customers: 3 row(s) to C:\Users\Mohit Patel\AppData\Local\Temp\pytest-of-spmohit\pytest-31\test_write_datasets_merges_sch0\customers.parquet
2026-08-26 10:16:56,855  INFO      eds_loader.connectors.local_fs  Wrote orders: 2 row(s) to C:\Users\Mohit Patel\AppData\Local\Temp\pytest-of-spmohit\pytest-31\test_write_datasets_merges_sch0\orders.parquet
2026-08-26 10:16:56,855  DEBUG     eds_loader.connectors.local_fs  Merging schema.json at target
2026-08-26 10:16:56,916  INFO      eds_loader.connectors.local_fs  Wrote customers: 3 row(s) to C:\Users\Mohit Patel\AppData\Local\Temp\pytest-of-spmohit\pytest-31\test_write_datasets_corrupt_ex0\customers.parquet
2026-08-26 10:16:56,918  INFO      eds_loader.connectors.local_fs  Wrote orders: 2 row(s) to C:\Users\Mohit Patel\AppData\Local\Temp\pytest-of-spmohit\pytest-31\test_write_datasets_corrupt_ex0\orders.parquet
2026-08-26 10:16:56,918  DEBUG     eds_loader.connectors.local_fs  Merging schema.json at target
2026-08-26 10:16:56,952  INFO      eds_loader.connectors.local_fs  Wrote customers: 3 row(s) to C:\Users\Mohit Patel\AppData\Local\Temp\pytest-of-spmohit\pytest-31\test_round_trip_dataframes_mat0\customers.parquet
2026-08-26 10:16:56,954  INFO      eds_loader.connectors.local_fs  Wrote orders: 2 row(s) to C:\Users\Mohit Patel\AppData\Local\Temp\pytest-of-spmohit\pytest-31\test_round_trip_dataframes_mat0\orders.parquet
2026-08-26 10:16:56,955  DEBUG     eds_loader.connectors.local_fs  Merging schema.json at target
2026-08-26 10:16:56,960  INFO      eds_loader.connectors.local_fs  Read customers: 3 row(s) from C:\Users\Mohit Patel\AppData\Local\Temp\pytest-of-spmohit\pytest-31\test_round_trip_dataframes_mat0\customers.parquet
2026-08-26 10:16:56,963  INFO      eds_loader.connectors.local_fs  Read orders: 2 row(s) from C:\Users\Mohit Patel\AppData\Local\Temp\pytest-of-spmohit\pytest-31\test_round_trip_dataframes_mat0\orders.parquet
2026-08-26 10:16:56,975  INFO      eds_loader.connectors.local_fs  Wrote customers: 3 row(s) to C:\Users\Mohit Patel\AppData\Local\Temp\pytest-of-spmohit\pytest-31\test_round_trip_schema_survive0\customers.parquet
2026-08-26 10:16:56,977  INFO      eds_loader.connectors.local_fs  Wrote orders: 2 row(s) to C:\Users\Mohit Patel\AppData\Local\Temp\pytest-of-spmohit\pytest-31\test_round_trip_schema_survive0\orders.parquet
2026-08-26 10:16:56,977  DEBUG     eds_loader.connectors.local_fs  Merging schema.json at target
2026-08-26 10:16:56,978  DEBUG     eds_loader.connectors.local_fs  Reading schema.json from C:\Users\Mohit Patel\AppData\Local\Temp\pytest-of-spmohit\pytest-31\test_round_trip_schema_survive0\schema.json
2026-08-26 10:16:56,980  DEBUG     eds_loader.connectors.local_fs  schema.json parsed: 2 dataset(s)
2026-08-26 10:16:56,994  DEBUG     eds_loader.connectors.local_fs  Reading schema.json from C:\Users\Mohit Patel\AppData\Local\Temp\pytest-of-spmohit\pytest-31\test_integration_local_to_loca0\schema.json
2026-08-26 10:16:56,996  DEBUG     eds_loader.connectors.local_fs  schema.json parsed: 2 dataset(s)
2026-08-26 10:16:57,002  INFO      eds_loader.connectors.local_fs  Read customers: 3 row(s) from C:\Users\Mohit Patel\AppData\Local\Temp\pytest-of-spmohit\pytest-31\test_integration_local_to_loca0\customers.parquet
2026-08-26 10:16:57,005  INFO      eds_loader.connectors.local_fs  Read orders: 2 row(s) from C:\Users\Mohit Patel\AppData\Local\Temp\pytest-of-spmohit\pytest-31\test_integration_local_to_loca0\orders.parquet
2026-08-26 10:16:57,006  INFO      eds_loader.loader  Read 2 dataset(s) from source
2026-08-26 10:16:57,009  INFO      eds_loader.connectors.local_fs  Wrote customers: 3 row(s) to C:\Users\Mohit Patel\AppData\Local\Temp\pytest-of-spmohit\pytest-31\test_integration_local_to_loca0\target\customers.parquet
2026-08-26 10:16:57,010  INFO      eds_loader.connectors.local_fs  Wrote orders: 2 row(s) to C:\Users\Mohit Patel\AppData\Local\Temp\pytest-of-spmohit\pytest-31\test_integration_local_to_loca0\target\orders.parquet
2026-08-26 10:16:57,011  DEBUG     eds_loader.connectors.local_fs  Merging schema.json at target
2026-08-26 10:16:57,012  INFO      eds_loader.loader  Load complete: 5 row(s) written
2026-08-26 10:16:57,027  DEBUG     eds_loader.connectors.local_fs  Reading schema.json from C:\Users\Mohit Patel\AppData\Local\Temp\pytest-of-spmohit\pytest-31\test_integration_table_subset_0\schema.json
2026-08-26 10:16:57,031  DEBUG     eds_loader.connectors.local_fs  schema.json parsed: 2 dataset(s)
2026-08-26 10:16:57,036  INFO      eds_loader.connectors.local_fs  Read customers: 3 row(s) from C:\Users\Mohit Patel\AppData\Local\Temp\pytest-of-spmohit\pytest-31\test_integration_table_subset_0\customers.parquet
2026-08-26 10:16:57,036  INFO      eds_loader.loader  Read 1 dataset(s) from source
2026-08-26 10:16:57,039  INFO      eds_loader.connectors.local_fs  Wrote customers: 3 row(s) to C:\Users\Mohit Patel\AppData\Local\Temp\pytest-of-spmohit\pytest-31\test_integration_table_subset_0\target_subset\customers.parquet
2026-08-26 10:16:57,040  DEBUG     eds_loader.connectors.local_fs  Merging schema.json at target
2026-08-26 10:16:57,041  INFO      eds_loader.loader  Load complete: 3 row(s) written
2026-08-26 10:16:57,057  DEBUG     eds_loader.connectors.local_fs  Reading schema.json from C:\Users\Mohit Patel\AppData\Local\Temp\pytest-of-spmohit\pytest-31\test_integration_schema_json_w0\schema.json
2026-08-26 10:16:57,060  DEBUG     eds_loader.connectors.local_fs  schema.json parsed: 2 dataset(s)
2026-08-26 10:16:57,065  INFO      eds_loader.connectors.local_fs  Read customers: 3 row(s) from C:\Users\Mohit Patel\AppData\Local\Temp\pytest-of-spmohit\pytest-31\test_integration_schema_json_w0\customers.parquet
2026-08-26 10:16:57,070  INFO      eds_loader.connectors.local_fs  Read orders: 2 row(s) from C:\Users\Mohit Patel\AppData\Local\Temp\pytest-of-spmohit\pytest-31\test_integration_schema_json_w0\orders.parquet
2026-08-26 10:16:57,070  INFO      eds_loader.loader  Read 2 dataset(s) from source
2026-08-26 10:16:57,072  INFO      eds_loader.connectors.local_fs  Wrote customers: 3 row(s) to C:\Users\Mohit Patel\AppData\Local\Temp\pytest-of-spmohit\pytest-31\test_integration_schema_json_w0\target_schema\customers.parquet
2026-08-26 10:16:57,074  INFO      eds_loader.connectors.local_fs  Wrote orders: 2 row(s) to C:\Users\Mohit Patel\AppData\Local\Temp\pytest-of-spmohit\pytest-31\test_integration_schema_json_w0\target_schema\orders.parquet
2026-08-26 10:16:57,074  DEBUG     eds_loader.connectors.local_fs  Merging schema.json at target
2026-08-26 10:16:57,075  INFO      eds_loader.loader  Load complete: 5 row(s) written
2026-08-26 10:16:57,090  DEBUG     eds_loader.connectors.local_fs  Reading schema.json from C:\Users\Mohit Patel\AppData\Local\Temp\pytest-of-spmohit\pytest-31\test_integration_schema_json_n0\schema.json
2026-08-26 10:16:57,092  DEBUG     eds_loader.connectors.local_fs  schema.json parsed: 2 dataset(s)
2026-08-26 10:16:57,096  INFO      eds_loader.connectors.local_fs  Read customers: 3 row(s) from C:\Users\Mohit Patel\AppData\Local\Temp\pytest-of-spmohit\pytest-31\test_integration_schema_json_n0\customers.parquet
2026-08-26 10:16:57,101  INFO      eds_loader.connectors.local_fs  Read orders: 2 row(s) from C:\Users\Mohit Patel\AppData\Local\Temp\pytest-of-spmohit\pytest-31\test_integration_schema_json_n0\orders.parquet
2026-08-26 10:16:57,101  INFO      eds_loader.loader  Read 2 dataset(s) from source
2026-08-26 10:16:57,104  INFO      eds_loader.connectors.local_fs  Wrote customers: 3 row(s) to C:\Users\Mohit Patel\AppData\Local\Temp\pytest-of-spmohit\pytest-31\test_integration_schema_json_n0\target_no_schema\customers.parquet
2026-08-26 10:16:57,106  INFO      eds_loader.connectors.local_fs  Wrote orders: 2 row(s) to C:\Users\Mohit Patel\AppData\Local\Temp\pytest-of-spmohit\pytest-31\test_integration_schema_json_n0\target_no_schema\orders.parquet
2026-08-26 10:16:57,107  INFO      eds_loader.loader  Load complete: 5 row(s) written
2026-08-26 10:16:57,133  INFO      eds_loader.connectors.mongodb  Connected to MongoDB localhost:27017/test_db
2026-08-26 10:16:57,134  DEBUG     eds_loader.connectors.mongodb  [customers] dropping existing collection
2026-08-26 10:16:57,135  DEBUG     eds_loader.connectors.mongodb  [customers] inserting 3 document(s)
2026-08-26 10:16:57,137  INFO      eds_loader.connectors.mongodb  [customers] wrote 3 document(s) in 0.00s
2026-08-26 10:16:57,137  DEBUG     eds_loader.connectors.mongodb  [orders] dropping existing collection
2026-08-26 10:16:57,137  DEBUG     eds_loader.connectors.mongodb  [orders] inserting 2 document(s)
2026-08-26 10:16:57,138  INFO      eds_loader.connectors.mongodb  [orders] wrote 2 document(s) in 0.00s
2026-08-26 10:16:57,140  INFO      eds_loader.connectors.mongodb  Connected to MongoDB localhost:27017/test_db
2026-08-26 10:16:57,140  DEBUG     eds_loader.connectors.mongodb  [data] dropping existing collection
2026-08-26 10:16:57,140  DEBUG     eds_loader.connectors.mongodb  [data] inserting 2 document(s)
2026-08-26 10:16:57,141  INFO      eds_loader.connectors.mongodb  [data] wrote 2 document(s) in 0.00s
2026-08-26 10:16:57,143  INFO      eds_loader.connectors.mongodb  Connected to MongoDB localhost:27017/test_db
2026-08-26 10:16:57,143  DEBUG     eds_loader.connectors.mongodb  [t] dropping existing collection
2026-08-26 10:16:57,144  DEBUG     eds_loader.connectors.mongodb  [t] inserting 1 document(s)
2026-08-26 10:16:57,144  INFO      eds_loader.connectors.mongodb  [t] wrote 1 document(s) in 0.00s
2026-08-26 10:16:57,147  INFO      eds_loader.connectors.mongodb  Connected to MongoDB localhost:27017/test_db
2026-08-26 10:16:57,147  DEBUG     eds_loader.connectors.mongodb  [empty] dropping existing collection
2026-08-26 10:16:57,148  INFO      eds_loader.connectors.mongodb  [empty] wrote 0 document(s) in 0.00s
2026-08-26 10:16:57,151  INFO      eds_loader.connectors.mongodb  Connected to MongoDB localhost:27017/test_db
2026-08-26 10:16:57,151  DEBUG     eds_loader.connectors.mongodb  [empty] dropping existing collection
2026-08-26 10:16:57,152  INFO      eds_loader.connectors.mongodb  [empty] wrote 0 document(s) in 0.00s
2026-08-26 10:16:57,155  INFO      eds_loader.connectors.mongodb  Connected to MongoDB localhost:27017/test_db
2026-08-26 10:16:57,155  DEBUG     eds_loader.connectors.mongodb  [customers] dropping existing collection
2026-08-26 10:16:57,156  DEBUG     eds_loader.connectors.mongodb  [customers] inserting 3 document(s)
2026-08-26 10:16:57,156  INFO      eds_loader.connectors.mongodb  [customers] wrote 3 document(s) in 0.00s
2026-08-26 10:16:57,156  DEBUG     eds_loader.connectors.mongodb  [orders] dropping existing collection
2026-08-26 10:16:57,156  DEBUG     eds_loader.connectors.mongodb  [orders] inserting 2 document(s)
2026-08-26 10:16:57,157  INFO      eds_loader.connectors.mongodb  [orders] wrote 2 document(s) in 0.00s
2026-08-26 10:16:57,159  INFO      eds_loader.connectors.mongodb  Connected to MongoDB localhost:27017/test_db
2026-08-26 10:16:57,160  DEBUG     eds_loader.connectors.mongodb  [customers] dropping existing collection
2026-08-26 10:16:57,160  DEBUG     eds_loader.connectors.mongodb  [customers] inserting 3 document(s)
2026-08-26 10:16:57,160  INFO      eds_loader.connectors.mongodb  [customers] wrote 3 document(s) in 0.00s
2026-08-26 10:16:57,160  DEBUG     eds_loader.connectors.mongodb  [orders] dropping existing collection
2026-08-26 10:16:57,161  DEBUG     eds_loader.connectors.mongodb  [orders] inserting 2 document(s)
2026-08-26 10:16:57,161  INFO      eds_loader.connectors.mongodb  [orders] wrote 2 document(s) in 0.00s
2026-08-26 10:16:57,163  INFO      eds_loader.connectors.mongodb  Connected to MongoDB mgserver:27020/mydb
2026-08-26 10:16:57,164  DEBUG     eds_loader.connectors.mongodb  [tbl] dropping existing collection
2026-08-26 10:16:57,164  DEBUG     eds_loader.connectors.mongodb  [tbl] inserting 1 document(s)
2026-08-26 10:16:57,166  INFO      eds_loader.connectors.mongodb  [tbl] wrote 1 document(s) in 0.00s
2026-08-26 10:16:57,170  INFO      eds_loader.connectors.mongodb  Connected to MongoDB localhost:27017/test_db
2026-08-26 10:16:57,170  DEBUG     eds_loader.connectors.mongodb  [z] dropping existing collection
2026-08-26 10:16:57,171  DEBUG     eds_loader.connectors.mongodb  [z] inserting 1 document(s)
2026-08-26 10:16:57,171  INFO      eds_loader.connectors.mongodb  [z] wrote 1 document(s) in 0.00s
2026-08-26 10:16:57,172  DEBUG     eds_loader.connectors.mongodb  [a] dropping existing collection
2026-08-26 10:16:57,172  DEBUG     eds_loader.connectors.mongodb  [a] inserting 1 document(s)
2026-08-26 10:16:57,173  INFO      eds_loader.connectors.mongodb  [a] wrote 1 document(s) in 0.00s
2026-08-26 10:16:57,176  INFO      eds_loader.connectors.mongodb  Connected to MongoDB localhost:27017/test_db
2026-08-26 10:16:57,177  DEBUG     eds_loader.connectors.mongodb  [orders] dropping existing collection
2026-08-26 10:16:57,177  DEBUG     eds_loader.connectors.mongodb  [orders] inserting 1 document(s)
2026-08-26 10:16:57,177  DEBUG     eds_loader.connectors.mongodb  [orders] creating indexes from schema metadata
2026-08-26 10:16:57,178  INFO      eds_loader.connectors.mongodb  [orders] wrote 1 document(s) in 0.00s
2026-08-26 10:16:57,178  DEBUG     eds_loader.connectors.mongodb  [customers] dropping existing collection
2026-08-26 10:16:57,178  DEBUG     eds_loader.connectors.mongodb  [customers] inserting 1 document(s)
2026-08-26 10:16:57,179  DEBUG     eds_loader.connectors.mongodb  [customers] creating indexes from schema metadata
2026-08-26 10:16:57,179  INFO      eds_loader.connectors.mongodb  [customers] wrote 1 document(s) in 0.00s
2026-08-26 10:16:57,188  INFO      eds_loader.connectors.mongodb  Connected to MongoDB localhost:27017/test_db
2026-08-26 10:16:57,188  DEBUG     eds_loader.connectors.mongodb  [customers] dropping existing collection
2026-08-26 10:16:57,188  DEBUG     eds_loader.connectors.mongodb  [customers] inserting 1 document(s)
2026-08-26 10:16:57,189  DEBUG     eds_loader.connectors.mongodb  [customers] creating indexes from schema metadata
2026-08-26 10:16:57,189  INFO      eds_loader.connectors.mongodb  [customers] wrote 1 document(s) in 0.00s
2026-08-26 10:16:57,191  INFO      eds_loader.connectors.mongodb  Connected to MongoDB localhost:27017/test_db
2026-08-26 10:16:57,191  DEBUG     eds_loader.connectors.mongodb  [customers] dropping existing collection
2026-08-26 10:16:57,192  DEBUG     eds_loader.connectors.mongodb  [customers] inserting 1 document(s)
2026-08-26 10:16:57,192  DEBUG     eds_loader.connectors.mongodb  [customers] creating indexes from schema metadata
2026-08-26 10:16:57,193  INFO      eds_loader.connectors.mongodb  [customers] wrote 1 document(s) in 0.00s
2026-08-26 10:16:57,195  INFO      eds_loader.connectors.mongodb  Connected to MongoDB localhost:27017/test_db
2026-08-26 10:16:57,195  DEBUG     eds_loader.connectors.mongodb  [orders] dropping existing collection
2026-08-26 10:16:57,195  DEBUG     eds_loader.connectors.mongodb  [orders] inserting 1 document(s)
2026-08-26 10:16:57,195  DEBUG     eds_loader.connectors.mongodb  [orders] creating indexes from schema metadata
2026-08-26 10:16:57,196  INFO      eds_loader.connectors.mongodb  [orders] wrote 1 document(s) in 0.00s
2026-08-26 10:16:57,198  INFO      eds_loader.connectors.mongodb  Connected to MongoDB localhost:27017/test_db
2026-08-26 10:16:57,198  DEBUG     eds_loader.connectors.mongodb  [customers] dropping existing collection
2026-08-26 10:16:57,198  DEBUG     eds_loader.connectors.mongodb  [customers] inserting 1 document(s)
2026-08-26 10:16:57,199  INFO      eds_loader.connectors.mongodb  [customers] wrote 1 document(s) in 0.00s
2026-08-26 10:16:57,217  INFO      eds_loader.connectors.mongodb  Connected to MongoDB localhost:27017/test_db
2026-08-26 10:16:57,217  DEBUG     eds_loader.connectors.mongodb  [t] dropping existing collection
2026-08-26 10:16:57,217  ERROR     eds_loader.connectors.mongodb  [t] write failed: network error
2026-08-26 10:16:57,220  INFO      eds_loader.connectors.mongodb  Connected to MongoDB localhost:27017/test_db
2026-08-26 10:16:57,221  DEBUG     eds_loader.connectors.mongodb  [t] dropping existing collection
2026-08-26 10:16:57,221  DEBUG     eds_loader.connectors.mongodb  [t] inserting 1 document(s)
2026-08-26 10:16:57,221  ERROR     eds_loader.connectors.mongodb  [t] write failed: duplicate key
2026-08-26 10:16:57,242  DEBUG     eds_loader.connectors.local_fs  Reading schema.json from C:\Users\Mohit Patel\AppData\Local\Temp\pytest-of-spmohit\pytest-31\test_integration_local_fs_to_m0\source\schema.json
2026-08-26 10:16:57,272  DEBUG     eds_loader.connectors.local_fs  schema.json parsed: 2 dataset(s)
2026-08-26 10:16:57,301  INFO      eds_loader.connectors.local_fs  Read customers: 3 row(s) from C:\Users\Mohit Patel\AppData\Local\Temp\pytest-of-spmohit\pytest-31\test_integration_local_fs_to_m0\source\customers.parquet
2026-08-26 10:16:57,322  INFO      eds_loader.connectors.local_fs  Read orders: 2 row(s) from C:\Users\Mohit Patel\AppData\Local\Temp\pytest-of-spmohit\pytest-31\test_integration_local_fs_to_m0\source\orders.parquet
2026-08-26 10:16:57,323  INFO      eds_loader.loader  Read 2 dataset(s) from source
2026-08-26 10:16:57,323  INFO      eds_loader.connectors.mongodb  Connected to MongoDB localhost:27017/test_db
2026-08-26 10:16:57,323  DEBUG     eds_loader.connectors.mongodb  [customers] dropping existing collection
2026-08-26 10:16:57,324  DEBUG     eds_loader.connectors.mongodb  [customers] inserting 3 document(s)
2026-08-26 10:16:57,325  DEBUG     eds_loader.connectors.mongodb  [customers] creating indexes from schema metadata
2026-08-26 10:16:57,325  INFO      eds_loader.connectors.mongodb  [customers] wrote 3 document(s) in 0.00s
2026-08-26 10:16:57,325  DEBUG     eds_loader.connectors.mongodb  [orders] dropping existing collection
2026-08-26 10:16:57,326  DEBUG     eds_loader.connectors.mongodb  [orders] inserting 2 document(s)
2026-08-26 10:16:57,326  DEBUG     eds_loader.connectors.mongodb  [orders] creating indexes from schema metadata
2026-08-26 10:16:57,326  INFO      eds_loader.connectors.mongodb  [orders] wrote 2 document(s) in 0.00s
2026-08-26 10:16:57,326  INFO      eds_loader.loader  Load complete: 5 row(s) written
2026-08-26 10:16:57,341  DEBUG     eds_loader.connectors.local_fs  Reading schema.json from C:\Users\Mohit Patel\AppData\Local\Temp\pytest-of-spmohit\pytest-31\test_integration_enforce_false0\source2\schema.json
2026-08-26 10:16:57,342  DEBUG     eds_loader.connectors.local_fs  schema.json parsed: 2 dataset(s)
2026-08-26 10:16:57,345  INFO      eds_loader.connectors.local_fs  Read customers: 3 row(s) from C:\Users\Mohit Patel\AppData\Local\Temp\pytest-of-spmohit\pytest-31\test_integration_enforce_false0\source2\customers.parquet
2026-08-26 10:16:57,350  INFO      eds_loader.connectors.local_fs  Read orders: 2 row(s) from C:\Users\Mohit Patel\AppData\Local\Temp\pytest-of-spmohit\pytest-31\test_integration_enforce_false0\source2\orders.parquet
2026-08-26 10:16:57,351  INFO      eds_loader.loader  Read 2 dataset(s) from source
2026-08-26 10:16:57,351  INFO      eds_loader.connectors.mongodb  Connected to MongoDB localhost:27017/test_db
2026-08-26 10:16:57,352  DEBUG     eds_loader.connectors.mongodb  [customers] dropping existing collection
2026-08-26 10:16:57,353  DEBUG     eds_loader.connectors.mongodb  [customers] inserting 3 document(s)
2026-08-26 10:16:57,354  INFO      eds_loader.connectors.mongodb  [customers] wrote 3 document(s) in 0.00s
2026-08-26 10:16:57,354  DEBUG     eds_loader.connectors.mongodb  [orders] dropping existing collection
2026-08-26 10:16:57,355  DEBUG     eds_loader.connectors.mongodb  [orders] inserting 2 document(s)
2026-08-26 10:16:57,356  INFO      eds_loader.connectors.mongodb  [orders] wrote 2 document(s) in 0.00s
2026-08-26 10:16:57,356  INFO      eds_loader.loader  Load complete: 5 row(s) written
2026-08-26 10:16:57,378  INFO      eds_loader.connectors._sql_base  Connected to test_user@localhost:3306/test_db
2026-08-26 10:16:57,378  DEBUG     eds_loader.connectors._sql_base  Ensuring namespace exists: CREATE DATABASE IF NOT EXISTS `test_db`
2026-08-26 10:16:57,379  DEBUG     eds_loader.connectors._sql_base  [t] DROP TABLE IF EXISTS `test_db`.`t`
2026-08-26 10:16:57,379  DEBUG     eds_loader.connectors._sql_base  [t] CREATE TABLE `test_db`.`t` (
    `id` BIGINT
)
2026-08-26 10:16:57,379  DEBUG     eds_loader.connectors._sql_base  [t] inserting 1 row(s)
2026-08-26 10:16:57,380  INFO      eds_loader.connectors._sql_base  [t] wrote 1 row(s) in 0.00s
2026-08-26 10:16:57,382  INFO      eds_loader.connectors._sql_base  Connected to test_user@localhost:3306/test_db
2026-08-26 10:16:57,382  DEBUG     eds_loader.connectors._sql_base  Ensuring namespace exists: CREATE DATABASE IF NOT EXISTS `test_db`
2026-08-26 10:16:57,384  DEBUG     eds_loader.connectors._sql_base  [t] DROP TABLE IF EXISTS `test_db`.`t`
2026-08-26 10:16:57,385  DEBUG     eds_loader.connectors._sql_base  [t] CREATE TABLE `test_db`.`t` (
    `id` BIGINT
)
2026-08-26 10:16:57,385  DEBUG     eds_loader.connectors._sql_base  [t] inserting 1 row(s)
2026-08-26 10:16:57,385  INFO      eds_loader.connectors._sql_base  [t] wrote 1 row(s) in 0.00s
2026-08-26 10:16:57,388  INFO      eds_loader.connectors._sql_base  Connected to test_user@localhost:3306/test_db
2026-08-26 10:16:57,388  DEBUG     eds_loader.connectors._sql_base  Ensuring namespace exists: CREATE DATABASE IF NOT EXISTS `test_db`
2026-08-26 10:16:57,389  DEBUG     eds_loader.connectors._sql_base  [t] DROP TABLE IF EXISTS `test_db`.`t`
2026-08-26 10:16:57,389  ERROR     eds_loader.connectors._sql_base  [t] write failed: DB down
2026-08-26 10:16:57,391  INFO      eds_loader.connectors._sql_base  Connected to test_user@localhost:3306/eds_db
2026-08-26 10:16:57,391  DEBUG     eds_loader.connectors._sql_base  Ensuring namespace exists: CREATE DATABASE IF NOT EXISTS `eds_db`
2026-08-26 10:16:57,392  DEBUG     eds_loader.connectors._sql_base  [customers] DROP TABLE IF EXISTS `eds_db`.`customers`
2026-08-26 10:16:57,392  DEBUG     eds_loader.connectors._sql_base  [customers] CREATE TABLE `eds_db`.`customers` (
    `id` BIGINT
)
2026-08-26 10:16:57,392  DEBUG     eds_loader.connectors._sql_base  [customers] inserting 1 row(s)
2026-08-26 10:16:57,393  INFO      eds_loader.connectors._sql_base  [customers] wrote 1 row(s) in 0.00s
2026-08-26 10:16:57,395  INFO      eds_loader.connectors._sql_base  Connected to test_user@localhost:3306/eds_db
2026-08-26 10:16:57,396  DEBUG     eds_loader.connectors._sql_base  Table write order (FK-sorted): customers, orders
2026-08-26 10:16:57,396  DEBUG     eds_loader.connectors._sql_base  Ensuring namespace exists: CREATE DATABASE IF NOT EXISTS `eds_db`
2026-08-26 10:16:57,397  DEBUG     eds_loader.connectors._sql_base  [customers] DROP TABLE IF EXISTS `eds_db`.`customers`
2026-08-26 10:16:57,397  DEBUG     eds_loader.connectors._sql_base  [customers] CREATE TABLE `eds_db`.`customers` (
    `customer_id` BIGINT PRIMARY KEY,
    `name` TEXT
)
2026-08-26 10:16:57,397  DEBUG     eds_loader.connectors._sql_base  [customers] inserting 2 row(s)
2026-08-26 10:16:57,397  INFO      eds_loader.connectors._sql_base  [customers] wrote 2 row(s) in 0.00s
2026-08-26 10:16:57,397  DEBUG     eds_loader.connectors._sql_base  [orders] DROP TABLE IF EXISTS `eds_db`.`orders`
2026-08-26 10:16:57,398  DEBUG     eds_loader.connectors._sql_base  [orders] CREATE TABLE `eds_db`.`orders` (
    `order_id` BIGINT PRIMARY KEY,
    `customer_id` BIGINT NOT NULL REFERENCES `eds_db`.`customers`(`customer_id`)
)
2026-08-26 10:16:57,398  DEBUG     eds_loader.connectors._sql_base  [orders] inserting 1 row(s)
2026-08-26 10:16:57,398  INFO      eds_loader.connectors._sql_base  [orders] wrote 1 row(s) in 0.00s
2026-08-26 10:16:57,406  INFO      eds_loader.connectors._sql_base  Connected to test_user@localhost:3306/test_db
2026-08-26 10:16:57,406  DEBUG     eds_loader.connectors._sql_base  Ensuring namespace exists: CREATE DATABASE IF NOT EXISTS `test_db`
2026-08-26 10:16:57,407  DEBUG     eds_loader.connectors._sql_base  [t] DROP TABLE IF EXISTS `test_db`.`t`
2026-08-26 10:16:57,407  DEBUG     eds_loader.connectors._sql_base  [t] CREATE TABLE `test_db`.`t` (
    `id` BIGINT
)
2026-08-26 10:16:57,407  DEBUG     eds_loader.connectors._sql_base  [t] inserting 1 row(s)
2026-08-26 10:16:57,408  INFO      eds_loader.connectors._sql_base  [t] wrote 1 row(s) in 0.00s
2026-08-26 10:16:57,411  INFO      eds_loader.connectors._sql_base  Connected to test_user@srv:3306/db
2026-08-26 10:16:57,412  DEBUG     eds_loader.connectors._sql_base  Ensuring namespace exists: CREATE DATABASE IF NOT EXISTS `db`
2026-08-26 10:16:57,414  DEBUG     eds_loader.connectors._sql_base  [tbl] DROP TABLE IF EXISTS `db`.`tbl`
2026-08-26 10:16:57,414  DEBUG     eds_loader.connectors._sql_base  [tbl] CREATE TABLE `db`.`tbl` (
    `id` BIGINT
)
2026-08-26 10:16:57,414  DEBUG     eds_loader.connectors._sql_base  [tbl] inserting 1 row(s)
2026-08-26 10:16:57,415  INFO      eds_loader.connectors._sql_base  [tbl] wrote 1 row(s) in 0.00s
2026-08-26 10:16:57,422  INFO      eds_loader.connectors._sql_base  Connected to test_user@localhost:3306/test_db
2026-08-26 10:16:57,422  DEBUG     eds_loader.connectors._sql_base  Table write order (FK-sorted): customers, orders
2026-08-26 10:16:57,422  DEBUG     eds_loader.connectors._sql_base  Ensuring namespace exists: CREATE DATABASE IF NOT EXISTS `test_db`
2026-08-26 10:16:57,424  DEBUG     eds_loader.connectors._sql_base  [customers] DROP TABLE IF EXISTS `test_db`.`customers`
2026-08-26 10:16:57,424  DEBUG     eds_loader.connectors._sql_base  [customers] CREATE TABLE `test_db`.`customers` (
    `customer_id` BIGINT PRIMARY KEY,
    `name` TEXT
)
2026-08-26 10:16:57,425  DEBUG     eds_loader.connectors._sql_base  [customers] inserting 2 row(s)
2026-08-26 10:16:57,426  INFO      eds_loader.connectors._sql_base  [customers] wrote 2 row(s) in 0.00s
2026-08-26 10:16:57,426  DEBUG     eds_loader.connectors._sql_base  [orders] DROP TABLE IF EXISTS `test_db`.`orders`
2026-08-26 10:16:57,426  DEBUG     eds_loader.connectors._sql_base  [orders] CREATE TABLE `test_db`.`orders` (
    `order_id` BIGINT PRIMARY KEY,
    `customer_id` BIGINT NOT NULL REFERENCES `test_db`.`customers`(`customer_id`)
)
2026-08-26 10:16:57,426  DEBUG     eds_loader.connectors._sql_base  [orders] inserting 1 row(s)
2026-08-26 10:16:57,427  INFO      eds_loader.connectors._sql_base  [orders] wrote 1 row(s) in 0.00s
2026-08-26 10:16:57,469  DEBUG     eds_loader.connectors.local_fs  Reading schema.json from C:\Users\Mohit Patel\AppData\Local\Temp\pytest-of-spmohit\pytest-31\test_integration_local_fs_to_m1\source\schema.json
2026-08-26 10:16:57,490  DEBUG     eds_loader.connectors.local_fs  schema.json parsed: 2 dataset(s)
2026-08-26 10:16:57,517  INFO      eds_loader.connectors.local_fs  Read customers: 2 row(s) from C:\Users\Mohit Patel\AppData\Local\Temp\pytest-of-spmohit\pytest-31\test_integration_local_fs_to_m1\source\customers.parquet
2026-08-26 10:16:57,548  INFO      eds_loader.connectors.local_fs  Read orders: 1 row(s) from C:\Users\Mohit Patel\AppData\Local\Temp\pytest-of-spmohit\pytest-31\test_integration_local_fs_to_m1\source\orders.parquet
2026-08-26 10:16:57,548  INFO      eds_loader.loader  Read 2 dataset(s) from source
2026-08-26 10:16:57,549  INFO      eds_loader.connectors._sql_base  Connected to test_user@localhost:3306/test_db
2026-08-26 10:16:57,550  DEBUG     eds_loader.connectors._sql_base  Table write order (FK-sorted): customers, orders
2026-08-26 10:16:57,550  DEBUG     eds_loader.connectors._sql_base  Ensuring namespace exists: CREATE DATABASE IF NOT EXISTS `test_db`
2026-08-26 10:16:57,551  DEBUG     eds_loader.connectors._sql_base  [customers] DROP TABLE IF EXISTS `test_db`.`customers`
2026-08-26 10:16:57,552  DEBUG     eds_loader.connectors._sql_base  [customers] CREATE TABLE `test_db`.`customers` (
    `customer_id` BIGINT PRIMARY KEY,
    `name` TEXT
)
2026-08-26 10:16:57,552  DEBUG     eds_loader.connectors._sql_base  [customers] inserting 2 row(s)
2026-08-26 10:16:57,552  INFO      eds_loader.connectors._sql_base  [customers] wrote 2 row(s) in 0.00s
2026-08-26 10:16:57,553  DEBUG     eds_loader.connectors._sql_base  [orders] DROP TABLE IF EXISTS `test_db`.`orders`
2026-08-26 10:16:57,553  DEBUG     eds_loader.connectors._sql_base  [orders] CREATE TABLE `test_db`.`orders` (
    `order_id` BIGINT PRIMARY KEY,
    `customer_id` BIGINT NOT NULL REFERENCES `test_db`.`customers`(`customer_id`)
)
2026-08-26 10:16:57,553  DEBUG     eds_loader.connectors._sql_base  [orders] inserting 1 row(s)
2026-08-26 10:16:57,553  INFO      eds_loader.connectors._sql_base  [orders] wrote 1 row(s) in 0.00s
2026-08-26 10:16:57,554  INFO      eds_loader.loader  Load complete: 3 row(s) written
2026-08-26 10:16:57,618  INFO      eds_loader.connectors._sql_base  Connected to test_user@localhost:5432/test_db
2026-08-26 10:16:57,618  DEBUG     eds_loader.connectors._sql_base  Ensuring namespace exists: CREATE SCHEMA IF NOT EXISTS "public"
2026-08-26 10:16:57,619  DEBUG     eds_loader.connectors._sql_base  [customers] DROP TABLE IF EXISTS "public"."customers" CASCADE
2026-08-26 10:16:57,620  DEBUG     eds_loader.connectors._sql_base  [customers] CREATE TABLE "public"."customers" (
    "customer_id" BIGINT,
    "name" TEXT
)
2026-08-26 10:16:57,620  DEBUG     eds_loader.connectors._sql_base  [customers] inserting 3 row(s)
2026-08-26 10:16:57,621  INFO      eds_loader.connectors._sql_base  [customers] wrote 3 row(s) in 0.00s
2026-08-26 10:16:57,621  DEBUG     eds_loader.connectors._sql_base  [orders] DROP TABLE IF EXISTS "public"."orders" CASCADE
2026-08-26 10:16:57,621  DEBUG     eds_loader.connectors._sql_base  [orders] CREATE TABLE "public"."orders" (
    "order_id" BIGINT,
    "customer_id" BIGINT,
    "amount" DOUBLE PRECISION
)
2026-08-26 10:16:57,621  DEBUG     eds_loader.connectors._sql_base  [orders] inserting 2 row(s)
2026-08-26 10:16:57,622  INFO      eds_loader.connectors._sql_base  [orders] wrote 2 row(s) in 0.00s
2026-08-26 10:16:57,625  INFO      eds_loader.connectors._sql_base  Connected to test_user@localhost:5432/test_db
2026-08-26 10:16:57,625  DEBUG     eds_loader.connectors._sql_base  Ensuring namespace exists: CREATE SCHEMA IF NOT EXISTS "public"
2026-08-26 10:16:57,626  DEBUG     eds_loader.connectors._sql_base  [customers] DROP TABLE IF EXISTS "public"."customers" CASCADE
2026-08-26 10:16:57,626  DEBUG     eds_loader.connectors._sql_base  [customers] CREATE TABLE "public"."customers" (
    "id" BIGINT
)
2026-08-26 10:16:57,627  DEBUG     eds_loader.connectors._sql_base  [customers] inserting 1 row(s)
2026-08-26 10:16:57,627  INFO      eds_loader.connectors._sql_base  [customers] wrote 1 row(s) in 0.00s
2026-08-26 10:16:57,633  INFO      eds_loader.connectors._sql_base  Connected to test_user@localhost:5432/test_db
2026-08-26 10:16:57,634  DEBUG     eds_loader.connectors._sql_base  Ensuring namespace exists: CREATE SCHEMA IF NOT EXISTS "public"
2026-08-26 10:16:57,635  DEBUG     eds_loader.connectors._sql_base  [tbl] DROP TABLE IF EXISTS "public"."tbl" CASCADE
2026-08-26 10:16:57,635  DEBUG     eds_loader.connectors._sql_base  [tbl] CREATE TABLE "public"."tbl" (
    "a" BIGINT
)
2026-08-26 10:16:57,635  DEBUG     eds_loader.connectors._sql_base  [tbl] inserting 1 row(s)
2026-08-26 10:16:57,636  INFO      eds_loader.connectors._sql_base  [tbl] wrote 1 row(s) in 0.00s
2026-08-26 10:16:57,641  INFO      eds_loader.connectors._sql_base  Connected to test_user@localhost:5432/test_db
2026-08-26 10:16:57,641  DEBUG     eds_loader.connectors._sql_base  Ensuring namespace exists: CREATE SCHEMA IF NOT EXISTS "public"
2026-08-26 10:16:57,643  DEBUG     eds_loader.connectors._sql_base  [data] DROP TABLE IF EXISTS "public"."data" CASCADE
2026-08-26 10:16:57,643  DEBUG     eds_loader.connectors._sql_base  [data] CREATE TABLE "public"."data" (
    "id" BIGINT,
    "val" TEXT
)
2026-08-26 10:16:57,644  DEBUG     eds_loader.connectors._sql_base  [data] inserting 3 row(s)
2026-08-26 10:16:57,644  INFO      eds_loader.connectors._sql_base  [data] wrote 3 row(s) in 0.00s
2026-08-26 10:16:57,649  INFO      eds_loader.connectors._sql_base  Connected to test_user@localhost:5432/test_db
2026-08-26 10:16:57,649  DEBUG     eds_loader.connectors._sql_base  Ensuring namespace exists: CREATE SCHEMA IF NOT EXISTS "public"
2026-08-26 10:16:57,651  DEBUG     eds_loader.connectors._sql_base  [customers] DROP TABLE IF EXISTS "public"."customers" CASCADE
2026-08-26 10:16:57,652  DEBUG     eds_loader.connectors._sql_base  [customers] CREATE TABLE "public"."customers" (
    "customer_id" BIGINT,
    "name" TEXT
)
2026-08-26 10:16:57,652  DEBUG     eds_loader.connectors._sql_base  [customers] inserting 3 row(s)
2026-08-26 10:16:57,654  INFO      eds_loader.connectors._sql_base  [customers] wrote 3 row(s) in 0.00s
2026-08-26 10:16:57,655  DEBUG     eds_loader.connectors._sql_base  [orders] DROP TABLE IF EXISTS "public"."orders" CASCADE
2026-08-26 10:16:57,655  DEBUG     eds_loader.connectors._sql_base  [orders] CREATE TABLE "public"."orders" (
    "order_id" BIGINT,
    "customer_id" BIGINT,
    "amount" DOUBLE PRECISION
)
2026-08-26 10:16:57,655  DEBUG     eds_loader.connectors._sql_base  [orders] inserting 2 row(s)
2026-08-26 10:16:57,656  INFO      eds_loader.connectors._sql_base  [orders] wrote 2 row(s) in 0.00s
2026-08-26 10:16:57,660  INFO      eds_loader.connectors._sql_base  Connected to test_user@localhost:5432/test_db
2026-08-26 10:16:57,660  DEBUG     eds_loader.connectors._sql_base  Ensuring namespace exists: CREATE SCHEMA IF NOT EXISTS "public"
2026-08-26 10:16:57,661  DEBUG     eds_loader.connectors._sql_base  [customers] DROP TABLE IF EXISTS "public"."customers" CASCADE
2026-08-26 10:16:57,662  DEBUG     eds_loader.connectors._sql_base  [customers] CREATE TABLE "public"."customers" (
    "customer_id" BIGINT,
    "name" TEXT
)
2026-08-26 10:16:57,662  DEBUG     eds_loader.connectors._sql_base  [customers] inserting 3 row(s)
2026-08-26 10:16:57,662  INFO      eds_loader.connectors._sql_base  [customers] wrote 3 row(s) in 0.00s
2026-08-26 10:16:57,662  DEBUG     eds_loader.connectors._sql_base  [orders] DROP TABLE IF EXISTS "public"."orders" CASCADE
2026-08-26 10:16:57,662  DEBUG     eds_loader.connectors._sql_base  [orders] CREATE TABLE "public"."orders" (
    "order_id" BIGINT,
    "customer_id" BIGINT,
    "amount" DOUBLE PRECISION
)
2026-08-26 10:16:57,663  DEBUG     eds_loader.connectors._sql_base  [orders] inserting 2 row(s)
2026-08-26 10:16:57,663  INFO      eds_loader.connectors._sql_base  [orders] wrote 2 row(s) in 0.00s
2026-08-26 10:16:57,667  INFO      eds_loader.connectors._sql_base  Connected to test_user@localhost:5432/test_db
2026-08-26 10:16:57,668  DEBUG     eds_loader.connectors._sql_base  Ensuring namespace exists: CREATE SCHEMA IF NOT EXISTS "public"
2026-08-26 10:16:57,670  DEBUG     eds_loader.connectors._sql_base  [customers] DROP TABLE IF EXISTS "public"."customers" CASCADE
2026-08-26 10:16:57,670  DEBUG     eds_loader.connectors._sql_base  [customers] CREATE TABLE "public"."customers" (
    "customer_id" BIGINT,
    "name" TEXT
)
2026-08-26 10:16:57,671  DEBUG     eds_loader.connectors._sql_base  [customers] inserting 3 row(s)
2026-08-26 10:16:57,671  INFO      eds_loader.connectors._sql_base  [customers] wrote 3 row(s) in 0.00s
2026-08-26 10:16:57,672  DEBUG     eds_loader.connectors._sql_base  [orders] DROP TABLE IF EXISTS "public"."orders" CASCADE
2026-08-26 10:16:57,672  DEBUG     eds_loader.connectors._sql_base  [orders] CREATE TABLE "public"."orders" (
    "order_id" BIGINT,
    "customer_id" BIGINT,
    "amount" DOUBLE PRECISION
)
2026-08-26 10:16:57,672  DEBUG     eds_loader.connectors._sql_base  [orders] inserting 2 row(s)
2026-08-26 10:16:57,672  INFO      eds_loader.connectors._sql_base  [orders] wrote 2 row(s) in 0.00s
2026-08-26 10:16:57,675  INFO      eds_loader.connectors._sql_base  Connected to test_user@dbserver:5433/mydb
2026-08-26 10:16:57,675  DEBUG     eds_loader.connectors._sql_base  Ensuring namespace exists: CREATE SCHEMA IF NOT EXISTS "public"
2026-08-26 10:16:57,676  DEBUG     eds_loader.connectors._sql_base  [tbl] DROP TABLE IF EXISTS "public"."tbl" CASCADE
2026-08-26 10:16:57,677  DEBUG     eds_loader.connectors._sql_base  [tbl] CREATE TABLE "public"."tbl" (
    "id" BIGINT
)
2026-08-26 10:16:57,678  DEBUG     eds_loader.connectors._sql_base  [tbl] inserting 1 row(s)
2026-08-26 10:16:57,678  INFO      eds_loader.connectors._sql_base  [tbl] wrote 1 row(s) in 0.00s
2026-08-26 10:16:57,681  INFO      eds_loader.connectors._sql_base  Connected to test_user@localhost:5432/test_db
2026-08-26 10:16:57,681  DEBUG     eds_loader.connectors._sql_base  Table write order (FK-sorted): customers, orders
2026-08-26 10:16:57,681  DEBUG     eds_loader.connectors._sql_base  Ensuring namespace exists: CREATE SCHEMA IF NOT EXISTS "public"
2026-08-26 10:16:57,682  DEBUG     eds_loader.connectors._sql_base  [customers] DROP TABLE IF EXISTS "public"."customers" CASCADE
2026-08-26 10:16:57,683  DEBUG     eds_loader.connectors._sql_base  [customers] CREATE TABLE "public"."customers" (
    "customer_id" BIGINT PRIMARY KEY,
    "name" TEXT UNIQUE
)
2026-08-26 10:16:57,683  DEBUG     eds_loader.connectors._sql_base  [customers] inserting 3 row(s)
2026-08-26 10:16:57,684  INFO      eds_loader.connectors._sql_base  [customers] wrote 3 row(s) in 0.00s
2026-08-26 10:16:57,684  DEBUG     eds_loader.connectors._sql_base  [orders] DROP TABLE IF EXISTS "public"."orders" CASCADE
2026-08-26 10:16:57,684  DEBUG     eds_loader.connectors._sql_base  [orders] CREATE TABLE "public"."orders" (
    "order_id" BIGINT PRIMARY KEY,
    "customer_id" BIGINT NOT NULL REFERENCES "public"."customers"("customer_id"),
    "amount" DOUBLE PRECISION
)
2026-08-26 10:16:57,684  DEBUG     eds_loader.connectors._sql_base  [orders] inserting 2 row(s)
2026-08-26 10:16:57,685  INFO      eds_loader.connectors._sql_base  [orders] wrote 2 row(s) in 0.00s
2026-08-26 10:16:57,688  INFO      eds_loader.connectors._sql_base  Connected to test_user@localhost:5432/test_db
2026-08-26 10:16:57,688  DEBUG     eds_loader.connectors._sql_base  Table write order (FK-sorted): customers, orders
2026-08-26 10:16:57,688  DEBUG     eds_loader.connectors._sql_base  Ensuring namespace exists: CREATE SCHEMA IF NOT EXISTS "public"
2026-08-26 10:16:57,689  DEBUG     eds_loader.connectors._sql_base  [customers] DROP TABLE IF EXISTS "public"."customers" CASCADE
2026-08-26 10:16:57,689  DEBUG     eds_loader.connectors._sql_base  [customers] CREATE TABLE "public"."customers" (
    "customer_id" BIGINT PRIMARY KEY,
    "name" TEXT UNIQUE
)
2026-08-26 10:16:57,689  DEBUG     eds_loader.connectors._sql_base  [customers] inserting 3 row(s)
2026-08-26 10:16:57,690  INFO      eds_loader.connectors._sql_base  [customers] wrote 3 row(s) in 0.00s
2026-08-26 10:16:57,690  DEBUG     eds_loader.connectors._sql_base  [orders] DROP TABLE IF EXISTS "public"."orders" CASCADE
2026-08-26 10:16:57,690  DEBUG     eds_loader.connectors._sql_base  [orders] CREATE TABLE "public"."orders" (
    "order_id" BIGINT PRIMARY KEY,
    "customer_id" BIGINT NOT NULL REFERENCES "public"."customers"("customer_id"),
    "amount" DOUBLE PRECISION
)
2026-08-26 10:16:57,691  DEBUG     eds_loader.connectors._sql_base  [orders] inserting 2 row(s)
2026-08-26 10:16:57,691  INFO      eds_loader.connectors._sql_base  [orders] wrote 2 row(s) in 0.00s
2026-08-26 10:16:57,699  INFO      eds_loader.connectors._sql_base  Connected to test_user@localhost:5432/test_db
2026-08-26 10:16:57,699  DEBUG     eds_loader.connectors._sql_base  Ensuring namespace exists: CREATE SCHEMA IF NOT EXISTS "public"
2026-08-26 10:16:57,701  DEBUG     eds_loader.connectors._sql_base  [empty] DROP TABLE IF EXISTS "public"."empty" CASCADE
2026-08-26 10:16:57,701  DEBUG     eds_loader.connectors._sql_base  [empty] CREATE TABLE "public"."empty" (
    "id" BIGINT
)
2026-08-26 10:16:57,701  DEBUG     eds_loader.connectors._sql_base  [empty] inserting 0 row(s)
2026-08-26 10:16:57,701  INFO      eds_loader.connectors._sql_base  [empty] wrote 0 row(s) in 0.00s
2026-08-26 10:16:57,704  INFO      eds_loader.connectors._sql_base  Connected to test_user@localhost:5432/test_db
2026-08-26 10:16:57,705  DEBUG     eds_loader.connectors._sql_base  Ensuring namespace exists: CREATE SCHEMA IF NOT EXISTS "public"
2026-08-26 10:16:57,705  DEBUG     eds_loader.connectors._sql_base  [tbl] DROP TABLE IF EXISTS "public"."tbl" CASCADE
2026-08-26 10:16:57,706  DEBUG     eds_loader.connectors._sql_base  [tbl] CREATE TABLE "public"."tbl" (
    "id" BIGINT
)
2026-08-26 10:16:57,706  ERROR     eds_loader.connectors._sql_base  [tbl] write failed: DB error
2026-08-26 10:16:57,710  INFO      eds_loader.connectors._sql_base  Connected to test_user@localhost:5432/test_db
2026-08-26 10:16:57,710  DEBUG     eds_loader.connectors._sql_base  Ensuring namespace exists: CREATE SCHEMA IF NOT EXISTS "public"
2026-08-26 10:16:57,711  DEBUG     eds_loader.connectors._sql_base  [tbl] DROP TABLE IF EXISTS "public"."tbl" CASCADE
2026-08-26 10:16:57,711  DEBUG     eds_loader.connectors._sql_base  [tbl] CREATE TABLE "public"."tbl" (
    "id" BIGINT
)
2026-08-26 10:16:57,711  ERROR     eds_loader.connectors._sql_base  [tbl] write failed: oops
2026-08-26 10:16:57,742  DEBUG     eds_loader.connectors.local_fs  Reading schema.json from C:\Users\Mohit Patel\AppData\Local\Temp\pytest-of-spmohit\pytest-31\test_integration_local_fs_to_p0\source\schema.json
2026-08-26 10:16:57,762  DEBUG     eds_loader.connectors.local_fs  schema.json parsed: 2 dataset(s)
2026-08-26 10:16:57,765  INFO      eds_loader.connectors.local_fs  Read customers: 3 row(s) from C:\Users\Mohit Patel\AppData\Local\Temp\pytest-of-spmohit\pytest-31\test_integration_local_fs_to_p0\source\customers.parquet
2026-08-26 10:16:57,769  INFO      eds_loader.connectors.local_fs  Read orders: 2 row(s) from C:\Users\Mohit Patel\AppData\Local\Temp\pytest-of-spmohit\pytest-31\test_integration_local_fs_to_p0\source\orders.parquet
2026-08-26 10:16:57,769  INFO      eds_loader.loader  Read 2 dataset(s) from source
2026-08-26 10:16:57,769  INFO      eds_loader.connectors._sql_base  Connected to test_user@localhost:5432/test_db
2026-08-26 10:16:57,769  DEBUG     eds_loader.connectors._sql_base  Table write order (FK-sorted): customers, orders
2026-08-26 10:16:57,769  DEBUG     eds_loader.connectors._sql_base  Ensuring namespace exists: CREATE SCHEMA IF NOT EXISTS "public"
2026-08-26 10:16:57,770  DEBUG     eds_loader.connectors._sql_base  [customers] DROP TABLE IF EXISTS "public"."customers" CASCADE
2026-08-26 10:16:57,770  DEBUG     eds_loader.connectors._sql_base  [customers] CREATE TABLE "public"."customers" (
    "customer_id" BIGINT PRIMARY KEY,
    "name" TEXT UNIQUE
)
2026-08-26 10:16:57,771  DEBUG     eds_loader.connectors._sql_base  [customers] inserting 3 row(s)
2026-08-26 10:16:57,771  INFO      eds_loader.connectors._sql_base  [customers] wrote 3 row(s) in 0.00s
2026-08-26 10:16:57,771  DEBUG     eds_loader.connectors._sql_base  [orders] DROP TABLE IF EXISTS "public"."orders" CASCADE
2026-08-26 10:16:57,771  DEBUG     eds_loader.connectors._sql_base  [orders] CREATE TABLE "public"."orders" (
    "order_id" BIGINT PRIMARY KEY,
    "customer_id" BIGINT NOT NULL REFERENCES "public"."customers"("customer_id"),
    "amount" DOUBLE PRECISION
)
2026-08-26 10:16:57,771  DEBUG     eds_loader.connectors._sql_base  [orders] inserting 2 row(s)
2026-08-26 10:16:57,771  INFO      eds_loader.connectors._sql_base  [orders] wrote 2 row(s) in 0.00s
2026-08-26 10:16:57,772  INFO      eds_loader.loader  Load complete: 5 row(s) written
2026-08-26 10:16:57,787  DEBUG     eds_loader.connectors.local_fs  Reading schema.json from C:\Users\Mohit Patel\AppData\Local\Temp\pytest-of-spmohit\pytest-31\test_integration_enforce_false1\source2\schema.json
2026-08-26 10:16:57,789  DEBUG     eds_loader.connectors.local_fs  schema.json parsed: 2 dataset(s)
2026-08-26 10:16:57,793  INFO      eds_loader.connectors.local_fs  Read customers: 3 row(s) from C:\Users\Mohit Patel\AppData\Local\Temp\pytest-of-spmohit\pytest-31\test_integration_enforce_false1\source2\customers.parquet
2026-08-26 10:16:57,796  INFO      eds_loader.connectors.local_fs  Read orders: 2 row(s) from C:\Users\Mohit Patel\AppData\Local\Temp\pytest-of-spmohit\pytest-31\test_integration_enforce_false1\source2\orders.parquet
2026-08-26 10:16:57,796  INFO      eds_loader.loader  Read 2 dataset(s) from source
2026-08-26 10:16:57,796  INFO      eds_loader.connectors._sql_base  Connected to test_user@localhost:5432/test_db
2026-08-26 10:16:57,797  DEBUG     eds_loader.connectors._sql_base  Ensuring namespace exists: CREATE SCHEMA IF NOT EXISTS "public"
2026-08-26 10:16:57,797  DEBUG     eds_loader.connectors._sql_base  [customers] DROP TABLE IF EXISTS "public"."customers" CASCADE
2026-08-26 10:16:57,798  DEBUG     eds_loader.connectors._sql_base  [customers] CREATE TABLE "public"."customers" (
    "customer_id" BIGINT,
    "name" TEXT
)
2026-08-26 10:16:57,798  DEBUG     eds_loader.connectors._sql_base  [customers] inserting 3 row(s)
2026-08-26 10:16:57,798  INFO      eds_loader.connectors._sql_base  [customers] wrote 3 row(s) in 0.00s
2026-08-26 10:16:57,798  DEBUG     eds_loader.connectors._sql_base  [orders] DROP TABLE IF EXISTS "public"."orders" CASCADE
2026-08-26 10:16:57,798  DEBUG     eds_loader.connectors._sql_base  [orders] CREATE TABLE "public"."orders" (
    "order_id" BIGINT,
    "customer_id" BIGINT,
    "amount" DOUBLE PRECISION
)
2026-08-26 10:16:57,798  DEBUG     eds_loader.connectors._sql_base  [orders] inserting 2 row(s)
2026-08-26 10:16:57,799  INFO      eds_loader.connectors._sql_base  [orders] wrote 2 row(s) in 0.00s
2026-08-26 10:16:57,799  INFO      eds_loader.loader  Load complete: 5 row(s) written
2026-08-26 10:16:57,825  INFO      eds_loader.connectors.remote_fs  Connected to SFTP testuser@test.example.com:22
2026-08-26 10:16:57,830  INFO      eds_loader.connectors.remote_fs  Connected to SFTP testuser@test.example.com:22
2026-08-26 10:16:57,931  INFO      eds_loader.connectors.remote_fs  Connected to SFTP testuser@test.example.com:22
2026-08-26 10:16:57,954  DEBUG     eds_loader.connectors.remote_fs  Listing remote directory: /data/eds
2026-08-26 10:16:57,954  DEBUG     eds_loader.connectors.remote_fs  Found 2 .parquet file(s) in /data/eds
2026-08-26 10:16:57,956  INFO      eds_loader.connectors.remote_fs  Downloaded customers: 2 row(s) from /data/eds/customers.parquet
2026-08-26 10:16:57,958  INFO      eds_loader.connectors.remote_fs  Downloaded orders: 1 row(s) from /data/eds/orders.parquet
2026-08-26 10:16:57,963  DEBUG     eds_loader.connectors.remote_fs  Listing remote directory: /data/eds
2026-08-26 10:16:57,963  DEBUG     eds_loader.connectors.remote_fs  Found 1 .parquet file(s) in /data/eds
2026-08-26 10:16:57,964  INFO      eds_loader.connectors.remote_fs  Downloaded data: 1 row(s) from /data/eds/data.parquet
2026-08-26 10:16:57,968  DEBUG     eds_loader.connectors.remote_fs  Listing remote directory: /data/eds
2026-08-26 10:16:57,972  INFO      eds_loader.connectors.remote_fs  Downloaded customers: 2 row(s) from /data/eds/customers.parquet
2026-08-26 10:16:57,978  INFO      eds_loader.connectors.remote_fs  Downloaded my_table: 3 row(s) from /data/eds/my_table.parquet
2026-08-26 10:16:58,038  DEBUG     eds_loader.connectors.remote_fs  Listing remote directory: /data/eds
2026-08-26 10:16:58,039  DEBUG     eds_loader.connectors.remote_fs  Found 0 .parquet file(s) in /data/eds
2026-08-26 10:16:58,052  INFO      eds_loader.connectors.remote_fs  Downloaded customers: 2 row(s) from /data/eds/customers.parquet
2026-08-26 10:16:58,054  INFO      eds_loader.connectors.remote_fs  Downloaded orders: 1 row(s) from /data/eds/orders.parquet
2026-08-26 10:16:58,054  INFO      eds_loader.loader  Read 2 dataset(s) from source
2026-08-26 10:16:58,056  INFO      eds_loader.connectors.local_fs  Wrote customers: 2 row(s) to C:\Users\Mohit Patel\AppData\Local\Temp\pytest-of-spmohit\pytest-31\test_integration_remote_fs_sou0\remote_to_local_target\customers.parquet
2026-08-26 10:16:58,058  INFO      eds_loader.connectors.local_fs  Wrote orders: 1 row(s) to C:\Users\Mohit Patel\AppData\Local\Temp\pytest-of-spmohit\pytest-31\test_integration_remote_fs_sou0\remote_to_local_target\orders.parquet
2026-08-26 10:16:58,058  DEBUG     eds_loader.connectors.local_fs  Merging schema.json at target
2026-08-26 10:16:58,059  INFO      eds_loader.loader  Load complete: 3 row(s) written
2026-08-26 10:16:58,071  INFO      eds_loader.connectors.remote_fs  Downloaded customers: 2 row(s) from /data/eds/customers.parquet
2026-08-26 10:16:58,071  INFO      eds_loader.loader  Read 1 dataset(s) from source
2026-08-26 10:16:58,074  INFO      eds_loader.connectors.local_fs  Wrote customers: 2 row(s) to C:\Users\Mohit Patel\AppData\Local\Temp\pytest-of-spmohit\pytest-31\test_integration_table_subset_1\subset_target\customers.parquet
2026-08-26 10:16:58,074  DEBUG     eds_loader.connectors.local_fs  Merging schema.json at target
2026-08-26 10:16:58,076  INFO      eds_loader.loader  Load complete: 2 row(s) written
2026-08-26 10:16:58,144  INFO      eds_loader.loader  Read 2 dataset(s) from source
2026-08-26 10:16:58,147  INFO      eds_loader.connectors.local_fs  Wrote customers: 2 row(s) to C:\Users\Mohit Patel\AppData\Local\Temp\pytest-of-spmohit\pytest-31\test_integration_s3_source_via0\target\customers.parquet
2026-08-26 10:16:58,148  INFO      eds_loader.connectors.local_fs  Wrote orders: 1 row(s) to C:\Users\Mohit Patel\AppData\Local\Temp\pytest-of-spmohit\pytest-31\test_integration_s3_source_via0\target\orders.parquet
2026-08-26 10:16:58,148  DEBUG     eds_loader.connectors.local_fs  Merging schema.json at target
2026-08-26 10:16:58,149  INFO      eds_loader.loader  Load complete: 3 row(s) written
2026-08-26 10:16:58,732  INFO      eds_loader.connectors._sql_base  Connected to testuser@testhost:9999/testdb
2026-08-26 10:16:58,733  DEBUG     eds_loader.connectors._sql_base  Ensuring namespace exists: CREATE DATABASE IF NOT EXISTS [testdb]
2026-08-26 10:16:58,735  DEBUG     eds_loader.connectors._sql_base  [t] DROP TABLE IF EXISTS [testdb].[t]
2026-08-26 10:16:58,736  DEBUG     eds_loader.connectors._sql_base  [t] CREATE TABLE [testdb].[t] (
    [id] INT
)
2026-08-26 10:16:58,736  DEBUG     eds_loader.connectors._sql_base  [t] inserting 1 row(s)
2026-08-26 10:16:58,736  INFO      eds_loader.connectors._sql_base  [t] wrote 1 row(s) in 0.00s
2026-08-26 10:16:58,738  INFO      eds_loader.connectors._sql_base  Connected to testuser@testhost:9999/testdb
2026-08-26 10:16:58,740  DEBUG     eds_loader.connectors._sql_base  [t] DROP TABLE IF EXISTS [testdb].[t]
2026-08-26 10:16:58,740  DEBUG     eds_loader.connectors._sql_base  [t] CREATE TABLE [testdb].[t] (
    [id] INT
)
2026-08-26 10:16:58,740  DEBUG     eds_loader.connectors._sql_base  [t] inserting 1 row(s)
2026-08-26 10:16:58,741  INFO      eds_loader.connectors._sql_base  [t] wrote 1 row(s) in 0.00s
2026-08-26 10:16:58,744  INFO      eds_loader.connectors._sql_base  Connected to testuser@testhost:9999/testdb
2026-08-26 10:16:58,746  DEBUG     eds_loader.connectors._sql_base  [t] DROP TABLE IF EXISTS [testdb].[t]
2026-08-26 10:16:58,746  ERROR     eds_loader.connectors._sql_base  [t] write failed: DB down
2026-08-26 10:16:58,748  INFO      eds_loader.connectors._sql_base  Connected to testuser@testhost:9999/testdb
2026-08-26 10:16:58,751  DEBUG     eds_loader.connectors._sql_base  [a] DROP TABLE IF EXISTS [testdb].[a]
2026-08-26 10:16:58,751  DEBUG     eds_loader.connectors._sql_base  [a] CREATE TABLE [testdb].[a] (
    [id] INT
)
2026-08-26 10:16:58,751  DEBUG     eds_loader.connectors._sql_base  [a] inserting 1 row(s)
2026-08-26 10:16:58,752  INFO      eds_loader.connectors._sql_base  [a] wrote 1 row(s) in 0.00s
2026-08-26 10:16:58,752  DEBUG     eds_loader.connectors._sql_base  [b] DROP TABLE IF EXISTS [testdb].[b]
2026-08-26 10:16:58,753  DEBUG     eds_loader.connectors._sql_base  [b] CREATE TABLE [testdb].[b] (
    [id] INT
)
2026-08-26 10:16:58,753  DEBUG     eds_loader.connectors._sql_base  [b] inserting 1 row(s)
2026-08-26 10:16:58,753  INFO      eds_loader.connectors._sql_base  [b] wrote 1 row(s) in 0.00s
2026-08-26 10:16:58,756  INFO      eds_loader.connectors._sql_base  Connected to testuser@testhost:9999/testdb
2026-08-26 10:16:58,757  DEBUG     eds_loader.connectors._sql_base  [z] DROP TABLE IF EXISTS [testdb].[z]
2026-08-26 10:16:58,758  DEBUG     eds_loader.connectors._sql_base  [z] CREATE TABLE [testdb].[z] (
    [id] INT
)
2026-08-26 10:16:58,758  DEBUG     eds_loader.connectors._sql_base  [z] inserting 1 row(s)
2026-08-26 10:16:58,758  INFO      eds_loader.connectors._sql_base  [z] wrote 1 row(s) in 0.00s
2026-08-26 10:16:58,759  DEBUG     eds_loader.connectors._sql_base  [a] DROP TABLE IF EXISTS [testdb].[a]
2026-08-26 10:16:58,759  DEBUG     eds_loader.connectors._sql_base  [a] CREATE TABLE [testdb].[a] (
    [id] INT
)
2026-08-26 10:16:58,759  DEBUG     eds_loader.connectors._sql_base  [a] inserting 1 row(s)
2026-08-26 10:16:58,760  INFO      eds_loader.connectors._sql_base  [a] wrote 1 row(s) in 0.00s
2026-08-26 10:16:58,762  INFO      eds_loader.connectors._sql_base  Connected to testuser@testhost:9999/testdb
2026-08-26 10:16:58,763  DEBUG     eds_loader.connectors._sql_base  [tbl] DROP TABLE IF EXISTS [testdb].[tbl]
2026-08-26 10:16:58,763  DEBUG     eds_loader.connectors._sql_base  [tbl] CREATE TABLE [testdb].[tbl] (
    [id] INT
)
2026-08-26 10:16:58,763  DEBUG     eds_loader.connectors._sql_base  [tbl] inserting 1 row(s)
2026-08-26 10:16:58,763  INFO      eds_loader.connectors._sql_base  [tbl] wrote 1 row(s) in 0.00s
2026-08-26 10:16:58,765  INFO      eds_loader.connectors._sql_base  Connected to testuser@testhost:9999/testdb
2026-08-26 10:16:58,767  DEBUG     eds_loader.connectors._sql_base  [t] DROP TABLE IF EXISTS [testdb].[t]
2026-08-26 10:16:58,767  DEBUG     eds_loader.connectors._sql_base  [t] CREATE TABLE [testdb].[t] (
    [id] INT
)
2026-08-26 10:16:58,767  DEBUG     eds_loader.connectors._sql_base  [t] inserting 3 row(s)
2026-08-26 10:16:58,768  INFO      eds_loader.connectors._sql_base  [t] wrote 3 row(s) in 0.00s
2026-08-26 10:16:58,770  INFO      eds_loader.connectors._sql_base  Connected to testuser@testhost:9999/testdb
2026-08-26 10:16:58,772  DEBUG     eds_loader.connectors._sql_base  [t] DROP TABLE IF EXISTS [testdb].[t]
2026-08-26 10:16:58,773  DEBUG     eds_loader.connectors._sql_base  [t] CREATE TABLE [testdb].[t] (
    [id] INT
)
2026-08-26 10:16:58,773  ERROR     eds_loader.connectors._sql_base  [t] write failed: syntax error
2026-08-26 10:16:58,776  INFO      eds_loader.connectors._sql_base  Connected to testuser@testhost:9999/testdb
2026-08-26 10:16:58,778  DEBUG     eds_loader.connectors._sql_base  [t] DROP TABLE IF EXISTS [testdb].[t]
2026-08-26 10:16:58,778  DEBUG     eds_loader.connectors._sql_base  [t] CREATE TABLE [testdb].[t] (
    [id] INT
)
2026-08-26 10:16:58,779  ERROR     eds_loader.connectors._sql_base  [t] write failed: oops
2026-08-26 10:17:32,291  INFO      eds_loader.cli.main  eds-loader run invoked (config=C:\Users\Mohit Patel\AppData\Local\Temp\pytest-of-spmohit\pytest-32\test_run_exits_zero_on_success0\loader.yaml, dry_run=False)
2026-08-26 10:17:32,311  INFO      eds_loader.cli.main  Config loaded: source=local_fs target=local_fs tables=(all) enforce_constraints=True schema_required=True
2026-08-26 10:17:32,312  DEBUG     eds_loader.connectors.local_fs  Reading schema.json from C:\Users\Mohit Patel\AppData\Local\Temp\pytest-of-spmohit\pytest-32\test_run_exits_zero_on_success0\source\schema.json
2026-08-26 10:17:32,337  DEBUG     eds_loader.connectors.local_fs  schema.json parsed: 2 dataset(s)
2026-08-26 10:17:32,358  INFO      eds_loader.connectors.local_fs  Read customers: 3 row(s) from C:\Users\Mohit Patel\AppData\Local\Temp\pytest-of-spmohit\pytest-32\test_run_exits_zero_on_success0\source\customers.parquet
2026-08-26 10:17:32,382  INFO      eds_loader.connectors.local_fs  Read orders: 2 row(s) from C:\Users\Mohit Patel\AppData\Local\Temp\pytest-of-spmohit\pytest-32\test_run_exits_zero_on_success0\source\orders.parquet
2026-08-26 10:17:32,382  INFO      eds_loader.loader  Read 2 dataset(s) from source
2026-08-26 10:17:32,384  INFO      eds_loader.connectors.local_fs  Wrote customers: 3 row(s) to C:\Users\Mohit Patel\AppData\Local\Temp\pytest-of-spmohit\pytest-32\test_run_exits_zero_on_success0\target\customers.parquet
2026-08-26 10:17:32,386  INFO      eds_loader.connectors.local_fs  Wrote orders: 2 row(s) to C:\Users\Mohit Patel\AppData\Local\Temp\pytest-of-spmohit\pytest-32\test_run_exits_zero_on_success0\target\orders.parquet
2026-08-26 10:17:32,386  DEBUG     eds_loader.connectors.local_fs  Merging schema.json at target
2026-08-26 10:17:32,387  INFO      eds_loader.loader  Load complete: 5 row(s) written
2026-08-26 10:17:32,387  INFO      eds_loader.cli.main  Run complete: 5 row(s) across 2 table(s) in 0.1s
2026-08-26 10:17:32,405  INFO      eds_loader.cli.main  eds-loader run invoked (config=C:\Users\Mohit Patel\AppData\Local\Temp\pytest-of-spmohit\pytest-32\test_run_prints_table_with_row0\loader.yaml, dry_run=False)
2026-08-26 10:17:32,425  INFO      eds_loader.cli.main  Config loaded: source=local_fs target=local_fs tables=(all) enforce_constraints=True schema_required=True
2026-08-26 10:17:32,426  DEBUG     eds_loader.connectors.local_fs  Reading schema.json from C:\Users\Mohit Patel\AppData\Local\Temp\pytest-of-spmohit\pytest-32\test_run_prints_table_with_row0\source\schema.json
2026-08-26 10:17:32,429  DEBUG     eds_loader.connectors.local_fs  schema.json parsed: 2 dataset(s)
2026-08-26 10:17:32,435  INFO      eds_loader.connectors.local_fs  Read customers: 3 row(s) from C:\Users\Mohit Patel\AppData\Local\Temp\pytest-of-spmohit\pytest-32\test_run_prints_table_with_row0\source\customers.parquet
2026-08-26 10:17:32,440  INFO      eds_loader.connectors.local_fs  Read orders: 2 row(s) from C:\Users\Mohit Patel\AppData\Local\Temp\pytest-of-spmohit\pytest-32\test_run_prints_table_with_row0\source\orders.parquet
2026-08-26 10:17:32,440  INFO      eds_loader.loader  Read 2 dataset(s) from source
2026-08-26 10:17:32,442  INFO      eds_loader.connectors.local_fs  Wrote customers: 3 row(s) to C:\Users\Mohit Patel\AppData\Local\Temp\pytest-of-spmohit\pytest-32\test_run_prints_table_with_row0\target\customers.parquet
2026-08-26 10:17:32,445  INFO      eds_loader.connectors.local_fs  Wrote orders: 2 row(s) to C:\Users\Mohit Patel\AppData\Local\Temp\pytest-of-spmohit\pytest-32\test_run_prints_table_with_row0\target\orders.parquet
2026-08-26 10:17:32,446  DEBUG     eds_loader.connectors.local_fs  Merging schema.json at target
2026-08-26 10:17:32,447  INFO      eds_loader.loader  Load complete: 5 row(s) written
2026-08-26 10:17:32,447  INFO      eds_loader.cli.main  Run complete: 5 row(s) across 2 table(s) in 0.0s
2026-08-26 10:17:32,473  INFO      eds_loader.cli.main  eds-loader run invoked (config=C:\Users\Mohit Patel\AppData\Local\Temp\pytest-of-spmohit\pytest-32\test_run_prints_timing_in_seco0\loader.yaml, dry_run=False)
2026-08-26 10:17:32,497  INFO      eds_loader.cli.main  Config loaded: source=local_fs target=local_fs tables=(all) enforce_constraints=True schema_required=True
2026-08-26 10:17:32,498  DEBUG     eds_loader.connectors.local_fs  Reading schema.json from C:\Users\Mohit Patel\AppData\Local\Temp\pytest-of-spmohit\pytest-32\test_run_prints_timing_in_seco0\source\schema.json
2026-08-26 10:17:32,501  DEBUG     eds_loader.connectors.local_fs  schema.json parsed: 2 dataset(s)
2026-08-26 10:17:32,506  INFO      eds_loader.connectors.local_fs  Read customers: 3 row(s) from C:\Users\Mohit Patel\AppData\Local\Temp\pytest-of-spmohit\pytest-32\test_run_prints_timing_in_seco0\source\customers.parquet
2026-08-26 10:17:32,511  INFO      eds_loader.connectors.local_fs  Read orders: 2 row(s) from C:\Users\Mohit Patel\AppData\Local\Temp\pytest-of-spmohit\pytest-32\test_run_prints_timing_in_seco0\source\orders.parquet
2026-08-26 10:17:32,511  INFO      eds_loader.loader  Read 2 dataset(s) from source
2026-08-26 10:17:32,514  INFO      eds_loader.connectors.local_fs  Wrote customers: 3 row(s) to C:\Users\Mohit Patel\AppData\Local\Temp\pytest-of-spmohit\pytest-32\test_run_prints_timing_in_seco0\target\customers.parquet
2026-08-26 10:17:32,516  INFO      eds_loader.connectors.local_fs  Wrote orders: 2 row(s) to C:\Users\Mohit Patel\AppData\Local\Temp\pytest-of-spmohit\pytest-32\test_run_prints_timing_in_seco0\target\orders.parquet
2026-08-26 10:17:32,516  DEBUG     eds_loader.connectors.local_fs  Merging schema.json at target
2026-08-26 10:17:32,517  INFO      eds_loader.loader  Load complete: 5 row(s) written
2026-08-26 10:17:32,517  INFO      eds_loader.cli.main  Run complete: 5 row(s) across 2 table(s) in 0.0s
2026-08-26 10:17:32,545  INFO      eds_loader.cli.main  eds-loader run invoked (config=C:\Users\Mohit Patel\AppData\Local\Temp\pytest-of-spmohit\pytest-32\test_run_table_has_location_co0\loader.yaml, dry_run=False)
2026-08-26 10:17:32,566  INFO      eds_loader.cli.main  Config loaded: source=local_fs target=local_fs tables=(all) enforce_constraints=True schema_required=True
2026-08-26 10:17:32,566  DEBUG     eds_loader.connectors.local_fs  Reading schema.json from C:\Users\Mohit Patel\AppData\Local\Temp\pytest-of-spmohit\pytest-32\test_run_table_has_location_co0\source\schema.json
2026-08-26 10:17:32,569  DEBUG     eds_loader.connectors.local_fs  schema.json parsed: 2 dataset(s)
2026-08-26 10:17:32,573  INFO      eds_loader.connectors.local_fs  Read customers: 3 row(s) from C:\Users\Mohit Patel\AppData\Local\Temp\pytest-of-spmohit\pytest-32\test_run_table_has_location_co0\source\customers.parquet
2026-08-26 10:17:32,578  INFO      eds_loader.connectors.local_fs  Read orders: 2 row(s) from C:\Users\Mohit Patel\AppData\Local\Temp\pytest-of-spmohit\pytest-32\test_run_table_has_location_co0\source\orders.parquet
2026-08-26 10:17:32,578  INFO      eds_loader.loader  Read 2 dataset(s) from source
2026-08-26 10:17:32,581  INFO      eds_loader.connectors.local_fs  Wrote customers: 3 row(s) to C:\Users\Mohit Patel\AppData\Local\Temp\pytest-of-spmohit\pytest-32\test_run_table_has_location_co0\target\customers.parquet
2026-08-26 10:17:32,584  INFO      eds_loader.connectors.local_fs  Wrote orders: 2 row(s) to C:\Users\Mohit Patel\AppData\Local\Temp\pytest-of-spmohit\pytest-32\test_run_table_has_location_co0\target\orders.parquet
2026-08-26 10:17:32,585  DEBUG     eds_loader.connectors.local_fs  Merging schema.json at target
2026-08-26 10:17:32,585  INFO      eds_loader.loader  Load complete: 5 row(s) written
2026-08-26 10:17:32,586  INFO      eds_loader.cli.main  Run complete: 5 row(s) across 2 table(s) in 0.0s
2026-08-26 10:17:32,609  INFO      eds_loader.cli.main  eds-loader run invoked (config=C:\Users\Mohit Patel\AppData\Local\Temp\pytest-of-spmohit\pytest-32\test_run_missing_config_exits_0\nope.yaml, dry_run=False)
2026-08-26 10:17:32,609  ERROR     eds_loader.cli.main  Config parse failed: Config file not found: C:\Users\Mohit Patel\AppData\Local\Temp\pytest-of-spmohit\pytest-32\test_run_missing_config_exits_0\nope.yaml
2026-08-26 10:17:32,627  INFO      eds_loader.cli.main  eds-loader run invoked (config=C:\Users\Mohit Patel\AppData\Local\Temp\pytest-of-spmohit\pytest-32\test_run_invalid_yaml_exits_20\loader.yaml, dry_run=False)
2026-08-26 10:17:32,650  ERROR     eds_loader.cli.main  Config parse failed: Config file C:\Users\Mohit Patel\AppData\Local\Temp\pytest-of-spmohit\pytest-32\test_run_invalid_yaml_exits_20\loader.yaml is not valid YAML: while parsing a flow sequence
  in "<unicode string>", line 1, column 9:
    source: [unclosed
            ^
expected ',' or ']', but got '<stream end>'
  in "<unicode string>", line 1, column 18:
    source: [unclosed
                     ^
2026-08-26 10:17:32,668  INFO      eds_loader.cli.main  eds-loader run invoked (config=C:\Users\Mohit Patel\AppData\Local\Temp\pytest-of-spmohit\pytest-32\test_run_unknown_connector_kin0\loader.yaml, dry_run=False)
2026-08-26 10:17:32,688  INFO      eds_loader.cli.main  Config loaded: source=nosuchdb target=local_fs tables=(all) enforce_constraints=True schema_required=True
2026-08-26 10:17:32,689  ERROR     eds_loader.cli.main  Configuration error: Unknown connector kind 'nosuchdb'.
Known connectors: azure_blob, bigquery, elasticsearch, gcs, local_fs, mongodb, mssql, mysql, oracle, postgres, remote_fs, s3.
Run `eds-loader connectors` to see install status.
2026-08-26 10:17:32,714  INFO      eds_loader.cli.main  eds-loader run invoked (config=C:\Users\Mohit Patel\AppData\Local\Temp\pytest-of-spmohit\pytest-32\test_run_load_error_exits_30\loader.yaml, dry_run=False)
2026-08-26 10:17:32,740  INFO      eds_loader.cli.main  Config loaded: source=local_fs target=local_fs tables=(all) enforce_constraints=True schema_required=True
2026-08-26 10:17:32,741  ERROR     eds_loader.cli.main  Load failed after 0.0s: disk full
2026-08-26 10:17:32,773  INFO      eds_loader.cli.main  eds-loader run invoked (config=C:\Users\Mohit Patel\AppData\Local\Temp\pytest-of-spmohit\pytest-32\test_dry_run_exits_zero0\loader.yaml, dry_run=True)
2026-08-26 10:17:32,795  INFO      eds_loader.cli.main  Config loaded: source=local_fs target=local_fs tables=(all) enforce_constraints=True schema_required=True
2026-08-26 10:17:32,796  DEBUG     eds_loader.connectors.local_fs  Reading schema.json from C:\Users\Mohit Patel\AppData\Local\Temp\pytest-of-spmohit\pytest-32\test_dry_run_exits_zero0\source\schema.json
2026-08-26 10:17:32,799  DEBUG     eds_loader.connectors.local_fs  schema.json parsed: 2 dataset(s)
2026-08-26 10:17:32,799  INFO      eds_loader.cli.main  Dry-run: reading ['customers', 'orders'] dataset(s) from source
2026-08-26 10:17:32,805  INFO      eds_loader.connectors.local_fs  Read customers: 3 row(s) from C:\Users\Mohit Patel\AppData\Local\Temp\pytest-of-spmohit\pytest-32\test_dry_run_exits_zero0\source\customers.parquet
2026-08-26 10:17:32,811  INFO      eds_loader.connectors.local_fs  Read orders: 2 row(s) from C:\Users\Mohit Patel\AppData\Local\Temp\pytest-of-spmohit\pytest-32\test_dry_run_exits_zero0\source\orders.parquet
2026-08-26 10:17:32,812  INFO      eds_loader.cli.main  Dry-run complete: 5 row(s) across 2 dataset(s)
2026-08-26 10:17:32,838  INFO      eds_loader.cli.main  eds-loader run invoked (config=C:\Users\Mohit Patel\AppData\Local\Temp\pytest-of-spmohit\pytest-32\test_dry_run_shows_dataset_nam0\loader.yaml, dry_run=True)
2026-08-26 10:17:32,860  INFO      eds_loader.cli.main  Config loaded: source=local_fs target=local_fs tables=(all) enforce_constraints=True schema_required=True
2026-08-26 10:17:32,861  DEBUG     eds_loader.connectors.local_fs  Reading schema.json from C:\Users\Mohit Patel\AppData\Local\Temp\pytest-of-spmohit\pytest-32\test_dry_run_shows_dataset_nam0\source\schema.json
2026-08-26 10:17:32,863  DEBUG     eds_loader.connectors.local_fs  schema.json parsed: 2 dataset(s)
2026-08-26 10:17:32,864  INFO      eds_loader.cli.main  Dry-run: reading ['customers', 'orders'] dataset(s) from source
2026-08-26 10:17:32,868  INFO      eds_loader.connectors.local_fs  Read customers: 3 row(s) from C:\Users\Mohit Patel\AppData\Local\Temp\pytest-of-spmohit\pytest-32\test_dry_run_shows_dataset_nam0\source\customers.parquet
2026-08-26 10:17:32,873  INFO      eds_loader.connectors.local_fs  Read orders: 2 row(s) from C:\Users\Mohit Patel\AppData\Local\Temp\pytest-of-spmohit\pytest-32\test_dry_run_shows_dataset_nam0\source\orders.parquet
2026-08-26 10:17:32,873  INFO      eds_loader.cli.main  Dry-run complete: 5 row(s) across 2 dataset(s)
2026-08-26 10:17:32,897  INFO      eds_loader.cli.main  eds-loader run invoked (config=C:\Users\Mohit Patel\AppData\Local\Temp\pytest-of-spmohit\pytest-32\test_dry_run_shows_total_rows0\loader.yaml, dry_run=True)
2026-08-26 10:17:32,922  INFO      eds_loader.cli.main  Config loaded: source=local_fs target=local_fs tables=(all) enforce_constraints=True schema_required=True
2026-08-26 10:17:32,923  DEBUG     eds_loader.connectors.local_fs  Reading schema.json from C:\Users\Mohit Patel\AppData\Local\Temp\pytest-of-spmohit\pytest-32\test_dry_run_shows_total_rows0\source\schema.json
2026-08-26 10:17:32,924  DEBUG     eds_loader.connectors.local_fs  schema.json parsed: 2 dataset(s)
2026-08-26 10:17:32,924  INFO      eds_loader.cli.main  Dry-run: reading ['customers', 'orders'] dataset(s) from source
2026-08-26 10:17:32,927  INFO      eds_loader.connectors.local_fs  Read customers: 3 row(s) from C:\Users\Mohit Patel\AppData\Local\Temp\pytest-of-spmohit\pytest-32\test_dry_run_shows_total_rows0\source\customers.parquet
2026-08-26 10:17:32,931  INFO      eds_loader.connectors.local_fs  Read orders: 2 row(s) from C:\Users\Mohit Patel\AppData\Local\Temp\pytest-of-spmohit\pytest-32\test_dry_run_shows_total_rows0\source\orders.parquet
2026-08-26 10:17:32,931  INFO      eds_loader.cli.main  Dry-run complete: 5 row(s) across 2 dataset(s)
2026-08-26 10:17:32,954  INFO      eds_loader.cli.main  eds-loader run invoked (config=C:\Users\Mohit Patel\AppData\Local\Temp\pytest-of-spmohit\pytest-32\test_dry_run_does_not_write_ta0\loader.yaml, dry_run=True)
2026-08-26 10:17:32,973  INFO      eds_loader.cli.main  Config loaded: source=local_fs target=local_fs tables=(all) enforce_constraints=True schema_required=True
2026-08-26 10:17:32,973  DEBUG     eds_loader.connectors.local_fs  Reading schema.json from C:\Users\Mohit Patel\AppData\Local\Temp\pytest-of-spmohit\pytest-32\test_dry_run_does_not_write_ta0\source\schema.json
2026-08-26 10:17:32,976  DEBUG     eds_loader.connectors.local_fs  schema.json parsed: 2 dataset(s)
2026-08-26 10:17:32,977  INFO      eds_loader.cli.main  Dry-run: reading ['customers', 'orders'] dataset(s) from source
2026-08-26 10:17:32,981  INFO      eds_loader.connectors.local_fs  Read customers: 3 row(s) from C:\Users\Mohit Patel\AppData\Local\Temp\pytest-of-spmohit\pytest-32\test_dry_run_does_not_write_ta0\source\customers.parquet
2026-08-26 10:17:32,985  INFO      eds_loader.connectors.local_fs  Read orders: 2 row(s) from C:\Users\Mohit Patel\AppData\Local\Temp\pytest-of-spmohit\pytest-32\test_dry_run_does_not_write_ta0\source\orders.parquet
2026-08-26 10:17:32,985  INFO      eds_loader.cli.main  Dry-run complete: 5 row(s) across 2 dataset(s)
2026-08-26 10:17:33,013  INFO      eds_loader.cli.main  eds-loader run invoked (config=C:\Users\Mohit Patel\AppData\Local\Temp\pytest-of-spmohit\pytest-32\test_dry_run_shows_dry_run_hea0\loader.yaml, dry_run=True)
2026-08-26 10:17:33,039  INFO      eds_loader.cli.main  Config loaded: source=local_fs target=local_fs tables=(all) enforce_constraints=True schema_required=True
2026-08-26 10:17:33,040  DEBUG     eds_loader.connectors.local_fs  Reading schema.json from C:\Users\Mohit Patel\AppData\Local\Temp\pytest-of-spmohit\pytest-32\test_dry_run_shows_dry_run_hea0\source\schema.json
2026-08-26 10:17:33,042  DEBUG     eds_loader.connectors.local_fs  schema.json parsed: 2 dataset(s)
2026-08-26 10:17:33,043  INFO      eds_loader.cli.main  Dry-run: reading ['customers', 'orders'] dataset(s) from source
2026-08-26 10:17:33,048  INFO      eds_loader.connectors.local_fs  Read customers: 3 row(s) from C:\Users\Mohit Patel\AppData\Local\Temp\pytest-of-spmohit\pytest-32\test_dry_run_shows_dry_run_hea0\source\customers.parquet
2026-08-26 10:17:33,052  INFO      eds_loader.connectors.local_fs  Read orders: 2 row(s) from C:\Users\Mohit Patel\AppData\Local\Temp\pytest-of-spmohit\pytest-32\test_dry_run_shows_dry_run_hea0\source\orders.parquet
2026-08-26 10:17:33,052  INFO      eds_loader.cli.main  Dry-run complete: 5 row(s) across 2 dataset(s)
2026-08-26 10:17:33,085  INFO      eds_loader.cli.main  eds-loader run invoked (config=C:\Users\Mohit Patel\AppData\Local\Temp\pytest-of-spmohit\pytest-32\test_dry_run_source_error_exit0\loader.yaml, dry_run=True)
2026-08-26 10:17:33,105  INFO      eds_loader.cli.main  Config loaded: source=local_fs target=local_fs tables=(all) enforce_constraints=True schema_required=True
2026-08-26 10:17:33,106  ERROR     eds_loader.cli.main  Dry-run read failed: source down
2026-08-26 10:17:33,153  DEBUG     eds_loader.connectors.local_fs  Reading schema.json from C:\Users\Mohit Patel\AppData\Local\Temp\pytest-of-spmohit\pytest-32\test_validate_good_config_exit0\source\schema.json
2026-08-26 10:17:33,156  DEBUG     eds_loader.connectors.local_fs  schema.json parsed: 2 dataset(s)
2026-08-26 10:17:33,208  DEBUG     eds_loader.connectors.local_fs  Reading schema.json from C:\Users\Mohit Patel\AppData\Local\Temp\pytest-of-spmohit\pytest-32\test_validate_prints_checkmark0\source\schema.json
2026-08-26 10:17:33,211  DEBUG     eds_loader.connectors.local_fs  schema.json parsed: 2 dataset(s)
2026-08-26 10:17:33,258  DEBUG     eds_loader.connectors.local_fs  Reading schema.json from C:\Users\Mohit Patel\AppData\Local\Temp\pytest-of-spmohit\pytest-32\test_validate_shows_dataset_co0\source\schema.json
2026-08-26 10:17:33,262  DEBUG     eds_loader.connectors.local_fs  schema.json parsed: 2 dataset(s)
2026-08-26 10:17:33,473  DEBUG     eds_loader.connectors.local_fs  Reading schema.json from C:\Users\Mohit Patel\AppData\Local\Temp\pytest-of-spmohit\pytest-32\test_validate_shows_connector_0\source\schema.json
2026-08-26 10:17:33,477  DEBUG     eds_loader.connectors.local_fs  schema.json parsed: 2 dataset(s)
2026-08-26 10:17:34,403  INFO      eds_loader.loader  Read 2 dataset(s) from source
2026-08-26 10:17:34,407  INFO      eds_loader.connectors.local_fs  Wrote customers: 3 row(s) to C:\Users\Mohit Patel\AppData\Local\Temp\pytest-of-spmohit\pytest-32\test_integration_gcs_source_vi0\target\customers.parquet
2026-08-26 10:17:34,409  INFO      eds_loader.connectors.local_fs  Wrote orders: 2 row(s) to C:\Users\Mohit Patel\AppData\Local\Temp\pytest-of-spmohit\pytest-32\test_integration_gcs_source_vi0\target\orders.parquet
2026-08-26 10:17:34,409  DEBUG     eds_loader.connectors.local_fs  Merging schema.json at target
2026-08-26 10:17:34,410  INFO      eds_loader.loader  Load complete: 5 row(s) written
2026-08-26 10:17:34,421  INFO      eds_loader.loader  Read 2 dataset(s) from source
2026-08-26 10:17:34,421  INFO      eds_loader.loader  Load complete: 3 row(s) written
2026-08-26 10:17:34,425  INFO      eds_loader.loader  Read 2 dataset(s) from source
2026-08-26 10:17:34,426  INFO      eds_loader.loader  Load complete: 3 row(s) written
2026-08-26 10:17:34,432  INFO      eds_loader.loader  Read 2 dataset(s) from source
2026-08-26 10:17:34,432  INFO      eds_loader.loader  Load complete: 3 row(s) written
2026-08-26 10:17:34,438  INFO      eds_loader.loader  Read 2 dataset(s) from source
2026-08-26 10:17:34,438  INFO      eds_loader.loader  Load complete: 3 row(s) written
2026-08-26 10:17:34,445  INFO      eds_loader.loader  Read 1 dataset(s) from source
2026-08-26 10:17:34,446  INFO      eds_loader.loader  Load complete: 1 row(s) written
2026-08-26 10:17:34,494  DEBUG     eds_loader.connectors.local_fs  Reading schema.json from C:\Users\Mohit Patel\AppData\Local\Temp\pytest-of-spmohit\pytest-32\test_read_schema_metadata_retu0\schema.json
2026-08-26 10:17:34,520  DEBUG     eds_loader.connectors.local_fs  schema.json parsed: 2 dataset(s)
2026-08-26 10:17:34,533  DEBUG     eds_loader.connectors.local_fs  Reading schema.json from C:\Users\Mohit Patel\AppData\Local\Temp\pytest-of-spmohit\pytest-32\test_read_schema_metadata_cont0\schema.json
2026-08-26 10:17:34,537  DEBUG     eds_loader.connectors.local_fs  schema.json parsed: 2 dataset(s)
2026-08-26 10:17:34,552  DEBUG     eds_loader.connectors.local_fs  Reading schema.json from C:\Users\Mohit Patel\AppData\Local\Temp\pytest-of-spmohit\pytest-32\test_read_schema_metadata_corr0\schema.json
2026-08-26 10:17:34,582  DEBUG     eds_loader.connectors.local_fs  Reading schema.json from C:\Users\Mohit Patel\AppData\Local\Temp\pytest-of-spmohit\pytest-32\test_read_schema_metadata_empt0\schema.json
2026-08-26 10:17:34,601  DEBUG     eds_loader.connectors.local_fs  Auto-discovered 2 parquet file(s) in C:\Users\Mohit Patel\AppData\Local\Temp\pytest-of-spmohit\pytest-32\test_read_datasets_none_reads_0
2026-08-26 10:17:34,624  INFO      eds_loader.connectors.local_fs  Read customers: 3 row(s) from C:\Users\Mohit Patel\AppData\Local\Temp\pytest-of-spmohit\pytest-32\test_read_datasets_none_reads_0\customers.parquet
2026-08-26 10:17:34,648  INFO      eds_loader.connectors.local_fs  Read orders: 2 row(s) from C:\Users\Mohit Patel\AppData\Local\Temp\pytest-of-spmohit\pytest-32\test_read_datasets_none_reads_0\orders.parquet
2026-08-26 10:17:34,660  DEBUG     eds_loader.connectors.local_fs  Auto-discovered 1 parquet file(s) in C:\Users\Mohit Patel\AppData\Local\Temp\pytest-of-spmohit\pytest-32\test_read_datasets_none_ignore0
2026-08-26 10:17:34,685  INFO      eds_loader.connectors.local_fs  Read data: 1 row(s) from C:\Users\Mohit Patel\AppData\Local\Temp\pytest-of-spmohit\pytest-32\test_read_datasets_none_ignore0\data.parquet
2026-08-26 10:17:34,700  DEBUG     eds_loader.connectors.local_fs  Auto-discovered 2 parquet file(s) in C:\Users\Mohit Patel\AppData\Local\Temp\pytest-of-spmohit\pytest-32\test_read_datasets_none_return0
2026-08-26 10:17:34,704  INFO      eds_loader.connectors.local_fs  Read customers: 3 row(s) from C:\Users\Mohit Patel\AppData\Local\Temp\pytest-of-spmohit\pytest-32\test_read_datasets_none_return0\customers.parquet
2026-08-26 10:17:34,707  INFO      eds_loader.connectors.local_fs  Read orders: 2 row(s) from C:\Users\Mohit Patel\AppData\Local\Temp\pytest-of-spmohit\pytest-32\test_read_datasets_none_return0\orders.parquet
2026-08-26 10:17:34,716  DEBUG     eds_loader.connectors.local_fs  Auto-discovered 0 parquet file(s) in C:\Users\Mohit Patel\AppData\Local\Temp\pytest-of-spmohit\pytest-32\test_read_datasets_none_empty_0
2026-08-26 10:17:34,732  INFO      eds_loader.connectors.local_fs  Read customers: 3 row(s) from C:\Users\Mohit Patel\AppData\Local\Temp\pytest-of-spmohit\pytest-32\test_read_datasets_explicit_na0\customers.parquet
2026-08-26 10:17:34,747  INFO      eds_loader.connectors.local_fs  Read customers: 3 row(s) from C:\Users\Mohit Patel\AppData\Local\Temp\pytest-of-spmohit\pytest-32\test_read_datasets_explicit_pr0\customers.parquet
2026-08-26 10:17:34,773  INFO      eds_loader.connectors.local_fs  Read customers: 3 row(s) from C:\Users\Mohit Patel\AppData\Local\Temp\pytest-of-spmohit\pytest-32\test_read_datasets_one_missing0\customers.parquet
2026-08-26 10:17:34,786  INFO      eds_loader.connectors.local_fs  Wrote customers: 3 row(s) to C:\Users\Mohit Patel\AppData\Local\Temp\pytest-of-spmohit\pytest-32\test_write_datasets_creates_di0\deep\nested\dir\customers.parquet
2026-08-26 10:17:34,787  INFO      eds_loader.connectors.local_fs  Wrote orders: 2 row(s) to C:\Users\Mohit Patel\AppData\Local\Temp\pytest-of-spmohit\pytest-32\test_write_datasets_creates_di0\deep\nested\dir\orders.parquet
2026-08-26 10:17:34,796  INFO      eds_loader.connectors.local_fs  Wrote customers: 3 row(s) to C:\Users\Mohit Patel\AppData\Local\Temp\pytest-of-spmohit\pytest-32\test_write_datasets_writes_par0\customers.parquet
2026-08-26 10:17:34,798  INFO      eds_loader.connectors.local_fs  Wrote orders: 2 row(s) to C:\Users\Mohit Patel\AppData\Local\Temp\pytest-of-spmohit\pytest-32\test_write_datasets_writes_par0\orders.parquet
2026-08-26 10:17:34,806  INFO      eds_loader.connectors.local_fs  Wrote customers: 3 row(s) to C:\Users\Mohit Patel\AppData\Local\Temp\pytest-of-spmohit\pytest-32\test_write_datasets_returns_on0\customers.parquet
2026-08-26 10:17:34,808  INFO      eds_loader.connectors.local_fs  Wrote orders: 2 row(s) to C:\Users\Mohit Patel\AppData\Local\Temp\pytest-of-spmohit\pytest-32\test_write_datasets_returns_on0\orders.parquet
2026-08-26 10:17:34,816  INFO      eds_loader.connectors.local_fs  Wrote customers: 3 row(s) to C:\Users\Mohit Patel\AppData\Local\Temp\pytest-of-spmohit\pytest-32\test_write_datasets_result_row0\customers.parquet
2026-08-26 10:17:34,818  INFO      eds_loader.connectors.local_fs  Wrote orders: 2 row(s) to C:\Users\Mohit Patel\AppData\Local\Temp\pytest-of-spmohit\pytest-32\test_write_datasets_result_row0\orders.parquet
2026-08-26 10:17:34,826  INFO      eds_loader.connectors.local_fs  Wrote customers: 3 row(s) to C:\Users\Mohit Patel\AppData\Local\Temp\pytest-of-spmohit\pytest-32\test_write_datasets_result_loc0\customers.parquet
2026-08-26 10:17:34,828  INFO      eds_loader.connectors.local_fs  Wrote orders: 2 row(s) to C:\Users\Mohit Patel\AppData\Local\Temp\pytest-of-spmohit\pytest-32\test_write_datasets_result_loc0\orders.parquet
2026-08-26 10:17:34,837  INFO      eds_loader.connectors.local_fs  Wrote data: 3 row(s) to C:\Users\Mohit Patel\AppData\Local\Temp\pytest-of-spmohit\pytest-32\test_write_datasets_overwrites0\data.parquet
2026-08-26 10:17:34,840  INFO      eds_loader.connectors.local_fs  Wrote data: 1 row(s) to C:\Users\Mohit Patel\AppData\Local\Temp\pytest-of-spmohit\pytest-32\test_write_datasets_overwrites0\data.parquet
2026-08-26 10:17:34,870  INFO      eds_loader.connectors.local_fs  Wrote customers: 3 row(s) to C:\Users\Mohit Patel\AppData\Local\Temp\pytest-of-spmohit\pytest-32\test_write_datasets_writes_sch0\customers.parquet
2026-08-26 10:17:34,872  INFO      eds_loader.connectors.local_fs  Wrote orders: 2 row(s) to C:\Users\Mohit Patel\AppData\Local\Temp\pytest-of-spmohit\pytest-32\test_write_datasets_writes_sch0\orders.parquet
2026-08-26 10:17:34,872  DEBUG     eds_loader.connectors.local_fs  Merging schema.json at target
2026-08-26 10:17:34,897  INFO      eds_loader.connectors.local_fs  Wrote customers: 3 row(s) to C:\Users\Mohit Patel\AppData\Local\Temp\pytest-of-spmohit\pytest-32\test_write_datasets_skips_sche0\customers.parquet
2026-08-26 10:17:34,899  INFO      eds_loader.connectors.local_fs  Wrote orders: 2 row(s) to C:\Users\Mohit Patel\AppData\Local\Temp\pytest-of-spmohit\pytest-32\test_write_datasets_skips_sche0\orders.parquet
2026-08-26 10:17:34,911  INFO      eds_loader.connectors.local_fs  Wrote customers: 3 row(s) to C:\Users\Mohit Patel\AppData\Local\Temp\pytest-of-spmohit\pytest-32\test_write_datasets_merges_sch0\customers.parquet
2026-08-26 10:17:34,913  INFO      eds_loader.connectors.local_fs  Wrote orders: 2 row(s) to C:\Users\Mohit Patel\AppData\Local\Temp\pytest-of-spmohit\pytest-32\test_write_datasets_merges_sch0\orders.parquet
2026-08-26 10:17:34,914  DEBUG     eds_loader.connectors.local_fs  Merging schema.json at target
2026-08-26 10:17:34,971  INFO      eds_loader.connectors.local_fs  Wrote customers: 3 row(s) to C:\Users\Mohit Patel\AppData\Local\Temp\pytest-of-spmohit\pytest-32\test_write_datasets_corrupt_ex0\customers.parquet
2026-08-26 10:17:34,972  INFO      eds_loader.connectors.local_fs  Wrote orders: 2 row(s) to C:\Users\Mohit Patel\AppData\Local\Temp\pytest-of-spmohit\pytest-32\test_write_datasets_corrupt_ex0\orders.parquet
2026-08-26 10:17:34,973  DEBUG     eds_loader.connectors.local_fs  Merging schema.json at target
2026-08-26 10:17:35,016  INFO      eds_loader.connectors.local_fs  Wrote customers: 3 row(s) to C:\Users\Mohit Patel\AppData\Local\Temp\pytest-of-spmohit\pytest-32\test_round_trip_dataframes_mat0\customers.parquet
2026-08-26 10:17:35,018  INFO      eds_loader.connectors.local_fs  Wrote orders: 2 row(s) to C:\Users\Mohit Patel\AppData\Local\Temp\pytest-of-spmohit\pytest-32\test_round_trip_dataframes_mat0\orders.parquet
2026-08-26 10:17:35,019  DEBUG     eds_loader.connectors.local_fs  Merging schema.json at target
2026-08-26 10:17:35,025  INFO      eds_loader.connectors.local_fs  Read customers: 3 row(s) from C:\Users\Mohit Patel\AppData\Local\Temp\pytest-of-spmohit\pytest-32\test_round_trip_dataframes_mat0\customers.parquet
2026-08-26 10:17:35,029  INFO      eds_loader.connectors.local_fs  Read orders: 2 row(s) from C:\Users\Mohit Patel\AppData\Local\Temp\pytest-of-spmohit\pytest-32\test_round_trip_dataframes_mat0\orders.parquet
2026-08-26 10:17:35,040  INFO      eds_loader.connectors.local_fs  Wrote customers: 3 row(s) to C:\Users\Mohit Patel\AppData\Local\Temp\pytest-of-spmohit\pytest-32\test_round_trip_schema_survive0\customers.parquet
2026-08-26 10:17:35,042  INFO      eds_loader.connectors.local_fs  Wrote orders: 2 row(s) to C:\Users\Mohit Patel\AppData\Local\Temp\pytest-of-spmohit\pytest-32\test_round_trip_schema_survive0\orders.parquet
2026-08-26 10:17:35,042  DEBUG     eds_loader.connectors.local_fs  Merging schema.json at target
2026-08-26 10:17:35,044  DEBUG     eds_loader.connectors.local_fs  Reading schema.json from C:\Users\Mohit Patel\AppData\Local\Temp\pytest-of-spmohit\pytest-32\test_round_trip_schema_survive0\schema.json
2026-08-26 10:17:35,047  DEBUG     eds_loader.connectors.local_fs  schema.json parsed: 2 dataset(s)
2026-08-26 10:17:35,062  DEBUG     eds_loader.connectors.local_fs  Reading schema.json from C:\Users\Mohit Patel\AppData\Local\Temp\pytest-of-spmohit\pytest-32\test_integration_local_to_loca0\schema.json
2026-08-26 10:17:35,066  DEBUG     eds_loader.connectors.local_fs  schema.json parsed: 2 dataset(s)
2026-08-26 10:17:35,069  INFO      eds_loader.connectors.local_fs  Read customers: 3 row(s) from C:\Users\Mohit Patel\AppData\Local\Temp\pytest-of-spmohit\pytest-32\test_integration_local_to_loca0\customers.parquet
2026-08-26 10:17:35,073  INFO      eds_loader.connectors.local_fs  Read orders: 2 row(s) from C:\Users\Mohit Patel\AppData\Local\Temp\pytest-of-spmohit\pytest-32\test_integration_local_to_loca0\orders.parquet
2026-08-26 10:17:35,073  INFO      eds_loader.loader  Read 2 dataset(s) from source
2026-08-26 10:17:35,075  INFO      eds_loader.connectors.local_fs  Wrote customers: 3 row(s) to C:\Users\Mohit Patel\AppData\Local\Temp\pytest-of-spmohit\pytest-32\test_integration_local_to_loca0\target\customers.parquet
2026-08-26 10:17:35,077  INFO      eds_loader.connectors.local_fs  Wrote orders: 2 row(s) to C:\Users\Mohit Patel\AppData\Local\Temp\pytest-of-spmohit\pytest-32\test_integration_local_to_loca0\target\orders.parquet
2026-08-26 10:17:35,077  DEBUG     eds_loader.connectors.local_fs  Merging schema.json at target
2026-08-26 10:17:35,078  INFO      eds_loader.loader  Load complete: 5 row(s) written
2026-08-26 10:17:35,095  DEBUG     eds_loader.connectors.local_fs  Reading schema.json from C:\Users\Mohit Patel\AppData\Local\Temp\pytest-of-spmohit\pytest-32\test_integration_table_subset_0\schema.json
2026-08-26 10:17:35,098  DEBUG     eds_loader.connectors.local_fs  schema.json parsed: 2 dataset(s)
2026-08-26 10:17:35,103  INFO      eds_loader.connectors.local_fs  Read customers: 3 row(s) from C:\Users\Mohit Patel\AppData\Local\Temp\pytest-of-spmohit\pytest-32\test_integration_table_subset_0\customers.parquet
2026-08-26 10:17:35,104  INFO      eds_loader.loader  Read 1 dataset(s) from source
2026-08-26 10:17:35,109  INFO      eds_loader.connectors.local_fs  Wrote customers: 3 row(s) to C:\Users\Mohit Patel\AppData\Local\Temp\pytest-of-spmohit\pytest-32\test_integration_table_subset_0\target_subset\customers.parquet
2026-08-26 10:17:35,109  DEBUG     eds_loader.connectors.local_fs  Merging schema.json at target
2026-08-26 10:17:35,111  INFO      eds_loader.loader  Load complete: 3 row(s) written
2026-08-26 10:17:35,132  DEBUG     eds_loader.connectors.local_fs  Reading schema.json from C:\Users\Mohit Patel\AppData\Local\Temp\pytest-of-spmohit\pytest-32\test_integration_schema_json_w0\schema.json
2026-08-26 10:17:35,134  DEBUG     eds_loader.connectors.local_fs  schema.json parsed: 2 dataset(s)
2026-08-26 10:17:35,139  INFO      eds_loader.connectors.local_fs  Read customers: 3 row(s) from C:\Users\Mohit Patel\AppData\Local\Temp\pytest-of-spmohit\pytest-32\test_integration_schema_json_w0\customers.parquet
2026-08-26 10:17:35,145  INFO      eds_loader.connectors.local_fs  Read orders: 2 row(s) from C:\Users\Mohit Patel\AppData\Local\Temp\pytest-of-spmohit\pytest-32\test_integration_schema_json_w0\orders.parquet
2026-08-26 10:17:35,146  INFO      eds_loader.loader  Read 2 dataset(s) from source
2026-08-26 10:17:35,149  INFO      eds_loader.connectors.local_fs  Wrote customers: 3 row(s) to C:\Users\Mohit Patel\AppData\Local\Temp\pytest-of-spmohit\pytest-32\test_integration_schema_json_w0\target_schema\customers.parquet
2026-08-26 10:17:35,153  INFO      eds_loader.connectors.local_fs  Wrote orders: 2 row(s) to C:\Users\Mohit Patel\AppData\Local\Temp\pytest-of-spmohit\pytest-32\test_integration_schema_json_w0\target_schema\orders.parquet
2026-08-26 10:17:35,153  DEBUG     eds_loader.connectors.local_fs  Merging schema.json at target
2026-08-26 10:17:35,155  INFO      eds_loader.loader  Load complete: 5 row(s) written
2026-08-26 10:17:35,173  DEBUG     eds_loader.connectors.local_fs  Reading schema.json from C:\Users\Mohit Patel\AppData\Local\Temp\pytest-of-spmohit\pytest-32\test_integration_schema_json_n0\schema.json
2026-08-26 10:17:35,175  DEBUG     eds_loader.connectors.local_fs  schema.json parsed: 2 dataset(s)
2026-08-26 10:17:35,181  INFO      eds_loader.connectors.local_fs  Read customers: 3 row(s) from C:\Users\Mohit Patel\AppData\Local\Temp\pytest-of-spmohit\pytest-32\test_integration_schema_json_n0\customers.parquet
2026-08-26 10:17:35,184  INFO      eds_loader.connectors.local_fs  Read orders: 2 row(s) from C:\Users\Mohit Patel\AppData\Local\Temp\pytest-of-spmohit\pytest-32\test_integration_schema_json_n0\orders.parquet
2026-08-26 10:17:35,184  INFO      eds_loader.loader  Read 2 dataset(s) from source
2026-08-26 10:17:35,187  INFO      eds_loader.connectors.local_fs  Wrote customers: 3 row(s) to C:\Users\Mohit Patel\AppData\Local\Temp\pytest-of-spmohit\pytest-32\test_integration_schema_json_n0\target_no_schema\customers.parquet
2026-08-26 10:17:35,189  INFO      eds_loader.connectors.local_fs  Wrote orders: 2 row(s) to C:\Users\Mohit Patel\AppData\Local\Temp\pytest-of-spmohit\pytest-32\test_integration_schema_json_n0\target_no_schema\orders.parquet
2026-08-26 10:17:35,189  INFO      eds_loader.loader  Load complete: 5 row(s) written
2026-08-26 10:17:35,221  INFO      eds_loader.connectors.mongodb  Connected to MongoDB localhost:27017/test_db
2026-08-26 10:17:35,222  DEBUG     eds_loader.connectors.mongodb  [customers] dropping existing collection
2026-08-26 10:17:35,223  DEBUG     eds_loader.connectors.mongodb  [customers] inserting 3 document(s)
2026-08-26 10:17:35,224  INFO      eds_loader.connectors.mongodb  [customers] wrote 3 document(s) in 0.00s
2026-08-26 10:17:35,224  DEBUG     eds_loader.connectors.mongodb  [orders] dropping existing collection
2026-08-26 10:17:35,225  DEBUG     eds_loader.connectors.mongodb  [orders] inserting 2 document(s)
2026-08-26 10:17:35,225  INFO      eds_loader.connectors.mongodb  [orders] wrote 2 document(s) in 0.00s
2026-08-26 10:17:35,230  INFO      eds_loader.connectors.mongodb  Connected to MongoDB localhost:27017/test_db
2026-08-26 10:17:35,231  DEBUG     eds_loader.connectors.mongodb  [data] dropping existing collection
2026-08-26 10:17:35,231  DEBUG     eds_loader.connectors.mongodb  [data] inserting 2 document(s)
2026-08-26 10:17:35,232  INFO      eds_loader.connectors.mongodb  [data] wrote 2 document(s) in 0.00s
2026-08-26 10:17:35,236  INFO      eds_loader.connectors.mongodb  Connected to MongoDB localhost:27017/test_db
2026-08-26 10:17:35,236  DEBUG     eds_loader.connectors.mongodb  [t] dropping existing collection
2026-08-26 10:17:35,236  DEBUG     eds_loader.connectors.mongodb  [t] inserting 1 document(s)
2026-08-26 10:17:35,236  INFO      eds_loader.connectors.mongodb  [t] wrote 1 document(s) in 0.00s
2026-08-26 10:17:35,241  INFO      eds_loader.connectors.mongodb  Connected to MongoDB localhost:27017/test_db
2026-08-26 10:17:35,241  DEBUG     eds_loader.connectors.mongodb  [empty] dropping existing collection
2026-08-26 10:17:35,242  INFO      eds_loader.connectors.mongodb  [empty] wrote 0 document(s) in 0.00s
2026-08-26 10:17:35,246  INFO      eds_loader.connectors.mongodb  Connected to MongoDB localhost:27017/test_db
2026-08-26 10:17:35,246  DEBUG     eds_loader.connectors.mongodb  [empty] dropping existing collection
2026-08-26 10:17:35,247  INFO      eds_loader.connectors.mongodb  [empty] wrote 0 document(s) in 0.00s
2026-08-26 10:17:35,249  INFO      eds_loader.connectors.mongodb  Connected to MongoDB localhost:27017/test_db
2026-08-26 10:17:35,250  DEBUG     eds_loader.connectors.mongodb  [customers] dropping existing collection
2026-08-26 10:17:35,250  DEBUG     eds_loader.connectors.mongodb  [customers] inserting 3 document(s)
2026-08-26 10:17:35,250  INFO      eds_loader.connectors.mongodb  [customers] wrote 3 document(s) in 0.00s
2026-08-26 10:17:35,251  DEBUG     eds_loader.connectors.mongodb  [orders] dropping existing collection
2026-08-26 10:17:35,251  DEBUG     eds_loader.connectors.mongodb  [orders] inserting 2 document(s)
2026-08-26 10:17:35,252  INFO      eds_loader.connectors.mongodb  [orders] wrote 2 document(s) in 0.00s
2026-08-26 10:17:35,257  INFO      eds_loader.connectors.mongodb  Connected to MongoDB localhost:27017/test_db
2026-08-26 10:17:35,257  DEBUG     eds_loader.connectors.mongodb  [customers] dropping existing collection
2026-08-26 10:17:35,258  DEBUG     eds_loader.connectors.mongodb  [customers] inserting 3 document(s)
2026-08-26 10:17:35,259  INFO      eds_loader.connectors.mongodb  [customers] wrote 3 document(s) in 0.00s
2026-08-26 10:17:35,259  DEBUG     eds_loader.connectors.mongodb  [orders] dropping existing collection
2026-08-26 10:17:35,260  DEBUG     eds_loader.connectors.mongodb  [orders] inserting 2 document(s)
2026-08-26 10:17:35,260  INFO      eds_loader.connectors.mongodb  [orders] wrote 2 document(s) in 0.00s
2026-08-26 10:17:35,264  INFO      eds_loader.connectors.mongodb  Connected to MongoDB mgserver:27020/mydb
2026-08-26 10:17:35,264  DEBUG     eds_loader.connectors.mongodb  [tbl] dropping existing collection
2026-08-26 10:17:35,264  DEBUG     eds_loader.connectors.mongodb  [tbl] inserting 1 document(s)
2026-08-26 10:17:35,266  INFO      eds_loader.connectors.mongodb  [tbl] wrote 1 document(s) in 0.00s
2026-08-26 10:17:35,272  INFO      eds_loader.connectors.mongodb  Connected to MongoDB localhost:27017/test_db
2026-08-26 10:17:35,273  DEBUG     eds_loader.connectors.mongodb  [z] dropping existing collection
2026-08-26 10:17:35,274  DEBUG     eds_loader.connectors.mongodb  [z] inserting 1 document(s)
2026-08-26 10:17:35,274  INFO      eds_loader.connectors.mongodb  [z] wrote 1 document(s) in 0.00s
2026-08-26 10:17:35,274  DEBUG     eds_loader.connectors.mongodb  [a] dropping existing collection
2026-08-26 10:17:35,275  DEBUG     eds_loader.connectors.mongodb  [a] inserting 1 document(s)
2026-08-26 10:17:35,275  INFO      eds_loader.connectors.mongodb  [a] wrote 1 document(s) in 0.00s
2026-08-26 10:17:35,280  INFO      eds_loader.connectors.mongodb  Connected to MongoDB localhost:27017/test_db
2026-08-26 10:17:35,281  DEBUG     eds_loader.connectors.mongodb  [orders] dropping existing collection
2026-08-26 10:17:35,281  DEBUG     eds_loader.connectors.mongodb  [orders] inserting 1 document(s)
2026-08-26 10:17:35,282  DEBUG     eds_loader.connectors.mongodb  [orders] creating indexes from schema metadata
2026-08-26 10:17:35,282  INFO      eds_loader.connectors.mongodb  [orders] wrote 1 document(s) in 0.00s
2026-08-26 10:17:35,283  DEBUG     eds_loader.connectors.mongodb  [customers] dropping existing collection
2026-08-26 10:17:35,283  DEBUG     eds_loader.connectors.mongodb  [customers] inserting 1 document(s)
2026-08-26 10:17:35,283  DEBUG     eds_loader.connectors.mongodb  [customers] creating indexes from schema metadata
2026-08-26 10:17:35,284  INFO      eds_loader.connectors.mongodb  [customers] wrote 1 document(s) in 0.00s
2026-08-26 10:17:35,298  INFO      eds_loader.connectors.mongodb  Connected to MongoDB localhost:27017/test_db
2026-08-26 10:17:35,299  DEBUG     eds_loader.connectors.mongodb  [customers] dropping existing collection
2026-08-26 10:17:35,299  DEBUG     eds_loader.connectors.mongodb  [customers] inserting 1 document(s)
2026-08-26 10:17:35,300  DEBUG     eds_loader.connectors.mongodb  [customers] creating indexes from schema metadata
2026-08-26 10:17:35,301  INFO      eds_loader.connectors.mongodb  [customers] wrote 1 document(s) in 0.00s
2026-08-26 10:17:35,306  INFO      eds_loader.connectors.mongodb  Connected to MongoDB localhost:27017/test_db
2026-08-26 10:17:35,306  DEBUG     eds_loader.connectors.mongodb  [customers] dropping existing collection
2026-08-26 10:17:35,308  DEBUG     eds_loader.connectors.mongodb  [customers] inserting 1 document(s)
2026-08-26 10:17:35,308  DEBUG     eds_loader.connectors.mongodb  [customers] creating indexes from schema metadata
2026-08-26 10:17:35,308  INFO      eds_loader.connectors.mongodb  [customers] wrote 1 document(s) in 0.00s
2026-08-26 10:17:35,313  INFO      eds_loader.connectors.mongodb  Connected to MongoDB localhost:27017/test_db
2026-08-26 10:17:35,313  DEBUG     eds_loader.connectors.mongodb  [orders] dropping existing collection
2026-08-26 10:17:35,314  DEBUG     eds_loader.connectors.mongodb  [orders] inserting 1 document(s)
2026-08-26 10:17:35,315  DEBUG     eds_loader.connectors.mongodb  [orders] creating indexes from schema metadata
2026-08-26 10:17:35,316  INFO      eds_loader.connectors.mongodb  [orders] wrote 1 document(s) in 0.00s
2026-08-26 10:17:35,320  INFO      eds_loader.connectors.mongodb  Connected to MongoDB localhost:27017/test_db
2026-08-26 10:17:35,320  DEBUG     eds_loader.connectors.mongodb  [customers] dropping existing collection
2026-08-26 10:17:35,321  DEBUG     eds_loader.connectors.mongodb  [customers] inserting 1 document(s)
2026-08-26 10:17:35,321  INFO      eds_loader.connectors.mongodb  [customers] wrote 1 document(s) in 0.00s
2026-08-26 10:17:35,333  INFO      eds_loader.connectors.mongodb  Connected to MongoDB localhost:27017/test_db
2026-08-26 10:17:35,333  DEBUG     eds_loader.connectors.mongodb  [t] dropping existing collection
2026-08-26 10:17:35,334  ERROR     eds_loader.connectors.mongodb  [t] write failed: network error
2026-08-26 10:17:35,337  INFO      eds_loader.connectors.mongodb  Connected to MongoDB localhost:27017/test_db
2026-08-26 10:17:35,337  DEBUG     eds_loader.connectors.mongodb  [t] dropping existing collection
2026-08-26 10:17:35,337  DEBUG     eds_loader.connectors.mongodb  [t] inserting 1 document(s)
2026-08-26 10:17:35,337  ERROR     eds_loader.connectors.mongodb  [t] write failed: duplicate key
2026-08-26 10:17:35,354  DEBUG     eds_loader.connectors.local_fs  Reading schema.json from C:\Users\Mohit Patel\AppData\Local\Temp\pytest-of-spmohit\pytest-32\test_integration_local_fs_to_m0\source\schema.json
2026-08-26 10:17:35,379  DEBUG     eds_loader.connectors.local_fs  schema.json parsed: 2 dataset(s)
2026-08-26 10:17:35,402  INFO      eds_loader.connectors.local_fs  Read customers: 3 row(s) from C:\Users\Mohit Patel\AppData\Local\Temp\pytest-of-spmohit\pytest-32\test_integration_local_fs_to_m0\source\customers.parquet
2026-08-26 10:17:35,424  INFO      eds_loader.connectors.local_fs  Read orders: 2 row(s) from C:\Users\Mohit Patel\AppData\Local\Temp\pytest-of-spmohit\pytest-32\test_integration_local_fs_to_m0\source\orders.parquet
2026-08-26 10:17:35,424  INFO      eds_loader.loader  Read 2 dataset(s) from source
2026-08-26 10:17:35,424  INFO      eds_loader.connectors.mongodb  Connected to MongoDB localhost:27017/test_db
2026-08-26 10:17:35,425  DEBUG     eds_loader.connectors.mongodb  [customers] dropping existing collection
2026-08-26 10:17:35,425  DEBUG     eds_loader.connectors.mongodb  [customers] inserting 3 document(s)
2026-08-26 10:17:35,426  DEBUG     eds_loader.connectors.mongodb  [customers] creating indexes from schema metadata
2026-08-26 10:17:35,426  INFO      eds_loader.connectors.mongodb  [customers] wrote 3 document(s) in 0.00s
2026-08-26 10:17:35,426  DEBUG     eds_loader.connectors.mongodb  [orders] dropping existing collection
2026-08-26 10:17:35,427  DEBUG     eds_loader.connectors.mongodb  [orders] inserting 2 document(s)
2026-08-26 10:17:35,427  DEBUG     eds_loader.connectors.mongodb  [orders] creating indexes from schema metadata
2026-08-26 10:17:35,428  INFO      eds_loader.connectors.mongodb  [orders] wrote 2 document(s) in 0.00s
2026-08-26 10:17:35,428  INFO      eds_loader.loader  Load complete: 5 row(s) written
2026-08-26 10:17:35,448  DEBUG     eds_loader.connectors.local_fs  Reading schema.json from C:\Users\Mohit Patel\AppData\Local\Temp\pytest-of-spmohit\pytest-32\test_integration_enforce_false0\source2\schema.json
2026-08-26 10:17:35,450  DEBUG     eds_loader.connectors.local_fs  schema.json parsed: 2 dataset(s)
2026-08-26 10:17:35,456  INFO      eds_loader.connectors.local_fs  Read customers: 3 row(s) from C:\Users\Mohit Patel\AppData\Local\Temp\pytest-of-spmohit\pytest-32\test_integration_enforce_false0\source2\customers.parquet
2026-08-26 10:17:35,461  INFO      eds_loader.connectors.local_fs  Read orders: 2 row(s) from C:\Users\Mohit Patel\AppData\Local\Temp\pytest-of-spmohit\pytest-32\test_integration_enforce_false0\source2\orders.parquet
2026-08-26 10:17:35,461  INFO      eds_loader.loader  Read 2 dataset(s) from source
2026-08-26 10:17:35,462  INFO      eds_loader.connectors.mongodb  Connected to MongoDB localhost:27017/test_db
2026-08-26 10:17:35,462  DEBUG     eds_loader.connectors.mongodb  [customers] dropping existing collection
2026-08-26 10:17:35,462  DEBUG     eds_loader.connectors.mongodb  [customers] inserting 3 document(s)
2026-08-26 10:17:35,463  INFO      eds_loader.connectors.mongodb  [customers] wrote 3 document(s) in 0.00s
2026-08-26 10:17:35,463  DEBUG     eds_loader.connectors.mongodb  [orders] dropping existing collection
2026-08-26 10:17:35,464  DEBUG     eds_loader.connectors.mongodb  [orders] inserting 2 document(s)
2026-08-26 10:17:35,464  INFO      eds_loader.connectors.mongodb  [orders] wrote 2 document(s) in 0.00s
2026-08-26 10:17:35,464  INFO      eds_loader.loader  Load complete: 5 row(s) written
2026-08-26 10:17:35,503  INFO      eds_loader.connectors._sql_base  Connected to test_user@localhost:3306/test_db
2026-08-26 10:17:35,504  DEBUG     eds_loader.connectors._sql_base  Ensuring namespace exists: CREATE DATABASE IF NOT EXISTS `test_db`
2026-08-26 10:17:35,505  DEBUG     eds_loader.connectors._sql_base  [t] DROP TABLE IF EXISTS `test_db`.`t`
2026-08-26 10:17:35,506  DEBUG     eds_loader.connectors._sql_base  [t] CREATE TABLE `test_db`.`t` (
    `id` BIGINT
)
2026-08-26 10:17:35,506  DEBUG     eds_loader.connectors._sql_base  [t] inserting 1 row(s)
2026-08-26 10:17:35,507  INFO      eds_loader.connectors._sql_base  [t] wrote 1 row(s) in 0.00s
2026-08-26 10:17:35,511  INFO      eds_loader.connectors._sql_base  Connected to test_user@localhost:3306/test_db
2026-08-26 10:17:35,512  DEBUG     eds_loader.connectors._sql_base  Ensuring namespace exists: CREATE DATABASE IF NOT EXISTS `test_db`
2026-08-26 10:17:35,514  DEBUG     eds_loader.connectors._sql_base  [t] DROP TABLE IF EXISTS `test_db`.`t`
2026-08-26 10:17:35,514  DEBUG     eds_loader.connectors._sql_base  [t] CREATE TABLE `test_db`.`t` (
    `id` BIGINT
)
2026-08-26 10:17:35,514  DEBUG     eds_loader.connectors._sql_base  [t] inserting 1 row(s)
2026-08-26 10:17:35,515  INFO      eds_loader.connectors._sql_base  [t] wrote 1 row(s) in 0.00s
2026-08-26 10:17:35,520  INFO      eds_loader.connectors._sql_base  Connected to test_user@localhost:3306/test_db
2026-08-26 10:17:35,520  DEBUG     eds_loader.connectors._sql_base  Ensuring namespace exists: CREATE DATABASE IF NOT EXISTS `test_db`
2026-08-26 10:17:35,521  DEBUG     eds_loader.connectors._sql_base  [t] DROP TABLE IF EXISTS `test_db`.`t`
2026-08-26 10:17:35,522  ERROR     eds_loader.connectors._sql_base  [t] write failed: DB down
2026-08-26 10:17:35,527  INFO      eds_loader.connectors._sql_base  Connected to test_user@localhost:3306/eds_db
2026-08-26 10:17:35,527  DEBUG     eds_loader.connectors._sql_base  Ensuring namespace exists: CREATE DATABASE IF NOT EXISTS `eds_db`
2026-08-26 10:17:35,529  DEBUG     eds_loader.connectors._sql_base  [customers] DROP TABLE IF EXISTS `eds_db`.`customers`
2026-08-26 10:17:35,530  DEBUG     eds_loader.connectors._sql_base  [customers] CREATE TABLE `eds_db`.`customers` (
    `id` BIGINT
)
2026-08-26 10:17:35,530  DEBUG     eds_loader.connectors._sql_base  [customers] inserting 1 row(s)
2026-08-26 10:17:35,530  INFO      eds_loader.connectors._sql_base  [customers] wrote 1 row(s) in 0.00s
2026-08-26 10:17:35,536  INFO      eds_loader.connectors._sql_base  Connected to test_user@localhost:3306/eds_db
2026-08-26 10:17:35,537  DEBUG     eds_loader.connectors._sql_base  Table write order (FK-sorted): customers, orders
2026-08-26 10:17:35,537  DEBUG     eds_loader.connectors._sql_base  Ensuring namespace exists: CREATE DATABASE IF NOT EXISTS `eds_db`
2026-08-26 10:17:35,538  DEBUG     eds_loader.connectors._sql_base  [customers] DROP TABLE IF EXISTS `eds_db`.`customers`
2026-08-26 10:17:35,539  DEBUG     eds_loader.connectors._sql_base  [customers] CREATE TABLE `eds_db`.`customers` (
    `customer_id` BIGINT PRIMARY KEY,
    `name` TEXT
)
2026-08-26 10:17:35,539  DEBUG     eds_loader.connectors._sql_base  [customers] inserting 2 row(s)
2026-08-26 10:17:35,540  INFO      eds_loader.connectors._sql_base  [customers] wrote 2 row(s) in 0.00s
2026-08-26 10:17:35,540  DEBUG     eds_loader.connectors._sql_base  [orders] DROP TABLE IF EXISTS `eds_db`.`orders`
2026-08-26 10:17:35,540  DEBUG     eds_loader.connectors._sql_base  [orders] CREATE TABLE `eds_db`.`orders` (
    `order_id` BIGINT PRIMARY KEY,
    `customer_id` BIGINT NOT NULL REFERENCES `eds_db`.`customers`(`customer_id`)
)
2026-08-26 10:17:35,540  DEBUG     eds_loader.connectors._sql_base  [orders] inserting 1 row(s)
2026-08-26 10:17:35,541  INFO      eds_loader.connectors._sql_base  [orders] wrote 1 row(s) in 0.00s
2026-08-26 10:17:35,553  INFO      eds_loader.connectors._sql_base  Connected to test_user@localhost:3306/test_db
2026-08-26 10:17:35,554  DEBUG     eds_loader.connectors._sql_base  Ensuring namespace exists: CREATE DATABASE IF NOT EXISTS `test_db`
2026-08-26 10:17:35,555  DEBUG     eds_loader.connectors._sql_base  [t] DROP TABLE IF EXISTS `test_db`.`t`
2026-08-26 10:17:35,555  DEBUG     eds_loader.connectors._sql_base  [t] CREATE TABLE `test_db`.`t` (
    `id` BIGINT
)
2026-08-26 10:17:35,556  DEBUG     eds_loader.connectors._sql_base  [t] inserting 1 row(s)
2026-08-26 10:17:35,556  INFO      eds_loader.connectors._sql_base  [t] wrote 1 row(s) in 0.00s
2026-08-26 10:17:35,564  INFO      eds_loader.connectors._sql_base  Connected to test_user@srv:3306/db
2026-08-26 10:17:35,564  DEBUG     eds_loader.connectors._sql_base  Ensuring namespace exists: CREATE DATABASE IF NOT EXISTS `db`
2026-08-26 10:17:35,566  DEBUG     eds_loader.connectors._sql_base  [tbl] DROP TABLE IF EXISTS `db`.`tbl`
2026-08-26 10:17:35,566  DEBUG     eds_loader.connectors._sql_base  [tbl] CREATE TABLE `db`.`tbl` (
    `id` BIGINT
)
2026-08-26 10:17:35,566  DEBUG     eds_loader.connectors._sql_base  [tbl] inserting 1 row(s)
2026-08-26 10:17:35,567  INFO      eds_loader.connectors._sql_base  [tbl] wrote 1 row(s) in 0.00s
2026-08-26 10:17:35,572  INFO      eds_loader.connectors._sql_base  Connected to test_user@localhost:3306/test_db
2026-08-26 10:17:35,573  DEBUG     eds_loader.connectors._sql_base  Table write order (FK-sorted): customers, orders
2026-08-26 10:17:35,573  DEBUG     eds_loader.connectors._sql_base  Ensuring namespace exists: CREATE DATABASE IF NOT EXISTS `test_db`
2026-08-26 10:17:35,575  DEBUG     eds_loader.connectors._sql_base  [customers] DROP TABLE IF EXISTS `test_db`.`customers`
2026-08-26 10:17:35,575  DEBUG     eds_loader.connectors._sql_base  [customers] CREATE TABLE `test_db`.`customers` (
    `customer_id` BIGINT PRIMARY KEY,
    `name` TEXT
)
2026-08-26 10:17:35,575  DEBUG     eds_loader.connectors._sql_base  [customers] inserting 2 row(s)
2026-08-26 10:17:35,576  INFO      eds_loader.connectors._sql_base  [customers] wrote 2 row(s) in 0.00s
2026-08-26 10:17:35,576  DEBUG     eds_loader.connectors._sql_base  [orders] DROP TABLE IF EXISTS `test_db`.`orders`
2026-08-26 10:17:35,576  DEBUG     eds_loader.connectors._sql_base  [orders] CREATE TABLE `test_db`.`orders` (
    `order_id` BIGINT PRIMARY KEY,
    `customer_id` BIGINT NOT NULL REFERENCES `test_db`.`customers`(`customer_id`)
)
2026-08-26 10:17:35,576  DEBUG     eds_loader.connectors._sql_base  [orders] inserting 1 row(s)
2026-08-26 10:17:35,577  INFO      eds_loader.connectors._sql_base  [orders] wrote 1 row(s) in 0.00s
2026-08-26 10:17:35,618  DEBUG     eds_loader.connectors.local_fs  Reading schema.json from C:\Users\Mohit Patel\AppData\Local\Temp\pytest-of-spmohit\pytest-32\test_integration_local_fs_to_m1\source\schema.json
2026-08-26 10:17:35,643  DEBUG     eds_loader.connectors.local_fs  schema.json parsed: 2 dataset(s)
2026-08-26 10:17:35,665  INFO      eds_loader.connectors.local_fs  Read customers: 2 row(s) from C:\Users\Mohit Patel\AppData\Local\Temp\pytest-of-spmohit\pytest-32\test_integration_local_fs_to_m1\source\customers.parquet
2026-08-26 10:17:35,691  INFO      eds_loader.connectors.local_fs  Read orders: 1 row(s) from C:\Users\Mohit Patel\AppData\Local\Temp\pytest-of-spmohit\pytest-32\test_integration_local_fs_to_m1\source\orders.parquet
2026-08-26 10:17:35,692  INFO      eds_loader.loader  Read 2 dataset(s) from source
2026-08-26 10:17:35,693  INFO      eds_loader.connectors._sql_base  Connected to test_user@localhost:3306/test_db
2026-08-26 10:17:35,693  DEBUG     eds_loader.connectors._sql_base  Table write order (FK-sorted): customers, orders
2026-08-26 10:17:35,693  DEBUG     eds_loader.connectors._sql_base  Ensuring namespace exists: CREATE DATABASE IF NOT EXISTS `test_db`
2026-08-26 10:17:35,696  DEBUG     eds_loader.connectors._sql_base  [customers] DROP TABLE IF EXISTS `test_db`.`customers`
2026-08-26 10:17:35,696  DEBUG     eds_loader.connectors._sql_base  [customers] CREATE TABLE `test_db`.`customers` (
    `customer_id` BIGINT PRIMARY KEY,
    `name` TEXT
)
2026-08-26 10:17:35,696  DEBUG     eds_loader.connectors._sql_base  [customers] inserting 2 row(s)
2026-08-26 10:17:35,697  INFO      eds_loader.connectors._sql_base  [customers] wrote 2 row(s) in 0.00s
2026-08-26 10:17:35,697  DEBUG     eds_loader.connectors._sql_base  [orders] DROP TABLE IF EXISTS `test_db`.`orders`
2026-08-26 10:17:35,697  DEBUG     eds_loader.connectors._sql_base  [orders] CREATE TABLE `test_db`.`orders` (
    `order_id` BIGINT PRIMARY KEY,
    `customer_id` BIGINT NOT NULL REFERENCES `test_db`.`customers`(`customer_id`)
)
2026-08-26 10:17:35,697  DEBUG     eds_loader.connectors._sql_base  [orders] inserting 1 row(s)
2026-08-26 10:17:35,698  INFO      eds_loader.connectors._sql_base  [orders] wrote 1 row(s) in 0.00s
2026-08-26 10:17:35,698  INFO      eds_loader.loader  Load complete: 3 row(s) written
2026-08-26 10:17:35,775  INFO      eds_loader.connectors._sql_base  Connected to test_user@localhost:5432/test_db
2026-08-26 10:17:35,775  DEBUG     eds_loader.connectors._sql_base  Ensuring namespace exists: CREATE SCHEMA IF NOT EXISTS "public"
2026-08-26 10:17:35,776  DEBUG     eds_loader.connectors._sql_base  [customers] DROP TABLE IF EXISTS "public"."customers" CASCADE
2026-08-26 10:17:35,777  DEBUG     eds_loader.connectors._sql_base  [customers] CREATE TABLE "public"."customers" (
    "customer_id" BIGINT,
    "name" TEXT
)
2026-08-26 10:17:35,777  DEBUG     eds_loader.connectors._sql_base  [customers] inserting 3 row(s)
2026-08-26 10:17:35,778  INFO      eds_loader.connectors._sql_base  [customers] wrote 3 row(s) in 0.00s
2026-08-26 10:17:35,778  DEBUG     eds_loader.connectors._sql_base  [orders] DROP TABLE IF EXISTS "public"."orders" CASCADE
2026-08-26 10:17:35,779  DEBUG     eds_loader.connectors._sql_base  [orders] CREATE TABLE "public"."orders" (
    "order_id" BIGINT,
    "customer_id" BIGINT,
    "amount" DOUBLE PRECISION
)
2026-08-26 10:17:35,779  DEBUG     eds_loader.connectors._sql_base  [orders] inserting 2 row(s)
2026-08-26 10:17:35,779  INFO      eds_loader.connectors._sql_base  [orders] wrote 2 row(s) in 0.00s
2026-08-26 10:17:35,784  INFO      eds_loader.connectors._sql_base  Connected to test_user@localhost:5432/test_db
2026-08-26 10:17:35,784  DEBUG     eds_loader.connectors._sql_base  Ensuring namespace exists: CREATE SCHEMA IF NOT EXISTS "public"
2026-08-26 10:17:35,785  DEBUG     eds_loader.connectors._sql_base  [customers] DROP TABLE IF EXISTS "public"."customers" CASCADE
2026-08-26 10:17:35,786  DEBUG     eds_loader.connectors._sql_base  [customers] CREATE TABLE "public"."customers" (
    "id" BIGINT
)
2026-08-26 10:17:35,786  DEBUG     eds_loader.connectors._sql_base  [customers] inserting 1 row(s)
2026-08-26 10:17:35,787  INFO      eds_loader.connectors._sql_base  [customers] wrote 1 row(s) in 0.00s
2026-08-26 10:17:35,792  INFO      eds_loader.connectors._sql_base  Connected to test_user@localhost:5432/test_db
2026-08-26 10:17:35,792  DEBUG     eds_loader.connectors._sql_base  Ensuring namespace exists: CREATE SCHEMA IF NOT EXISTS "public"
2026-08-26 10:17:35,794  DEBUG     eds_loader.connectors._sql_base  [tbl] DROP TABLE IF EXISTS "public"."tbl" CASCADE
2026-08-26 10:17:35,794  DEBUG     eds_loader.connectors._sql_base  [tbl] CREATE TABLE "public"."tbl" (
    "a" BIGINT
)
2026-08-26 10:17:35,794  DEBUG     eds_loader.connectors._sql_base  [tbl] inserting 1 row(s)
2026-08-26 10:17:35,795  INFO      eds_loader.connectors._sql_base  [tbl] wrote 1 row(s) in 0.00s
2026-08-26 10:17:35,799  INFO      eds_loader.connectors._sql_base  Connected to test_user@localhost:5432/test_db
2026-08-26 10:17:35,799  DEBUG     eds_loader.connectors._sql_base  Ensuring namespace exists: CREATE SCHEMA IF NOT EXISTS "public"
2026-08-26 10:17:35,800  DEBUG     eds_loader.connectors._sql_base  [data] DROP TABLE IF EXISTS "public"."data" CASCADE
2026-08-26 10:17:35,801  DEBUG     eds_loader.connectors._sql_base  [data] CREATE TABLE "public"."data" (
    "id" BIGINT,
    "val" TEXT
)
2026-08-26 10:17:35,801  DEBUG     eds_loader.connectors._sql_base  [data] inserting 3 row(s)
2026-08-26 10:17:35,802  INFO      eds_loader.connectors._sql_base  [data] wrote 3 row(s) in 0.00s
2026-08-26 10:17:35,805  INFO      eds_loader.connectors._sql_base  Connected to test_user@localhost:5432/test_db
2026-08-26 10:17:35,806  DEBUG     eds_loader.connectors._sql_base  Ensuring namespace exists: CREATE SCHEMA IF NOT EXISTS "public"
2026-08-26 10:17:35,807  DEBUG     eds_loader.connectors._sql_base  [customers] DROP TABLE IF EXISTS "public"."customers" CASCADE
2026-08-26 10:17:35,807  DEBUG     eds_loader.connectors._sql_base  [customers] CREATE TABLE "public"."customers" (
    "customer_id" BIGINT,
    "name" TEXT
)
2026-08-26 10:17:35,807  DEBUG     eds_loader.connectors._sql_base  [customers] inserting 3 row(s)
2026-08-26 10:17:35,808  INFO      eds_loader.connectors._sql_base  [customers] wrote 3 row(s) in 0.00s
2026-08-26 10:17:35,808  DEBUG     eds_loader.connectors._sql_base  [orders] DROP TABLE IF EXISTS "public"."orders" CASCADE
2026-08-26 10:17:35,808  DEBUG     eds_loader.connectors._sql_base  [orders] CREATE TABLE "public"."orders" (
    "order_id" BIGINT,
    "customer_id" BIGINT,
    "amount" DOUBLE PRECISION
)
2026-08-26 10:17:35,809  DEBUG     eds_loader.connectors._sql_base  [orders] inserting 2 row(s)
2026-08-26 10:17:35,809  INFO      eds_loader.connectors._sql_base  [orders] wrote 2 row(s) in 0.00s
2026-08-26 10:17:35,814  INFO      eds_loader.connectors._sql_base  Connected to test_user@localhost:5432/test_db
2026-08-26 10:17:35,814  DEBUG     eds_loader.connectors._sql_base  Ensuring namespace exists: CREATE SCHEMA IF NOT EXISTS "public"
2026-08-26 10:17:35,815  DEBUG     eds_loader.connectors._sql_base  [customers] DROP TABLE IF EXISTS "public"."customers" CASCADE
2026-08-26 10:17:35,815  DEBUG     eds_loader.connectors._sql_base  [customers] CREATE TABLE "public"."customers" (
    "customer_id" BIGINT,
    "name" TEXT
)
2026-08-26 10:17:35,815  DEBUG     eds_loader.connectors._sql_base  [customers] inserting 3 row(s)
2026-08-26 10:17:35,816  INFO      eds_loader.connectors._sql_base  [customers] wrote 3 row(s) in 0.00s
2026-08-26 10:17:35,816  DEBUG     eds_loader.connectors._sql_base  [orders] DROP TABLE IF EXISTS "public"."orders" CASCADE
2026-08-26 10:17:35,816  DEBUG     eds_loader.connectors._sql_base  [orders] CREATE TABLE "public"."orders" (
    "order_id" BIGINT,
    "customer_id" BIGINT,
    "amount" DOUBLE PRECISION
)
2026-08-26 10:17:35,817  DEBUG     eds_loader.connectors._sql_base  [orders] inserting 2 row(s)
2026-08-26 10:17:35,817  INFO      eds_loader.connectors._sql_base  [orders] wrote 2 row(s) in 0.00s
2026-08-26 10:17:35,820  INFO      eds_loader.connectors._sql_base  Connected to test_user@localhost:5432/test_db
2026-08-26 10:17:35,820  DEBUG     eds_loader.connectors._sql_base  Ensuring namespace exists: CREATE SCHEMA IF NOT EXISTS "public"
2026-08-26 10:17:35,821  DEBUG     eds_loader.connectors._sql_base  [customers] DROP TABLE IF EXISTS "public"."customers" CASCADE
2026-08-26 10:17:35,821  DEBUG     eds_loader.connectors._sql_base  [customers] CREATE TABLE "public"."customers" (
    "customer_id" BIGINT,
    "name" TEXT
)
2026-08-26 10:17:35,821  DEBUG     eds_loader.connectors._sql_base  [customers] inserting 3 row(s)
2026-08-26 10:17:35,821  INFO      eds_loader.connectors._sql_base  [customers] wrote 3 row(s) in 0.00s
2026-08-26 10:17:35,822  DEBUG     eds_loader.connectors._sql_base  [orders] DROP TABLE IF EXISTS "public"."orders" CASCADE
2026-08-26 10:17:35,822  DEBUG     eds_loader.connectors._sql_base  [orders] CREATE TABLE "public"."orders" (
    "order_id" BIGINT,
    "customer_id" BIGINT,
    "amount" DOUBLE PRECISION
)
2026-08-26 10:17:35,822  DEBUG     eds_loader.connectors._sql_base  [orders] inserting 2 row(s)
2026-08-26 10:17:35,822  INFO      eds_loader.connectors._sql_base  [orders] wrote 2 row(s) in 0.00s
2026-08-26 10:17:35,824  INFO      eds_loader.connectors._sql_base  Connected to test_user@dbserver:5433/mydb
2026-08-26 10:17:35,825  DEBUG     eds_loader.connectors._sql_base  Ensuring namespace exists: CREATE SCHEMA IF NOT EXISTS "public"
2026-08-26 10:17:35,826  DEBUG     eds_loader.connectors._sql_base  [tbl] DROP TABLE IF EXISTS "public"."tbl" CASCADE
2026-08-26 10:17:35,826  DEBUG     eds_loader.connectors._sql_base  [tbl] CREATE TABLE "public"."tbl" (
    "id" BIGINT
)
2026-08-26 10:17:35,826  DEBUG     eds_loader.connectors._sql_base  [tbl] inserting 1 row(s)
2026-08-26 10:17:35,826  INFO      eds_loader.connectors._sql_base  [tbl] wrote 1 row(s) in 0.00s
2026-08-26 10:17:35,829  INFO      eds_loader.connectors._sql_base  Connected to test_user@localhost:5432/test_db
2026-08-26 10:17:35,829  DEBUG     eds_loader.connectors._sql_base  Table write order (FK-sorted): customers, orders
2026-08-26 10:17:35,829  DEBUG     eds_loader.connectors._sql_base  Ensuring namespace exists: CREATE SCHEMA IF NOT EXISTS "public"
2026-08-26 10:17:35,830  DEBUG     eds_loader.connectors._sql_base  [customers] DROP TABLE IF EXISTS "public"."customers" CASCADE
2026-08-26 10:17:35,830  DEBUG     eds_loader.connectors._sql_base  [customers] CREATE TABLE "public"."customers" (
    "customer_id" BIGINT PRIMARY KEY,
    "name" TEXT UNIQUE
)
2026-08-26 10:17:35,831  DEBUG     eds_loader.connectors._sql_base  [customers] inserting 3 row(s)
2026-08-26 10:17:35,831  INFO      eds_loader.connectors._sql_base  [customers] wrote 3 row(s) in 0.00s
2026-08-26 10:17:35,832  DEBUG     eds_loader.connectors._sql_base  [orders] DROP TABLE IF EXISTS "public"."orders" CASCADE
2026-08-26 10:17:35,832  DEBUG     eds_loader.connectors._sql_base  [orders] CREATE TABLE "public"."orders" (
    "order_id" BIGINT PRIMARY KEY,
    "customer_id" BIGINT NOT NULL REFERENCES "public"."customers"("customer_id"),
    "amount" DOUBLE PRECISION
)
2026-08-26 10:17:35,832  DEBUG     eds_loader.connectors._sql_base  [orders] inserting 2 row(s)
2026-08-26 10:17:35,832  INFO      eds_loader.connectors._sql_base  [orders] wrote 2 row(s) in 0.00s
2026-08-26 10:17:35,837  INFO      eds_loader.connectors._sql_base  Connected to test_user@localhost:5432/test_db
2026-08-26 10:17:35,837  DEBUG     eds_loader.connectors._sql_base  Table write order (FK-sorted): customers, orders
2026-08-26 10:17:35,838  DEBUG     eds_loader.connectors._sql_base  Ensuring namespace exists: CREATE SCHEMA IF NOT EXISTS "public"
2026-08-26 10:17:35,839  DEBUG     eds_loader.connectors._sql_base  [customers] DROP TABLE IF EXISTS "public"."customers" CASCADE
2026-08-26 10:17:35,839  DEBUG     eds_loader.connectors._sql_base  [customers] CREATE TABLE "public"."customers" (
    "customer_id" BIGINT PRIMARY KEY,
    "name" TEXT UNIQUE
)
2026-08-26 10:17:35,840  DEBUG     eds_loader.connectors._sql_base  [customers] inserting 3 row(s)
2026-08-26 10:17:35,840  INFO      eds_loader.connectors._sql_base  [customers] wrote 3 row(s) in 0.00s
2026-08-26 10:17:35,841  DEBUG     eds_loader.connectors._sql_base  [orders] DROP TABLE IF EXISTS "public"."orders" CASCADE
2026-08-26 10:17:35,841  DEBUG     eds_loader.connectors._sql_base  [orders] CREATE TABLE "public"."orders" (
    "order_id" BIGINT PRIMARY KEY,
    "customer_id" BIGINT NOT NULL REFERENCES "public"."customers"("customer_id"),
    "amount" DOUBLE PRECISION
)
2026-08-26 10:17:35,841  DEBUG     eds_loader.connectors._sql_base  [orders] inserting 2 row(s)
2026-08-26 10:17:35,841  INFO      eds_loader.connectors._sql_base  [orders] wrote 2 row(s) in 0.00s
2026-08-26 10:17:35,866  INFO      eds_loader.connectors._sql_base  Connected to test_user@localhost:5432/test_db
2026-08-26 10:17:35,866  DEBUG     eds_loader.connectors._sql_base  Ensuring namespace exists: CREATE SCHEMA IF NOT EXISTS "public"
2026-08-26 10:17:35,868  DEBUG     eds_loader.connectors._sql_base  [empty] DROP TABLE IF EXISTS "public"."empty" CASCADE
2026-08-26 10:17:35,869  DEBUG     eds_loader.connectors._sql_base  [empty] CREATE TABLE "public"."empty" (
    "id" BIGINT
)
2026-08-26 10:17:35,869  DEBUG     eds_loader.connectors._sql_base  [empty] inserting 0 row(s)
2026-08-26 10:17:35,869  INFO      eds_loader.connectors._sql_base  [empty] wrote 0 row(s) in 0.00s
2026-08-26 10:17:35,874  INFO      eds_loader.connectors._sql_base  Connected to test_user@localhost:5432/test_db
2026-08-26 10:17:35,874  DEBUG     eds_loader.connectors._sql_base  Ensuring namespace exists: CREATE SCHEMA IF NOT EXISTS "public"
2026-08-26 10:17:35,875  DEBUG     eds_loader.connectors._sql_base  [tbl] DROP TABLE IF EXISTS "public"."tbl" CASCADE
2026-08-26 10:17:35,876  DEBUG     eds_loader.connectors._sql_base  [tbl] CREATE TABLE "public"."tbl" (
    "id" BIGINT
)
2026-08-26 10:17:35,876  ERROR     eds_loader.connectors._sql_base  [tbl] write failed: DB error
2026-08-26 10:17:35,881  INFO      eds_loader.connectors._sql_base  Connected to test_user@localhost:5432/test_db
2026-08-26 10:17:35,881  DEBUG     eds_loader.connectors._sql_base  Ensuring namespace exists: CREATE SCHEMA IF NOT EXISTS "public"
2026-08-26 10:17:35,882  DEBUG     eds_loader.connectors._sql_base  [tbl] DROP TABLE IF EXISTS "public"."tbl" CASCADE
2026-08-26 10:17:35,882  DEBUG     eds_loader.connectors._sql_base  [tbl] CREATE TABLE "public"."tbl" (
    "id" BIGINT
)
2026-08-26 10:17:35,882  ERROR     eds_loader.connectors._sql_base  [tbl] write failed: oops
2026-08-26 10:17:35,923  DEBUG     eds_loader.connectors.local_fs  Reading schema.json from C:\Users\Mohit Patel\AppData\Local\Temp\pytest-of-spmohit\pytest-32\test_integration_local_fs_to_p0\source\schema.json
2026-08-26 10:17:35,944  DEBUG     eds_loader.connectors.local_fs  schema.json parsed: 2 dataset(s)
2026-08-26 10:17:35,949  INFO      eds_loader.connectors.local_fs  Read customers: 3 row(s) from C:\Users\Mohit Patel\AppData\Local\Temp\pytest-of-spmohit\pytest-32\test_integration_local_fs_to_p0\source\customers.parquet
2026-08-26 10:17:35,955  INFO      eds_loader.connectors.local_fs  Read orders: 2 row(s) from C:\Users\Mohit Patel\AppData\Local\Temp\pytest-of-spmohit\pytest-32\test_integration_local_fs_to_p0\source\orders.parquet
2026-08-26 10:17:35,956  INFO      eds_loader.loader  Read 2 dataset(s) from source
2026-08-26 10:17:35,956  INFO      eds_loader.connectors._sql_base  Connected to test_user@localhost:5432/test_db
2026-08-26 10:17:35,956  DEBUG     eds_loader.connectors._sql_base  Table write order (FK-sorted): customers, orders
2026-08-26 10:17:35,956  DEBUG     eds_loader.connectors._sql_base  Ensuring namespace exists: CREATE SCHEMA IF NOT EXISTS "public"
2026-08-26 10:17:35,958  DEBUG     eds_loader.connectors._sql_base  [customers] DROP TABLE IF EXISTS "public"."customers" CASCADE
2026-08-26 10:17:35,958  DEBUG     eds_loader.connectors._sql_base  [customers] CREATE TABLE "public"."customers" (
    "customer_id" BIGINT PRIMARY KEY,
    "name" TEXT UNIQUE
)
2026-08-26 10:17:35,958  DEBUG     eds_loader.connectors._sql_base  [customers] inserting 3 row(s)
2026-08-26 10:17:35,959  INFO      eds_loader.connectors._sql_base  [customers] wrote 3 row(s) in 0.00s
2026-08-26 10:17:35,959  DEBUG     eds_loader.connectors._sql_base  [orders] DROP TABLE IF EXISTS "public"."orders" CASCADE
2026-08-26 10:17:35,959  DEBUG     eds_loader.connectors._sql_base  [orders] CREATE TABLE "public"."orders" (
    "order_id" BIGINT PRIMARY KEY,
    "customer_id" BIGINT NOT NULL REFERENCES "public"."customers"("customer_id"),
    "amount" DOUBLE PRECISION
)
2026-08-26 10:17:35,960  DEBUG     eds_loader.connectors._sql_base  [orders] inserting 2 row(s)
2026-08-26 10:17:35,960  INFO      eds_loader.connectors._sql_base  [orders] wrote 2 row(s) in 0.00s
2026-08-26 10:17:35,961  INFO      eds_loader.loader  Load complete: 5 row(s) written
2026-08-26 10:17:35,984  DEBUG     eds_loader.connectors.local_fs  Reading schema.json from C:\Users\Mohit Patel\AppData\Local\Temp\pytest-of-spmohit\pytest-32\test_integration_enforce_false1\source2\schema.json
2026-08-26 10:17:35,987  DEBUG     eds_loader.connectors.local_fs  schema.json parsed: 2 dataset(s)
2026-08-26 10:17:35,993  INFO      eds_loader.connectors.local_fs  Read customers: 3 row(s) from C:\Users\Mohit Patel\AppData\Local\Temp\pytest-of-spmohit\pytest-32\test_integration_enforce_false1\source2\customers.parquet
2026-08-26 10:17:35,999  INFO      eds_loader.connectors.local_fs  Read orders: 2 row(s) from C:\Users\Mohit Patel\AppData\Local\Temp\pytest-of-spmohit\pytest-32\test_integration_enforce_false1\source2\orders.parquet
2026-08-26 10:17:35,999  INFO      eds_loader.loader  Read 2 dataset(s) from source
2026-08-26 10:17:35,999  INFO      eds_loader.connectors._sql_base  Connected to test_user@localhost:5432/test_db
2026-08-26 10:17:35,999  DEBUG     eds_loader.connectors._sql_base  Ensuring namespace exists: CREATE SCHEMA IF NOT EXISTS "public"
2026-08-26 10:17:36,001  DEBUG     eds_loader.connectors._sql_base  [customers] DROP TABLE IF EXISTS "public"."customers" CASCADE
2026-08-26 10:17:36,001  DEBUG     eds_loader.connectors._sql_base  [customers] CREATE TABLE "public"."customers" (
    "customer_id" BIGINT,
    "name" TEXT
)
2026-08-26 10:17:36,002  DEBUG     eds_loader.connectors._sql_base  [customers] inserting 3 row(s)
2026-08-26 10:17:36,002  INFO      eds_loader.connectors._sql_base  [customers] wrote 3 row(s) in 0.00s
2026-08-26 10:17:36,003  DEBUG     eds_loader.connectors._sql_base  [orders] DROP TABLE IF EXISTS "public"."orders" CASCADE
2026-08-26 10:17:36,003  DEBUG     eds_loader.connectors._sql_base  [orders] CREATE TABLE "public"."orders" (
    "order_id" BIGINT,
    "customer_id" BIGINT,
    "amount" DOUBLE PRECISION
)
2026-08-26 10:17:36,003  DEBUG     eds_loader.connectors._sql_base  [orders] inserting 2 row(s)
2026-08-26 10:17:36,003  INFO      eds_loader.connectors._sql_base  [orders] wrote 2 row(s) in 0.00s
2026-08-26 10:17:36,004  INFO      eds_loader.loader  Load complete: 5 row(s) written
2026-08-26 10:17:36,043  INFO      eds_loader.connectors.remote_fs  Connected to SFTP testuser@test.example.com:22
2026-08-26 10:17:36,049  INFO      eds_loader.connectors.remote_fs  Connected to SFTP testuser@test.example.com:22
2026-08-26 10:17:36,227  INFO      eds_loader.connectors.remote_fs  Connected to SFTP testuser@test.example.com:22
2026-08-26 10:17:36,267  DEBUG     eds_loader.connectors.remote_fs  Listing remote directory: /data/eds
2026-08-26 10:17:36,267  DEBUG     eds_loader.connectors.remote_fs  Found 2 .parquet file(s) in /data/eds
2026-08-26 10:17:36,270  INFO      eds_loader.connectors.remote_fs  Downloaded customers: 2 row(s) from /data/eds/customers.parquet
2026-08-26 10:17:36,272  INFO      eds_loader.connectors.remote_fs  Downloaded orders: 1 row(s) from /data/eds/orders.parquet
2026-08-26 10:17:36,279  DEBUG     eds_loader.connectors.remote_fs  Listing remote directory: /data/eds
2026-08-26 10:17:36,280  DEBUG     eds_loader.connectors.remote_fs  Found 1 .parquet file(s) in /data/eds
2026-08-26 10:17:36,281  INFO      eds_loader.connectors.remote_fs  Downloaded data: 1 row(s) from /data/eds/data.parquet
2026-08-26 10:17:36,287  DEBUG     eds_loader.connectors.remote_fs  Listing remote directory: /data/eds
2026-08-26 10:17:36,294  INFO      eds_loader.connectors.remote_fs  Downloaded customers: 2 row(s) from /data/eds/customers.parquet
2026-08-26 10:17:36,300  INFO      eds_loader.connectors.remote_fs  Downloaded my_table: 3 row(s) from /data/eds/my_table.parquet
2026-08-26 10:17:36,419  DEBUG     eds_loader.connectors.remote_fs  Listing remote directory: /data/eds
2026-08-26 10:17:36,420  DEBUG     eds_loader.connectors.remote_fs  Found 0 .parquet file(s) in /data/eds
2026-08-26 10:17:36,444  INFO      eds_loader.connectors.remote_fs  Downloaded customers: 2 row(s) from /data/eds/customers.parquet
2026-08-26 10:17:36,447  INFO      eds_loader.connectors.remote_fs  Downloaded orders: 1 row(s) from /data/eds/orders.parquet
2026-08-26 10:17:36,447  INFO      eds_loader.loader  Read 2 dataset(s) from source
2026-08-26 10:17:36,450  INFO      eds_loader.connectors.local_fs  Wrote customers: 2 row(s) to C:\Users\Mohit Patel\AppData\Local\Temp\pytest-of-spmohit\pytest-32\test_integration_remote_fs_sou0\remote_to_local_target\customers.parquet
2026-08-26 10:17:36,453  INFO      eds_loader.connectors.local_fs  Wrote orders: 1 row(s) to C:\Users\Mohit Patel\AppData\Local\Temp\pytest-of-spmohit\pytest-32\test_integration_remote_fs_sou0\remote_to_local_target\orders.parquet
2026-08-26 10:17:36,453  DEBUG     eds_loader.connectors.local_fs  Merging schema.json at target
2026-08-26 10:17:36,454  INFO      eds_loader.loader  Load complete: 3 row(s) written
2026-08-26 10:17:36,467  INFO      eds_loader.connectors.remote_fs  Downloaded customers: 2 row(s) from /data/eds/customers.parquet
2026-08-26 10:17:36,467  INFO      eds_loader.loader  Read 1 dataset(s) from source
2026-08-26 10:17:36,471  INFO      eds_loader.connectors.local_fs  Wrote customers: 2 row(s) to C:\Users\Mohit Patel\AppData\Local\Temp\pytest-of-spmohit\pytest-32\test_integration_table_subset_1\subset_target\customers.parquet
2026-08-26 10:17:36,471  DEBUG     eds_loader.connectors.local_fs  Merging schema.json at target
2026-08-26 10:17:36,474  INFO      eds_loader.loader  Load complete: 2 row(s) written
2026-08-26 10:17:36,593  INFO      eds_loader.loader  Read 2 dataset(s) from source
2026-08-26 10:17:36,596  INFO      eds_loader.connectors.local_fs  Wrote customers: 2 row(s) to C:\Users\Mohit Patel\AppData\Local\Temp\pytest-of-spmohit\pytest-32\test_integration_s3_source_via0\target\customers.parquet
2026-08-26 10:17:36,600  INFO      eds_loader.connectors.local_fs  Wrote orders: 1 row(s) to C:\Users\Mohit Patel\AppData\Local\Temp\pytest-of-spmohit\pytest-32\test_integration_s3_source_via0\target\orders.parquet
2026-08-26 10:17:36,600  DEBUG     eds_loader.connectors.local_fs  Merging schema.json at target
2026-08-26 10:17:36,602  INFO      eds_loader.loader  Load complete: 3 row(s) written
2026-08-26 10:17:36,780  INFO      eds_loader.connectors._sql_base  Connected to testuser@testhost:9999/testdb
2026-08-26 10:17:36,780  DEBUG     eds_loader.connectors._sql_base  Ensuring namespace exists: CREATE DATABASE IF NOT EXISTS [testdb]
2026-08-26 10:17:36,785  DEBUG     eds_loader.connectors._sql_base  [t] DROP TABLE IF EXISTS [testdb].[t]
2026-08-26 10:17:36,795  DEBUG     eds_loader.connectors._sql_base  [t] CREATE TABLE [testdb].[t] (
    [id] INT
)
2026-08-26 10:17:36,795  DEBUG     eds_loader.connectors._sql_base  [t] inserting 1 row(s)
2026-08-26 10:17:36,797  INFO      eds_loader.connectors._sql_base  [t] wrote 1 row(s) in 0.01s
2026-08-26 10:17:36,800  INFO      eds_loader.connectors._sql_base  Connected to testuser@testhost:9999/testdb
2026-08-26 10:17:36,802  DEBUG     eds_loader.connectors._sql_base  [t] DROP TABLE IF EXISTS [testdb].[t]
2026-08-26 10:17:36,802  DEBUG     eds_loader.connectors._sql_base  [t] CREATE TABLE [testdb].[t] (
    [id] INT
)
2026-08-26 10:17:36,802  DEBUG     eds_loader.connectors._sql_base  [t] inserting 1 row(s)
2026-08-26 10:17:36,803  INFO      eds_loader.connectors._sql_base  [t] wrote 1 row(s) in 0.00s
2026-08-26 10:17:36,808  INFO      eds_loader.connectors._sql_base  Connected to testuser@testhost:9999/testdb
2026-08-26 10:17:36,810  DEBUG     eds_loader.connectors._sql_base  [t] DROP TABLE IF EXISTS [testdb].[t]
2026-08-26 10:17:36,810  ERROR     eds_loader.connectors._sql_base  [t] write failed: DB down
2026-08-26 10:17:36,815  INFO      eds_loader.connectors._sql_base  Connected to testuser@testhost:9999/testdb
2026-08-26 10:17:36,817  DEBUG     eds_loader.connectors._sql_base  [a] DROP TABLE IF EXISTS [testdb].[a]
2026-08-26 10:17:36,818  DEBUG     eds_loader.connectors._sql_base  [a] CREATE TABLE [testdb].[a] (
    [id] INT
)
2026-08-26 10:17:36,818  DEBUG     eds_loader.connectors._sql_base  [a] inserting 1 row(s)
2026-08-26 10:17:36,818  INFO      eds_loader.connectors._sql_base  [a] wrote 1 row(s) in 0.00s
2026-08-26 10:17:36,820  DEBUG     eds_loader.connectors._sql_base  [b] DROP TABLE IF EXISTS [testdb].[b]
2026-08-26 10:17:36,821  DEBUG     eds_loader.connectors._sql_base  [b] CREATE TABLE [testdb].[b] (
    [id] INT
)
2026-08-26 10:17:36,821  DEBUG     eds_loader.connectors._sql_base  [b] inserting 1 row(s)
2026-08-26 10:17:36,822  INFO      eds_loader.connectors._sql_base  [b] wrote 1 row(s) in 0.00s
2026-08-26 10:17:36,826  INFO      eds_loader.connectors._sql_base  Connected to testuser@testhost:9999/testdb
2026-08-26 10:17:36,828  DEBUG     eds_loader.connectors._sql_base  [z] DROP TABLE IF EXISTS [testdb].[z]
2026-08-26 10:17:36,830  DEBUG     eds_loader.connectors._sql_base  [z] CREATE TABLE [testdb].[z] (
    [id] INT
)
2026-08-26 10:17:36,830  DEBUG     eds_loader.connectors._sql_base  [z] inserting 1 row(s)
2026-08-26 10:17:36,831  INFO      eds_loader.connectors._sql_base  [z] wrote 1 row(s) in 0.00s
2026-08-26 10:17:36,831  DEBUG     eds_loader.connectors._sql_base  [a] DROP TABLE IF EXISTS [testdb].[a]
2026-08-26 10:17:36,832  DEBUG     eds_loader.connectors._sql_base  [a] CREATE TABLE [testdb].[a] (
    [id] INT
)
2026-08-26 10:17:36,832  DEBUG     eds_loader.connectors._sql_base  [a] inserting 1 row(s)
2026-08-26 10:17:36,833  INFO      eds_loader.connectors._sql_base  [a] wrote 1 row(s) in 0.00s
2026-08-26 10:17:36,836  INFO      eds_loader.connectors._sql_base  Connected to testuser@testhost:9999/testdb
2026-08-26 10:17:36,839  DEBUG     eds_loader.connectors._sql_base  [tbl] DROP TABLE IF EXISTS [testdb].[tbl]
2026-08-26 10:17:36,840  DEBUG     eds_loader.connectors._sql_base  [tbl] CREATE TABLE [testdb].[tbl] (
    [id] INT
)
2026-08-26 10:17:36,840  DEBUG     eds_loader.connectors._sql_base  [tbl] inserting 1 row(s)
2026-08-26 10:17:36,840  INFO      eds_loader.connectors._sql_base  [tbl] wrote 1 row(s) in 0.00s
2026-08-26 10:17:36,844  INFO      eds_loader.connectors._sql_base  Connected to testuser@testhost:9999/testdb
2026-08-26 10:17:36,847  DEBUG     eds_loader.connectors._sql_base  [t] DROP TABLE IF EXISTS [testdb].[t]
2026-08-26 10:17:36,847  DEBUG     eds_loader.connectors._sql_base  [t] CREATE TABLE [testdb].[t] (
    [id] INT
)
2026-08-26 10:17:36,847  DEBUG     eds_loader.connectors._sql_base  [t] inserting 3 row(s)
2026-08-26 10:17:36,848  INFO      eds_loader.connectors._sql_base  [t] wrote 3 row(s) in 0.00s
2026-08-26 10:17:36,852  INFO      eds_loader.connectors._sql_base  Connected to testuser@testhost:9999/testdb
2026-08-26 10:17:36,855  DEBUG     eds_loader.connectors._sql_base  [t] DROP TABLE IF EXISTS [testdb].[t]
2026-08-26 10:17:36,855  DEBUG     eds_loader.connectors._sql_base  [t] CREATE TABLE [testdb].[t] (
    [id] INT
)
2026-08-26 10:17:36,856  ERROR     eds_loader.connectors._sql_base  [t] write failed: syntax error
2026-08-26 10:17:36,860  INFO      eds_loader.connectors._sql_base  Connected to testuser@testhost:9999/testdb
2026-08-26 10:17:36,863  DEBUG     eds_loader.connectors._sql_base  [t] DROP TABLE IF EXISTS [testdb].[t]
2026-08-26 10:17:36,864  DEBUG     eds_loader.connectors._sql_base  [t] CREATE TABLE [testdb].[t] (
    [id] INT
)
2026-08-26 10:17:36,864  ERROR     eds_loader.connectors._sql_base  [t] write failed: oops
2026-08-26 12:12:06,267  INFO      eds_loader.cli.main  eds-loader run invoked (config=C:\Users\Mohit Patel\AppData\Local\Temp\pytest-of-spmohit\pytest-33\test_run_exits_zero_on_success0\loader.yaml, dry_run=False)
2026-08-26 12:12:06,285  INFO      eds_loader.cli.main  Config loaded: source=local_fs target=local_fs tables=(all) enforce_constraints=True schema_required=True
2026-08-26 12:12:06,285  DEBUG     eds_loader.connectors.local_fs  Reading schema.json from C:\Users\Mohit Patel\AppData\Local\Temp\pytest-of-spmohit\pytest-33\test_run_exits_zero_on_success0\source\schema.json
2026-08-26 12:12:06,302  DEBUG     eds_loader.connectors.local_fs  schema.json parsed: 2 dataset(s)
2026-08-26 12:12:06,325  INFO      eds_loader.connectors.local_fs  Read customers: 3 row(s) from C:\Users\Mohit Patel\AppData\Local\Temp\pytest-of-spmohit\pytest-33\test_run_exits_zero_on_success0\source\customers.parquet
2026-08-26 12:12:06,342  INFO      eds_loader.connectors.local_fs  Read orders: 2 row(s) from C:\Users\Mohit Patel\AppData\Local\Temp\pytest-of-spmohit\pytest-33\test_run_exits_zero_on_success0\source\orders.parquet
2026-08-26 12:12:06,342  INFO      eds_loader.loader  Read 2 dataset(s) from source
2026-08-26 12:12:06,344  INFO      eds_loader.connectors.local_fs  Wrote customers: 3 row(s) to C:\Users\Mohit Patel\AppData\Local\Temp\pytest-of-spmohit\pytest-33\test_run_exits_zero_on_success0\target\customers.parquet
2026-08-26 12:12:06,345  INFO      eds_loader.connectors.local_fs  Wrote orders: 2 row(s) to C:\Users\Mohit Patel\AppData\Local\Temp\pytest-of-spmohit\pytest-33\test_run_exits_zero_on_success0\target\orders.parquet
2026-08-26 12:12:06,345  DEBUG     eds_loader.connectors.local_fs  Merging schema.json at target
2026-08-26 12:12:06,346  INFO      eds_loader.loader  Load complete: 5 row(s) written
2026-08-26 12:12:06,346  INFO      eds_loader.cli.main  Run complete: 5 row(s) across 2 table(s) in 0.1s
2026-08-26 12:12:06,358  INFO      eds_loader.cli.main  eds-loader run invoked (config=C:\Users\Mohit Patel\AppData\Local\Temp\pytest-of-spmohit\pytest-33\test_run_prints_table_with_row0\loader.yaml, dry_run=False)
2026-08-26 12:12:06,369  INFO      eds_loader.cli.main  Config loaded: source=local_fs target=local_fs tables=(all) enforce_constraints=True schema_required=True
2026-08-26 12:12:06,369  DEBUG     eds_loader.connectors.local_fs  Reading schema.json from C:\Users\Mohit Patel\AppData\Local\Temp\pytest-of-spmohit\pytest-33\test_run_prints_table_with_row0\source\schema.json
2026-08-26 12:12:06,371  DEBUG     eds_loader.connectors.local_fs  schema.json parsed: 2 dataset(s)
2026-08-26 12:12:06,373  INFO      eds_loader.connectors.local_fs  Read customers: 3 row(s) from C:\Users\Mohit Patel\AppData\Local\Temp\pytest-of-spmohit\pytest-33\test_run_prints_table_with_row0\source\customers.parquet
2026-08-26 12:12:06,376  INFO      eds_loader.connectors.local_fs  Read orders: 2 row(s) from C:\Users\Mohit Patel\AppData\Local\Temp\pytest-of-spmohit\pytest-33\test_run_prints_table_with_row0\source\orders.parquet
2026-08-26 12:12:06,376  INFO      eds_loader.loader  Read 2 dataset(s) from source
2026-08-26 12:12:06,378  INFO      eds_loader.connectors.local_fs  Wrote customers: 3 row(s) to C:\Users\Mohit Patel\AppData\Local\Temp\pytest-of-spmohit\pytest-33\test_run_prints_table_with_row0\target\customers.parquet
2026-08-26 12:12:06,379  INFO      eds_loader.connectors.local_fs  Wrote orders: 2 row(s) to C:\Users\Mohit Patel\AppData\Local\Temp\pytest-of-spmohit\pytest-33\test_run_prints_table_with_row0\target\orders.parquet
2026-08-26 12:12:06,379  DEBUG     eds_loader.connectors.local_fs  Merging schema.json at target
2026-08-26 12:12:06,379  INFO      eds_loader.loader  Load complete: 5 row(s) written
2026-08-26 12:12:06,379  INFO      eds_loader.cli.main  Run complete: 5 row(s) across 2 table(s) in 0.0s
2026-08-26 12:12:06,390  INFO      eds_loader.cli.main  eds-loader run invoked (config=C:\Users\Mohit Patel\AppData\Local\Temp\pytest-of-spmohit\pytest-33\test_run_prints_timing_in_seco0\loader.yaml, dry_run=False)
2026-08-26 12:12:06,404  INFO      eds_loader.cli.main  Config loaded: source=local_fs target=local_fs tables=(all) enforce_constraints=True schema_required=True
2026-08-26 12:12:06,405  DEBUG     eds_loader.connectors.local_fs  Reading schema.json from C:\Users\Mohit Patel\AppData\Local\Temp\pytest-of-spmohit\pytest-33\test_run_prints_timing_in_seco0\source\schema.json
2026-08-26 12:12:06,406  DEBUG     eds_loader.connectors.local_fs  schema.json parsed: 2 dataset(s)
2026-08-26 12:12:06,408  INFO      eds_loader.connectors.local_fs  Read customers: 3 row(s) from C:\Users\Mohit Patel\AppData\Local\Temp\pytest-of-spmohit\pytest-33\test_run_prints_timing_in_seco0\source\customers.parquet
2026-08-26 12:12:06,410  INFO      eds_loader.connectors.local_fs  Read orders: 2 row(s) from C:\Users\Mohit Patel\AppData\Local\Temp\pytest-of-spmohit\pytest-33\test_run_prints_timing_in_seco0\source\orders.parquet
2026-08-26 12:12:06,410  INFO      eds_loader.loader  Read 2 dataset(s) from source
2026-08-26 12:12:06,411  INFO      eds_loader.connectors.local_fs  Wrote customers: 3 row(s) to C:\Users\Mohit Patel\AppData\Local\Temp\pytest-of-spmohit\pytest-33\test_run_prints_timing_in_seco0\target\customers.parquet
2026-08-26 12:12:06,412  INFO      eds_loader.connectors.local_fs  Wrote orders: 2 row(s) to C:\Users\Mohit Patel\AppData\Local\Temp\pytest-of-spmohit\pytest-33\test_run_prints_timing_in_seco0\target\orders.parquet
2026-08-26 12:12:06,412  DEBUG     eds_loader.connectors.local_fs  Merging schema.json at target
2026-08-26 12:12:06,413  INFO      eds_loader.loader  Load complete: 5 row(s) written
2026-08-26 12:12:06,413  INFO      eds_loader.cli.main  Run complete: 5 row(s) across 2 table(s) in 0.0s
2026-08-26 12:12:06,425  INFO      eds_loader.cli.main  eds-loader run invoked (config=C:\Users\Mohit Patel\AppData\Local\Temp\pytest-of-spmohit\pytest-33\test_run_table_has_location_co0\loader.yaml, dry_run=False)
2026-08-26 12:12:06,433  INFO      eds_loader.cli.main  Config loaded: source=local_fs target=local_fs tables=(all) enforce_constraints=True schema_required=True
2026-08-26 12:12:06,433  DEBUG     eds_loader.connectors.local_fs  Reading schema.json from C:\Users\Mohit Patel\AppData\Local\Temp\pytest-of-spmohit\pytest-33\test_run_table_has_location_co0\source\schema.json
2026-08-26 12:12:06,434  DEBUG     eds_loader.connectors.local_fs  schema.json parsed: 2 dataset(s)
2026-08-26 12:12:06,437  INFO      eds_loader.connectors.local_fs  Read customers: 3 row(s) from C:\Users\Mohit Patel\AppData\Local\Temp\pytest-of-spmohit\pytest-33\test_run_table_has_location_co0\source\customers.parquet
2026-08-26 12:12:06,440  INFO      eds_loader.connectors.local_fs  Read orders: 2 row(s) from C:\Users\Mohit Patel\AppData\Local\Temp\pytest-of-spmohit\pytest-33\test_run_table_has_location_co0\source\orders.parquet
2026-08-26 12:12:06,440  INFO      eds_loader.loader  Read 2 dataset(s) from source
2026-08-26 12:12:06,441  INFO      eds_loader.connectors.local_fs  Wrote customers: 3 row(s) to C:\Users\Mohit Patel\AppData\Local\Temp\pytest-of-spmohit\pytest-33\test_run_table_has_location_co0\target\customers.parquet
2026-08-26 12:12:06,442  INFO      eds_loader.connectors.local_fs  Wrote orders: 2 row(s) to C:\Users\Mohit Patel\AppData\Local\Temp\pytest-of-spmohit\pytest-33\test_run_table_has_location_co0\target\orders.parquet
2026-08-26 12:12:06,442  DEBUG     eds_loader.connectors.local_fs  Merging schema.json at target
2026-08-26 12:12:06,443  INFO      eds_loader.loader  Load complete: 5 row(s) written
2026-08-26 12:12:06,443  INFO      eds_loader.cli.main  Run complete: 5 row(s) across 2 table(s) in 0.0s
2026-08-26 12:12:06,451  INFO      eds_loader.cli.main  eds-loader run invoked (config=C:\Users\Mohit Patel\AppData\Local\Temp\pytest-of-spmohit\pytest-33\test_run_missing_config_exits_0\nope.yaml, dry_run=False)
2026-08-26 12:12:06,451  ERROR     eds_loader.cli.main  Config parse failed: Config file not found: C:\Users\Mohit Patel\AppData\Local\Temp\pytest-of-spmohit\pytest-33\test_run_missing_config_exits_0\nope.yaml
2026-08-26 12:12:06,458  INFO      eds_loader.cli.main  eds-loader run invoked (config=C:\Users\Mohit Patel\AppData\Local\Temp\pytest-of-spmohit\pytest-33\test_run_invalid_yaml_exits_20\loader.yaml, dry_run=False)
2026-08-26 12:12:06,473  ERROR     eds_loader.cli.main  Config parse failed: Config file C:\Users\Mohit Patel\AppData\Local\Temp\pytest-of-spmohit\pytest-33\test_run_invalid_yaml_exits_20\loader.yaml is not valid YAML: while parsing a flow sequence
  in "<unicode string>", line 1, column 9:
    source: [unclosed
            ^
expected ',' or ']', but got '<stream end>'
  in "<unicode string>", line 1, column 18:
    source: [unclosed
                     ^
2026-08-26 12:12:06,482  INFO      eds_loader.cli.main  eds-loader run invoked (config=C:\Users\Mohit Patel\AppData\Local\Temp\pytest-of-spmohit\pytest-33\test_run_unknown_connector_kin0\loader.yaml, dry_run=False)
2026-08-26 12:12:06,483  INFO      eds_loader.cli.main  Config loaded: source=nosuchdb target=local_fs tables=(all) enforce_constraints=True schema_required=True
2026-08-26 12:12:06,483  ERROR     eds_loader.cli.main  Configuration error: Unknown connector kind 'nosuchdb'.
Known connectors: azure_blob, bigquery, elasticsearch, gcs, local_fs, mongodb, mssql, mysql, oracle, postgres, remote_fs, s3.
Run `eds-loader connectors` to see install status.
2026-08-26 12:12:06,495  INFO      eds_loader.cli.main  eds-loader run invoked (config=C:\Users\Mohit Patel\AppData\Local\Temp\pytest-of-spmohit\pytest-33\test_run_load_error_exits_30\loader.yaml, dry_run=False)
2026-08-26 12:12:06,515  INFO      eds_loader.cli.main  Config loaded: source=local_fs target=local_fs tables=(all) enforce_constraints=True schema_required=True
2026-08-26 12:12:06,515  ERROR     eds_loader.cli.main  Load failed after 0.0s: disk full
2026-08-26 12:12:06,529  INFO      eds_loader.cli.main  eds-loader run invoked (config=C:\Users\Mohit Patel\AppData\Local\Temp\pytest-of-spmohit\pytest-33\test_dry_run_exits_zero0\loader.yaml, dry_run=True)
2026-08-26 12:12:06,541  INFO      eds_loader.cli.main  Config loaded: source=local_fs target=local_fs tables=(all) enforce_constraints=True schema_required=True
2026-08-26 12:12:06,541  DEBUG     eds_loader.connectors.local_fs  Reading schema.json from C:\Users\Mohit Patel\AppData\Local\Temp\pytest-of-spmohit\pytest-33\test_dry_run_exits_zero0\source\schema.json
2026-08-26 12:12:06,542  DEBUG     eds_loader.connectors.local_fs  schema.json parsed: 2 dataset(s)
2026-08-26 12:12:06,542  INFO      eds_loader.cli.main  Dry-run: reading ['customers', 'orders'] dataset(s) from source
2026-08-26 12:12:06,545  INFO      eds_loader.connectors.local_fs  Read customers: 3 row(s) from C:\Users\Mohit Patel\AppData\Local\Temp\pytest-of-spmohit\pytest-33\test_dry_run_exits_zero0\source\customers.parquet
2026-08-26 12:12:06,546  INFO      eds_loader.connectors.local_fs  Read orders: 2 row(s) from C:\Users\Mohit Patel\AppData\Local\Temp\pytest-of-spmohit\pytest-33\test_dry_run_exits_zero0\source\orders.parquet
2026-08-26 12:12:06,547  INFO      eds_loader.cli.main  Dry-run complete: 5 row(s) across 2 dataset(s)
2026-08-26 12:12:06,559  INFO      eds_loader.cli.main  eds-loader run invoked (config=C:\Users\Mohit Patel\AppData\Local\Temp\pytest-of-spmohit\pytest-33\test_dry_run_shows_dataset_nam0\loader.yaml, dry_run=True)
2026-08-26 12:12:06,575  INFO      eds_loader.cli.main  Config loaded: source=local_fs target=local_fs tables=(all) enforce_constraints=True schema_required=True
2026-08-26 12:12:06,575  DEBUG     eds_loader.connectors.local_fs  Reading schema.json from C:\Users\Mohit Patel\AppData\Local\Temp\pytest-of-spmohit\pytest-33\test_dry_run_shows_dataset_nam0\source\schema.json
2026-08-26 12:12:06,576  DEBUG     eds_loader.connectors.local_fs  schema.json parsed: 2 dataset(s)
2026-08-26 12:12:06,576  INFO      eds_loader.cli.main  Dry-run: reading ['customers', 'orders'] dataset(s) from source
2026-08-26 12:12:06,578  INFO      eds_loader.connectors.local_fs  Read customers: 3 row(s) from C:\Users\Mohit Patel\AppData\Local\Temp\pytest-of-spmohit\pytest-33\test_dry_run_shows_dataset_nam0\source\customers.parquet
2026-08-26 12:12:06,580  INFO      eds_loader.connectors.local_fs  Read orders: 2 row(s) from C:\Users\Mohit Patel\AppData\Local\Temp\pytest-of-spmohit\pytest-33\test_dry_run_shows_dataset_nam0\source\orders.parquet
2026-08-26 12:12:06,580  INFO      eds_loader.cli.main  Dry-run complete: 5 row(s) across 2 dataset(s)
2026-08-26 12:12:06,590  INFO      eds_loader.cli.main  eds-loader run invoked (config=C:\Users\Mohit Patel\AppData\Local\Temp\pytest-of-spmohit\pytest-33\test_dry_run_shows_total_rows0\loader.yaml, dry_run=True)
2026-08-26 12:12:06,605  INFO      eds_loader.cli.main  Config loaded: source=local_fs target=local_fs tables=(all) enforce_constraints=True schema_required=True
2026-08-26 12:12:06,606  DEBUG     eds_loader.connectors.local_fs  Reading schema.json from C:\Users\Mohit Patel\AppData\Local\Temp\pytest-of-spmohit\pytest-33\test_dry_run_shows_total_rows0\source\schema.json
2026-08-26 12:12:06,607  DEBUG     eds_loader.connectors.local_fs  schema.json parsed: 2 dataset(s)
2026-08-26 12:12:06,607  INFO      eds_loader.cli.main  Dry-run: reading ['customers', 'orders'] dataset(s) from source
2026-08-26 12:12:06,609  INFO      eds_loader.connectors.local_fs  Read customers: 3 row(s) from C:\Users\Mohit Patel\AppData\Local\Temp\pytest-of-spmohit\pytest-33\test_dry_run_shows_total_rows0\source\customers.parquet
2026-08-26 12:12:06,611  INFO      eds_loader.connectors.local_fs  Read orders: 2 row(s) from C:\Users\Mohit Patel\AppData\Local\Temp\pytest-of-spmohit\pytest-33\test_dry_run_shows_total_rows0\source\orders.parquet
2026-08-26 12:12:06,611  INFO      eds_loader.cli.main  Dry-run complete: 5 row(s) across 2 dataset(s)
2026-08-26 12:12:06,624  INFO      eds_loader.cli.main  eds-loader run invoked (config=C:\Users\Mohit Patel\AppData\Local\Temp\pytest-of-spmohit\pytest-33\test_dry_run_does_not_write_ta0\loader.yaml, dry_run=True)
2026-08-26 12:12:06,641  INFO      eds_loader.cli.main  Config loaded: source=local_fs target=local_fs tables=(all) enforce_constraints=True schema_required=True
2026-08-26 12:12:06,641  DEBUG     eds_loader.connectors.local_fs  Reading schema.json from C:\Users\Mohit Patel\AppData\Local\Temp\pytest-of-spmohit\pytest-33\test_dry_run_does_not_write_ta0\source\schema.json
2026-08-26 12:12:06,643  DEBUG     eds_loader.connectors.local_fs  schema.json parsed: 2 dataset(s)
2026-08-26 12:12:06,643  INFO      eds_loader.cli.main  Dry-run: reading ['customers', 'orders'] dataset(s) from source
2026-08-26 12:12:06,645  INFO      eds_loader.connectors.local_fs  Read customers: 3 row(s) from C:\Users\Mohit Patel\AppData\Local\Temp\pytest-of-spmohit\pytest-33\test_dry_run_does_not_write_ta0\source\customers.parquet
2026-08-26 12:12:06,647  INFO      eds_loader.connectors.local_fs  Read orders: 2 row(s) from C:\Users\Mohit Patel\AppData\Local\Temp\pytest-of-spmohit\pytest-33\test_dry_run_does_not_write_ta0\source\orders.parquet
2026-08-26 12:12:06,647  INFO      eds_loader.cli.main  Dry-run complete: 5 row(s) across 2 dataset(s)
2026-08-26 12:12:06,660  INFO      eds_loader.cli.main  eds-loader run invoked (config=C:\Users\Mohit Patel\AppData\Local\Temp\pytest-of-spmohit\pytest-33\test_dry_run_shows_dry_run_hea0\loader.yaml, dry_run=True)
2026-08-26 12:12:06,676  INFO      eds_loader.cli.main  Config loaded: source=local_fs target=local_fs tables=(all) enforce_constraints=True schema_required=True
2026-08-26 12:12:06,676  DEBUG     eds_loader.connectors.local_fs  Reading schema.json from C:\Users\Mohit Patel\AppData\Local\Temp\pytest-of-spmohit\pytest-33\test_dry_run_shows_dry_run_hea0\source\schema.json
2026-08-26 12:12:06,677  DEBUG     eds_loader.connectors.local_fs  schema.json parsed: 2 dataset(s)
2026-08-26 12:12:06,678  INFO      eds_loader.cli.main  Dry-run: reading ['customers', 'orders'] dataset(s) from source
2026-08-26 12:12:06,680  INFO      eds_loader.connectors.local_fs  Read customers: 3 row(s) from C:\Users\Mohit Patel\AppData\Local\Temp\pytest-of-spmohit\pytest-33\test_dry_run_shows_dry_run_hea0\source\customers.parquet
2026-08-26 12:12:06,682  INFO      eds_loader.connectors.local_fs  Read orders: 2 row(s) from C:\Users\Mohit Patel\AppData\Local\Temp\pytest-of-spmohit\pytest-33\test_dry_run_shows_dry_run_hea0\source\orders.parquet
2026-08-26 12:12:06,682  INFO      eds_loader.cli.main  Dry-run complete: 5 row(s) across 2 dataset(s)
2026-08-26 12:12:06,693  INFO      eds_loader.cli.main  eds-loader run invoked (config=C:\Users\Mohit Patel\AppData\Local\Temp\pytest-of-spmohit\pytest-33\test_dry_run_source_error_exit0\loader.yaml, dry_run=True)
2026-08-26 12:12:06,710  INFO      eds_loader.cli.main  Config loaded: source=local_fs target=local_fs tables=(all) enforce_constraints=True schema_required=True
2026-08-26 12:12:06,710  ERROR     eds_loader.cli.main  Dry-run read failed: source down
2026-08-26 12:12:06,742  DEBUG     eds_loader.connectors.local_fs  Reading schema.json from C:\Users\Mohit Patel\AppData\Local\Temp\pytest-of-spmohit\pytest-33\test_validate_good_config_exit0\source\schema.json
2026-08-26 12:12:06,743  DEBUG     eds_loader.connectors.local_fs  schema.json parsed: 2 dataset(s)
2026-08-26 12:12:06,770  DEBUG     eds_loader.connectors.local_fs  Reading schema.json from C:\Users\Mohit Patel\AppData\Local\Temp\pytest-of-spmohit\pytest-33\test_validate_prints_checkmark0\source\schema.json
2026-08-26 12:12:06,772  DEBUG     eds_loader.connectors.local_fs  schema.json parsed: 2 dataset(s)
2026-08-26 12:12:06,799  DEBUG     eds_loader.connectors.local_fs  Reading schema.json from C:\Users\Mohit Patel\AppData\Local\Temp\pytest-of-spmohit\pytest-33\test_validate_shows_dataset_co0\source\schema.json
2026-08-26 12:12:06,800  DEBUG     eds_loader.connectors.local_fs  schema.json parsed: 2 dataset(s)
2026-08-26 12:12:06,891  DEBUG     eds_loader.connectors.local_fs  Reading schema.json from C:\Users\Mohit Patel\AppData\Local\Temp\pytest-of-spmohit\pytest-33\test_validate_shows_connector_0\source\schema.json
2026-08-26 12:12:06,893  DEBUG     eds_loader.connectors.local_fs  schema.json parsed: 2 dataset(s)
2026-08-26 12:12:07,365  INFO      eds_loader.loader  Read 2 dataset(s) from source
2026-08-26 12:12:07,366  INFO      eds_loader.connectors.local_fs  Wrote customers: 3 row(s) to C:\Users\Mohit Patel\AppData\Local\Temp\pytest-of-spmohit\pytest-33\test_integration_gcs_source_vi0\target\customers.parquet
2026-08-26 12:12:07,367  INFO      eds_loader.connectors.local_fs  Wrote orders: 2 row(s) to C:\Users\Mohit Patel\AppData\Local\Temp\pytest-of-spmohit\pytest-33\test_integration_gcs_source_vi0\target\orders.parquet
2026-08-26 12:12:07,367  DEBUG     eds_loader.connectors.local_fs  Merging schema.json at target
2026-08-26 12:12:07,368  INFO      eds_loader.loader  Load complete: 5 row(s) written
2026-08-26 12:12:07,372  INFO      eds_loader.loader  Read 2 dataset(s) from source
2026-08-26 12:12:07,372  INFO      eds_loader.loader  Load complete: 3 row(s) written
2026-08-26 12:12:07,374  INFO      eds_loader.loader  Read 2 dataset(s) from source
2026-08-26 12:12:07,374  INFO      eds_loader.loader  Load complete: 3 row(s) written
2026-08-26 12:12:07,376  INFO      eds_loader.loader  Read 2 dataset(s) from source
2026-08-26 12:12:07,376  INFO      eds_loader.loader  Load complete: 3 row(s) written
2026-08-26 12:12:07,378  INFO      eds_loader.loader  Read 2 dataset(s) from source
2026-08-26 12:12:07,378  INFO      eds_loader.loader  Load complete: 3 row(s) written
2026-08-26 12:12:07,380  INFO      eds_loader.loader  Read 1 dataset(s) from source
2026-08-26 12:12:07,380  INFO      eds_loader.loader  Load complete: 1 row(s) written
2026-08-26 12:12:07,395  DEBUG     eds_loader.connectors.local_fs  Reading schema.json from C:\Users\Mohit Patel\AppData\Local\Temp\pytest-of-spmohit\pytest-33\test_read_schema_metadata_retu0\schema.json
2026-08-26 12:12:07,411  DEBUG     eds_loader.connectors.local_fs  schema.json parsed: 2 dataset(s)
2026-08-26 12:12:07,417  DEBUG     eds_loader.connectors.local_fs  Reading schema.json from C:\Users\Mohit Patel\AppData\Local\Temp\pytest-of-spmohit\pytest-33\test_read_schema_metadata_cont0\schema.json
2026-08-26 12:12:07,418  DEBUG     eds_loader.connectors.local_fs  schema.json parsed: 2 dataset(s)
2026-08-26 12:12:07,425  DEBUG     eds_loader.connectors.local_fs  Reading schema.json from C:\Users\Mohit Patel\AppData\Local\Temp\pytest-of-spmohit\pytest-33\test_read_schema_metadata_corr0\schema.json
2026-08-26 12:12:07,443  DEBUG     eds_loader.connectors.local_fs  Reading schema.json from C:\Users\Mohit Patel\AppData\Local\Temp\pytest-of-spmohit\pytest-33\test_read_schema_metadata_empt0\schema.json
2026-08-26 12:12:07,449  DEBUG     eds_loader.connectors.local_fs  Auto-discovered 2 parquet file(s) in C:\Users\Mohit Patel\AppData\Local\Temp\pytest-of-spmohit\pytest-33\test_read_datasets_none_reads_0
2026-08-26 12:12:07,468  INFO      eds_loader.connectors.local_fs  Read customers: 3 row(s) from C:\Users\Mohit Patel\AppData\Local\Temp\pytest-of-spmohit\pytest-33\test_read_datasets_none_reads_0\customers.parquet
2026-08-26 12:12:07,484  INFO      eds_loader.connectors.local_fs  Read orders: 2 row(s) from C:\Users\Mohit Patel\AppData\Local\Temp\pytest-of-spmohit\pytest-33\test_read_datasets_none_reads_0\orders.parquet
2026-08-26 12:12:07,491  DEBUG     eds_loader.connectors.local_fs  Auto-discovered 1 parquet file(s) in C:\Users\Mohit Patel\AppData\Local\Temp\pytest-of-spmohit\pytest-33\test_read_datasets_none_ignore0
2026-08-26 12:12:07,510  INFO      eds_loader.connectors.local_fs  Read data: 1 row(s) from C:\Users\Mohit Patel\AppData\Local\Temp\pytest-of-spmohit\pytest-33\test_read_datasets_none_ignore0\data.parquet
2026-08-26 12:12:07,515  DEBUG     eds_loader.connectors.local_fs  Auto-discovered 2 parquet file(s) in C:\Users\Mohit Patel\AppData\Local\Temp\pytest-of-spmohit\pytest-33\test_read_datasets_none_return0
2026-08-26 12:12:07,517  INFO      eds_loader.connectors.local_fs  Read customers: 3 row(s) from C:\Users\Mohit Patel\AppData\Local\Temp\pytest-of-spmohit\pytest-33\test_read_datasets_none_return0\customers.parquet
2026-08-26 12:12:07,519  INFO      eds_loader.connectors.local_fs  Read orders: 2 row(s) from C:\Users\Mohit Patel\AppData\Local\Temp\pytest-of-spmohit\pytest-33\test_read_datasets_none_return0\orders.parquet
2026-08-26 12:12:07,522  DEBUG     eds_loader.connectors.local_fs  Auto-discovered 0 parquet file(s) in C:\Users\Mohit Patel\AppData\Local\Temp\pytest-of-spmohit\pytest-33\test_read_datasets_none_empty_0
2026-08-26 12:12:07,529  INFO      eds_loader.connectors.local_fs  Read customers: 3 row(s) from C:\Users\Mohit Patel\AppData\Local\Temp\pytest-of-spmohit\pytest-33\test_read_datasets_explicit_na0\customers.parquet
2026-08-26 12:12:07,535  INFO      eds_loader.connectors.local_fs  Read customers: 3 row(s) from C:\Users\Mohit Patel\AppData\Local\Temp\pytest-of-spmohit\pytest-33\test_read_datasets_explicit_pr0\customers.parquet
2026-08-26 12:12:07,550  INFO      eds_loader.connectors.local_fs  Read customers: 3 row(s) from C:\Users\Mohit Patel\AppData\Local\Temp\pytest-of-spmohit\pytest-33\test_read_datasets_one_missing0\customers.parquet
2026-08-26 12:12:07,556  INFO      eds_loader.connectors.local_fs  Wrote customers: 3 row(s) to C:\Users\Mohit Patel\AppData\Local\Temp\pytest-of-spmohit\pytest-33\test_write_datasets_creates_di0\deep\nested\dir\customers.parquet
2026-08-26 12:12:07,557  INFO      eds_loader.connectors.local_fs  Wrote orders: 2 row(s) to C:\Users\Mohit Patel\AppData\Local\Temp\pytest-of-spmohit\pytest-33\test_write_datasets_creates_di0\deep\nested\dir\orders.parquet
2026-08-26 12:12:07,561  INFO      eds_loader.connectors.local_fs  Wrote customers: 3 row(s) to C:\Users\Mohit Patel\AppData\Local\Temp\pytest-of-spmohit\pytest-33\test_write_datasets_writes_par0\customers.parquet
2026-08-26 12:12:07,562  INFO      eds_loader.connectors.local_fs  Wrote orders: 2 row(s) to C:\Users\Mohit Patel\AppData\Local\Temp\pytest-of-spmohit\pytest-33\test_write_datasets_writes_par0\orders.parquet
2026-08-26 12:12:07,567  INFO      eds_loader.connectors.local_fs  Wrote customers: 3 row(s) to C:\Users\Mohit Patel\AppData\Local\Temp\pytest-of-spmohit\pytest-33\test_write_datasets_returns_on0\customers.parquet
2026-08-26 12:12:07,568  INFO      eds_loader.connectors.local_fs  Wrote orders: 2 row(s) to C:\Users\Mohit Patel\AppData\Local\Temp\pytest-of-spmohit\pytest-33\test_write_datasets_returns_on0\orders.parquet
2026-08-26 12:12:07,573  INFO      eds_loader.connectors.local_fs  Wrote customers: 3 row(s) to C:\Users\Mohit Patel\AppData\Local\Temp\pytest-of-spmohit\pytest-33\test_write_datasets_result_row0\customers.parquet
2026-08-26 12:12:07,574  INFO      eds_loader.connectors.local_fs  Wrote orders: 2 row(s) to C:\Users\Mohit Patel\AppData\Local\Temp\pytest-of-spmohit\pytest-33\test_write_datasets_result_row0\orders.parquet
2026-08-26 12:12:07,578  INFO      eds_loader.connectors.local_fs  Wrote customers: 3 row(s) to C:\Users\Mohit Patel\AppData\Local\Temp\pytest-of-spmohit\pytest-33\test_write_datasets_result_loc0\customers.parquet
2026-08-26 12:12:07,579  INFO      eds_loader.connectors.local_fs  Wrote orders: 2 row(s) to C:\Users\Mohit Patel\AppData\Local\Temp\pytest-of-spmohit\pytest-33\test_write_datasets_result_loc0\orders.parquet
2026-08-26 12:12:07,583  INFO      eds_loader.connectors.local_fs  Wrote data: 3 row(s) to C:\Users\Mohit Patel\AppData\Local\Temp\pytest-of-spmohit\pytest-33\test_write_datasets_overwrites0\data.parquet
2026-08-26 12:12:07,584  INFO      eds_loader.connectors.local_fs  Wrote data: 1 row(s) to C:\Users\Mohit Patel\AppData\Local\Temp\pytest-of-spmohit\pytest-33\test_write_datasets_overwrites0\data.parquet
2026-08-26 12:12:07,592  INFO      eds_loader.connectors.local_fs  Wrote customers: 3 row(s) to C:\Users\Mohit Patel\AppData\Local\Temp\pytest-of-spmohit\pytest-33\test_write_datasets_writes_sch0\customers.parquet
2026-08-26 12:12:07,593  INFO      eds_loader.connectors.local_fs  Wrote orders: 2 row(s) to C:\Users\Mohit Patel\AppData\Local\Temp\pytest-of-spmohit\pytest-33\test_write_datasets_writes_sch0\orders.parquet
2026-08-26 12:12:07,593  DEBUG     eds_loader.connectors.local_fs  Merging schema.json at target
2026-08-26 12:12:07,610  INFO      eds_loader.connectors.local_fs  Wrote customers: 3 row(s) to C:\Users\Mohit Patel\AppData\Local\Temp\pytest-of-spmohit\pytest-33\test_write_datasets_skips_sche0\customers.parquet
2026-08-26 12:12:07,610  INFO      eds_loader.connectors.local_fs  Wrote orders: 2 row(s) to C:\Users\Mohit Patel\AppData\Local\Temp\pytest-of-spmohit\pytest-33\test_write_datasets_skips_sche0\orders.parquet
2026-08-26 12:12:07,615  INFO      eds_loader.connectors.local_fs  Wrote customers: 3 row(s) to C:\Users\Mohit Patel\AppData\Local\Temp\pytest-of-spmohit\pytest-33\test_write_datasets_merges_sch0\customers.parquet
2026-08-26 12:12:07,616  INFO      eds_loader.connectors.local_fs  Wrote orders: 2 row(s) to C:\Users\Mohit Patel\AppData\Local\Temp\pytest-of-spmohit\pytest-33\test_write_datasets_merges_sch0\orders.parquet
2026-08-26 12:12:07,617  DEBUG     eds_loader.connectors.local_fs  Merging schema.json at target
2026-08-26 12:12:07,640  INFO      eds_loader.connectors.local_fs  Wrote customers: 3 row(s) to C:\Users\Mohit Patel\AppData\Local\Temp\pytest-of-spmohit\pytest-33\test_write_datasets_corrupt_ex0\customers.parquet
2026-08-26 12:12:07,641  INFO      eds_loader.connectors.local_fs  Wrote orders: 2 row(s) to C:\Users\Mohit Patel\AppData\Local\Temp\pytest-of-spmohit\pytest-33\test_write_datasets_corrupt_ex0\orders.parquet
2026-08-26 12:12:07,641  DEBUG     eds_loader.connectors.local_fs  Merging schema.json at target
2026-08-26 12:12:07,667  INFO      eds_loader.connectors.local_fs  Wrote customers: 3 row(s) to C:\Users\Mohit Patel\AppData\Local\Temp\pytest-of-spmohit\pytest-33\test_round_trip_dataframes_mat0\customers.parquet
2026-08-26 12:12:07,668  INFO      eds_loader.connectors.local_fs  Wrote orders: 2 row(s) to C:\Users\Mohit Patel\AppData\Local\Temp\pytest-of-spmohit\pytest-33\test_round_trip_dataframes_mat0\orders.parquet
2026-08-26 12:12:07,668  DEBUG     eds_loader.connectors.local_fs  Merging schema.json at target
2026-08-26 12:12:07,671  INFO      eds_loader.connectors.local_fs  Read customers: 3 row(s) from C:\Users\Mohit Patel\AppData\Local\Temp\pytest-of-spmohit\pytest-33\test_round_trip_dataframes_mat0\customers.parquet
2026-08-26 12:12:07,673  INFO      eds_loader.connectors.local_fs  Read orders: 2 row(s) from C:\Users\Mohit Patel\AppData\Local\Temp\pytest-of-spmohit\pytest-33\test_round_trip_dataframes_mat0\orders.parquet
2026-08-26 12:12:07,678  INFO      eds_loader.connectors.local_fs  Wrote customers: 3 row(s) to C:\Users\Mohit Patel\AppData\Local\Temp\pytest-of-spmohit\pytest-33\test_round_trip_schema_survive0\customers.parquet
2026-08-26 12:12:07,679  INFO      eds_loader.connectors.local_fs  Wrote orders: 2 row(s) to C:\Users\Mohit Patel\AppData\Local\Temp\pytest-of-spmohit\pytest-33\test_round_trip_schema_survive0\orders.parquet
2026-08-26 12:12:07,679  DEBUG     eds_loader.connectors.local_fs  Merging schema.json at target
2026-08-26 12:12:07,680  DEBUG     eds_loader.connectors.local_fs  Reading schema.json from C:\Users\Mohit Patel\AppData\Local\Temp\pytest-of-spmohit\pytest-33\test_round_trip_schema_survive0\schema.json
2026-08-26 12:12:07,682  DEBUG     eds_loader.connectors.local_fs  schema.json parsed: 2 dataset(s)
2026-08-26 12:12:07,689  DEBUG     eds_loader.connectors.local_fs  Reading schema.json from C:\Users\Mohit Patel\AppData\Local\Temp\pytest-of-spmohit\pytest-33\test_integration_local_to_loca0\schema.json
2026-08-26 12:12:07,690  DEBUG     eds_loader.connectors.local_fs  schema.json parsed: 2 dataset(s)
2026-08-26 12:12:07,692  INFO      eds_loader.connectors.local_fs  Read customers: 3 row(s) from C:\Users\Mohit Patel\AppData\Local\Temp\pytest-of-spmohit\pytest-33\test_integration_local_to_loca0\customers.parquet
2026-08-26 12:12:07,693  INFO      eds_loader.connectors.local_fs  Read orders: 2 row(s) from C:\Users\Mohit Patel\AppData\Local\Temp\pytest-of-spmohit\pytest-33\test_integration_local_to_loca0\orders.parquet
2026-08-26 12:12:07,693  INFO      eds_loader.loader  Read 2 dataset(s) from source
2026-08-26 12:12:07,694  INFO      eds_loader.connectors.local_fs  Wrote customers: 3 row(s) to C:\Users\Mohit Patel\AppData\Local\Temp\pytest-of-spmohit\pytest-33\test_integration_local_to_loca0\target\customers.parquet
2026-08-26 12:12:07,695  INFO      eds_loader.connectors.local_fs  Wrote orders: 2 row(s) to C:\Users\Mohit Patel\AppData\Local\Temp\pytest-of-spmohit\pytest-33\test_integration_local_to_loca0\target\orders.parquet
2026-08-26 12:12:07,695  DEBUG     eds_loader.connectors.local_fs  Merging schema.json at target
2026-08-26 12:12:07,696  INFO      eds_loader.loader  Load complete: 5 row(s) written
2026-08-26 12:12:07,702  DEBUG     eds_loader.connectors.local_fs  Reading schema.json from C:\Users\Mohit Patel\AppData\Local\Temp\pytest-of-spmohit\pytest-33\test_integration_table_subset_0\schema.json
2026-08-26 12:12:07,704  DEBUG     eds_loader.connectors.local_fs  schema.json parsed: 2 dataset(s)
2026-08-26 12:12:07,706  INFO      eds_loader.connectors.local_fs  Read customers: 3 row(s) from C:\Users\Mohit Patel\AppData\Local\Temp\pytest-of-spmohit\pytest-33\test_integration_table_subset_0\customers.parquet
2026-08-26 12:12:07,706  INFO      eds_loader.loader  Read 1 dataset(s) from source
2026-08-26 12:12:07,707  INFO      eds_loader.connectors.local_fs  Wrote customers: 3 row(s) to C:\Users\Mohit Patel\AppData\Local\Temp\pytest-of-spmohit\pytest-33\test_integration_table_subset_0\target_subset\customers.parquet
2026-08-26 12:12:07,707  DEBUG     eds_loader.connectors.local_fs  Merging schema.json at target
2026-08-26 12:12:07,708  INFO      eds_loader.loader  Load complete: 3 row(s) written
2026-08-26 12:12:07,714  DEBUG     eds_loader.connectors.local_fs  Reading schema.json from C:\Users\Mohit Patel\AppData\Local\Temp\pytest-of-spmohit\pytest-33\test_integration_schema_json_w0\schema.json
2026-08-26 12:12:07,715  DEBUG     eds_loader.connectors.local_fs  schema.json parsed: 2 dataset(s)
2026-08-26 12:12:07,718  INFO      eds_loader.connectors.local_fs  Read customers: 3 row(s) from C:\Users\Mohit Patel\AppData\Local\Temp\pytest-of-spmohit\pytest-33\test_integration_schema_json_w0\customers.parquet
2026-08-26 12:12:07,719  INFO      eds_loader.connectors.local_fs  Read orders: 2 row(s) from C:\Users\Mohit Patel\AppData\Local\Temp\pytest-of-spmohit\pytest-33\test_integration_schema_json_w0\orders.parquet
2026-08-26 12:12:07,720  INFO      eds_loader.loader  Read 2 dataset(s) from source
2026-08-26 12:12:07,721  INFO      eds_loader.connectors.local_fs  Wrote customers: 3 row(s) to C:\Users\Mohit Patel\AppData\Local\Temp\pytest-of-spmohit\pytest-33\test_integration_schema_json_w0\target_schema\customers.parquet
2026-08-26 12:12:07,722  INFO      eds_loader.connectors.local_fs  Wrote orders: 2 row(s) to C:\Users\Mohit Patel\AppData\Local\Temp\pytest-of-spmohit\pytest-33\test_integration_schema_json_w0\target_schema\orders.parquet
2026-08-26 12:12:07,723  DEBUG     eds_loader.connectors.local_fs  Merging schema.json at target
2026-08-26 12:12:07,723  INFO      eds_loader.loader  Load complete: 5 row(s) written
2026-08-26 12:12:07,730  DEBUG     eds_loader.connectors.local_fs  Reading schema.json from C:\Users\Mohit Patel\AppData\Local\Temp\pytest-of-spmohit\pytest-33\test_integration_schema_json_n0\schema.json
2026-08-26 12:12:07,731  DEBUG     eds_loader.connectors.local_fs  schema.json parsed: 2 dataset(s)
2026-08-26 12:12:07,733  INFO      eds_loader.connectors.local_fs  Read customers: 3 row(s) from C:\Users\Mohit Patel\AppData\Local\Temp\pytest-of-spmohit\pytest-33\test_integration_schema_json_n0\customers.parquet
2026-08-26 12:12:07,734  INFO      eds_loader.connectors.local_fs  Read orders: 2 row(s) from C:\Users\Mohit Patel\AppData\Local\Temp\pytest-of-spmohit\pytest-33\test_integration_schema_json_n0\orders.parquet
2026-08-26 12:12:07,734  INFO      eds_loader.loader  Read 2 dataset(s) from source
2026-08-26 12:12:07,736  INFO      eds_loader.connectors.local_fs  Wrote customers: 3 row(s) to C:\Users\Mohit Patel\AppData\Local\Temp\pytest-of-spmohit\pytest-33\test_integration_schema_json_n0\target_no_schema\customers.parquet
2026-08-26 12:12:07,737  INFO      eds_loader.connectors.local_fs  Wrote orders: 2 row(s) to C:\Users\Mohit Patel\AppData\Local\Temp\pytest-of-spmohit\pytest-33\test_integration_schema_json_n0\target_no_schema\orders.parquet
2026-08-26 12:12:07,737  INFO      eds_loader.loader  Load complete: 5 row(s) written
2026-08-26 12:12:07,749  INFO      eds_loader.connectors.mongodb  Connected to MongoDB localhost:27017/test_db
2026-08-26 12:12:07,749  DEBUG     eds_loader.connectors.mongodb  [customers] dropping existing collection
2026-08-26 12:12:07,750  DEBUG     eds_loader.connectors.mongodb  [customers] inserting 3 document(s)
2026-08-26 12:12:07,752  INFO      eds_loader.connectors.mongodb  [customers] wrote 3 document(s) in 0.00s
2026-08-26 12:12:07,752  DEBUG     eds_loader.connectors.mongodb  [orders] dropping existing collection
2026-08-26 12:12:07,752  DEBUG     eds_loader.connectors.mongodb  [orders] inserting 2 document(s)
2026-08-26 12:12:07,752  INFO      eds_loader.connectors.mongodb  [orders] wrote 2 document(s) in 0.00s
2026-08-26 12:12:07,753  INFO      eds_loader.connectors.mongodb  Connected to MongoDB localhost:27017/test_db
2026-08-26 12:12:07,753  DEBUG     eds_loader.connectors.mongodb  [data] dropping existing collection
2026-08-26 12:12:07,754  DEBUG     eds_loader.connectors.mongodb  [data] inserting 2 document(s)
2026-08-26 12:12:07,754  INFO      eds_loader.connectors.mongodb  [data] wrote 2 document(s) in 0.00s
2026-08-26 12:12:07,755  INFO      eds_loader.connectors.mongodb  Connected to MongoDB localhost:27017/test_db
2026-08-26 12:12:07,756  DEBUG     eds_loader.connectors.mongodb  [t] dropping existing collection
2026-08-26 12:12:07,756  DEBUG     eds_loader.connectors.mongodb  [t] inserting 1 document(s)
2026-08-26 12:12:07,756  INFO      eds_loader.connectors.mongodb  [t] wrote 1 document(s) in 0.00s
2026-08-26 12:12:07,758  INFO      eds_loader.connectors.mongodb  Connected to MongoDB localhost:27017/test_db
2026-08-26 12:12:07,758  DEBUG     eds_loader.connectors.mongodb  [empty] dropping existing collection
2026-08-26 12:12:07,758  INFO      eds_loader.connectors.mongodb  [empty] wrote 0 document(s) in 0.00s
2026-08-26 12:12:07,759  INFO      eds_loader.connectors.mongodb  Connected to MongoDB localhost:27017/test_db
2026-08-26 12:12:07,759  DEBUG     eds_loader.connectors.mongodb  [empty] dropping existing collection
2026-08-26 12:12:07,760  INFO      eds_loader.connectors.mongodb  [empty] wrote 0 document(s) in 0.00s
2026-08-26 12:12:07,761  INFO      eds_loader.connectors.mongodb  Connected to MongoDB localhost:27017/test_db
2026-08-26 12:12:07,761  DEBUG     eds_loader.connectors.mongodb  [customers] dropping existing collection
2026-08-26 12:12:07,761  DEBUG     eds_loader.connectors.mongodb  [customers] inserting 3 document(s)
2026-08-26 12:12:07,761  INFO      eds_loader.connectors.mongodb  [customers] wrote 3 document(s) in 0.00s
2026-08-26 12:12:07,761  DEBUG     eds_loader.connectors.mongodb  [orders] dropping existing collection
2026-08-26 12:12:07,761  DEBUG     eds_loader.connectors.mongodb  [orders] inserting 2 document(s)
2026-08-26 12:12:07,762  INFO      eds_loader.connectors.mongodb  [orders] wrote 2 document(s) in 0.00s
2026-08-26 12:12:07,763  INFO      eds_loader.connectors.mongodb  Connected to MongoDB localhost:27017/test_db
2026-08-26 12:12:07,763  DEBUG     eds_loader.connectors.mongodb  [customers] dropping existing collection
2026-08-26 12:12:07,763  DEBUG     eds_loader.connectors.mongodb  [customers] inserting 3 document(s)
2026-08-26 12:12:07,763  INFO      eds_loader.connectors.mongodb  [customers] wrote 3 document(s) in 0.00s
2026-08-26 12:12:07,763  DEBUG     eds_loader.connectors.mongodb  [orders] dropping existing collection
2026-08-26 12:12:07,764  DEBUG     eds_loader.connectors.mongodb  [orders] inserting 2 document(s)
2026-08-26 12:12:07,764  INFO      eds_loader.connectors.mongodb  [orders] wrote 2 document(s) in 0.00s
2026-08-26 12:12:07,765  INFO      eds_loader.connectors.mongodb  Connected to MongoDB mgserver:27020/mydb
2026-08-26 12:12:07,765  DEBUG     eds_loader.connectors.mongodb  [tbl] dropping existing collection
2026-08-26 12:12:07,765  DEBUG     eds_loader.connectors.mongodb  [tbl] inserting 1 document(s)
2026-08-26 12:12:07,765  INFO      eds_loader.connectors.mongodb  [tbl] wrote 1 document(s) in 0.00s
2026-08-26 12:12:07,766  INFO      eds_loader.connectors.mongodb  Connected to MongoDB localhost:27017/test_db
2026-08-26 12:12:07,767  DEBUG     eds_loader.connectors.mongodb  [z] dropping existing collection
2026-08-26 12:12:07,767  DEBUG     eds_loader.connectors.mongodb  [z] inserting 1 document(s)
2026-08-26 12:12:07,767  INFO      eds_loader.connectors.mongodb  [z] wrote 1 document(s) in 0.00s
2026-08-26 12:12:07,767  DEBUG     eds_loader.connectors.mongodb  [a] dropping existing collection
2026-08-26 12:12:07,767  DEBUG     eds_loader.connectors.mongodb  [a] inserting 1 document(s)
2026-08-26 12:12:07,767  INFO      eds_loader.connectors.mongodb  [a] wrote 1 document(s) in 0.00s
2026-08-26 12:12:07,768  INFO      eds_loader.connectors.mongodb  Connected to MongoDB localhost:27017/test_db
2026-08-26 12:12:07,769  DEBUG     eds_loader.connectors.mongodb  [orders] dropping existing collection
2026-08-26 12:12:07,769  DEBUG     eds_loader.connectors.mongodb  [orders] inserting 1 document(s)
2026-08-26 12:12:07,769  DEBUG     eds_loader.connectors.mongodb  [orders] creating indexes from schema metadata
2026-08-26 12:12:07,769  INFO      eds_loader.connectors.mongodb  [orders] wrote 1 document(s) in 0.00s
2026-08-26 12:12:07,769  DEBUG     eds_loader.connectors.mongodb  [customers] dropping existing collection
2026-08-26 12:12:07,769  DEBUG     eds_loader.connectors.mongodb  [customers] inserting 1 document(s)
2026-08-26 12:12:07,769  DEBUG     eds_loader.connectors.mongodb  [customers] creating indexes from schema metadata
2026-08-26 12:12:07,770  INFO      eds_loader.connectors.mongodb  [customers] wrote 1 document(s) in 0.00s
2026-08-26 12:12:07,774  INFO      eds_loader.connectors.mongodb  Connected to MongoDB localhost:27017/test_db
2026-08-26 12:12:07,774  DEBUG     eds_loader.connectors.mongodb  [customers] dropping existing collection
2026-08-26 12:12:07,775  DEBUG     eds_loader.connectors.mongodb  [customers] inserting 1 document(s)
2026-08-26 12:12:07,775  DEBUG     eds_loader.connectors.mongodb  [customers] creating indexes from schema metadata
2026-08-26 12:12:07,775  INFO      eds_loader.connectors.mongodb  [customers] wrote 1 document(s) in 0.00s
2026-08-26 12:12:07,776  INFO      eds_loader.connectors.mongodb  Connected to MongoDB localhost:27017/test_db
2026-08-26 12:12:07,776  DEBUG     eds_loader.connectors.mongodb  [customers] dropping existing collection
2026-08-26 12:12:07,777  DEBUG     eds_loader.connectors.mongodb  [customers] inserting 1 document(s)
2026-08-26 12:12:07,777  DEBUG     eds_loader.connectors.mongodb  [customers] creating indexes from schema metadata
2026-08-26 12:12:07,777  INFO      eds_loader.connectors.mongodb  [customers] wrote 1 document(s) in 0.00s
2026-08-26 12:12:07,778  INFO      eds_loader.connectors.mongodb  Connected to MongoDB localhost:27017/test_db
2026-08-26 12:12:07,778  DEBUG     eds_loader.connectors.mongodb  [orders] dropping existing collection
2026-08-26 12:12:07,779  DEBUG     eds_loader.connectors.mongodb  [orders] inserting 1 document(s)
2026-08-26 12:12:07,779  DEBUG     eds_loader.connectors.mongodb  [orders] creating indexes from schema metadata
2026-08-26 12:12:07,779  INFO      eds_loader.connectors.mongodb  [orders] wrote 1 document(s) in 0.00s
2026-08-26 12:12:07,781  INFO      eds_loader.connectors.mongodb  Connected to MongoDB localhost:27017/test_db
2026-08-26 12:12:07,781  DEBUG     eds_loader.connectors.mongodb  [customers] dropping existing collection
2026-08-26 12:12:07,781  DEBUG     eds_loader.connectors.mongodb  [customers] inserting 1 document(s)
2026-08-26 12:12:07,782  INFO      eds_loader.connectors.mongodb  [customers] wrote 1 document(s) in 0.00s
2026-08-26 12:12:07,791  INFO      eds_loader.connectors.mongodb  Connected to MongoDB localhost:27017/test_db
2026-08-26 12:12:07,791  DEBUG     eds_loader.connectors.mongodb  [t] dropping existing collection
2026-08-26 12:12:07,791  ERROR     eds_loader.connectors.mongodb  [t] write failed: network error
2026-08-26 12:12:07,792  INFO      eds_loader.connectors.mongodb  Connected to MongoDB localhost:27017/test_db
2026-08-26 12:12:07,793  DEBUG     eds_loader.connectors.mongodb  [t] dropping existing collection
2026-08-26 12:12:07,793  DEBUG     eds_loader.connectors.mongodb  [t] inserting 1 document(s)
2026-08-26 12:12:07,793  ERROR     eds_loader.connectors.mongodb  [t] write failed: duplicate key
2026-08-26 12:12:07,805  DEBUG     eds_loader.connectors.local_fs  Reading schema.json from C:\Users\Mohit Patel\AppData\Local\Temp\pytest-of-spmohit\pytest-33\test_integration_local_fs_to_m0\source\schema.json
2026-08-26 12:12:07,806  DEBUG     eds_loader.connectors.local_fs  schema.json parsed: 2 dataset(s)
2026-08-26 12:12:07,808  INFO      eds_loader.connectors.local_fs  Read customers: 3 row(s) from C:\Users\Mohit Patel\AppData\Local\Temp\pytest-of-spmohit\pytest-33\test_integration_local_fs_to_m0\source\customers.parquet
2026-08-26 12:12:07,810  INFO      eds_loader.connectors.local_fs  Read orders: 2 row(s) from C:\Users\Mohit Patel\AppData\Local\Temp\pytest-of-spmohit\pytest-33\test_integration_local_fs_to_m0\source\orders.parquet
2026-08-26 12:12:07,810  INFO      eds_loader.loader  Read 2 dataset(s) from source
2026-08-26 12:12:07,810  INFO      eds_loader.connectors.mongodb  Connected to MongoDB localhost:27017/test_db
2026-08-26 12:12:07,810  DEBUG     eds_loader.connectors.mongodb  [customers] dropping existing collection
2026-08-26 12:12:07,810  DEBUG     eds_loader.connectors.mongodb  [customers] inserting 3 document(s)
2026-08-26 12:12:07,811  DEBUG     eds_loader.connectors.mongodb  [customers] creating indexes from schema metadata
2026-08-26 12:12:07,811  INFO      eds_loader.connectors.mongodb  [customers] wrote 3 document(s) in 0.00s
2026-08-26 12:12:07,811  DEBUG     eds_loader.connectors.mongodb  [orders] dropping existing collection
2026-08-26 12:12:07,811  DEBUG     eds_loader.connectors.mongodb  [orders] inserting 2 document(s)
2026-08-26 12:12:07,811  DEBUG     eds_loader.connectors.mongodb  [orders] creating indexes from schema metadata
2026-08-26 12:12:07,811  INFO      eds_loader.connectors.mongodb  [orders] wrote 2 document(s) in 0.00s
2026-08-26 12:12:07,811  INFO      eds_loader.loader  Load complete: 5 row(s) written
2026-08-26 12:12:07,818  DEBUG     eds_loader.connectors.local_fs  Reading schema.json from C:\Users\Mohit Patel\AppData\Local\Temp\pytest-of-spmohit\pytest-33\test_integration_enforce_false0\source2\schema.json
2026-08-26 12:12:07,820  DEBUG     eds_loader.connectors.local_fs  schema.json parsed: 2 dataset(s)
2026-08-26 12:12:07,822  INFO      eds_loader.connectors.local_fs  Read customers: 3 row(s) from C:\Users\Mohit Patel\AppData\Local\Temp\pytest-of-spmohit\pytest-33\test_integration_enforce_false0\source2\customers.parquet
2026-08-26 12:12:07,824  INFO      eds_loader.connectors.local_fs  Read orders: 2 row(s) from C:\Users\Mohit Patel\AppData\Local\Temp\pytest-of-spmohit\pytest-33\test_integration_enforce_false0\source2\orders.parquet
2026-08-26 12:12:07,824  INFO      eds_loader.loader  Read 2 dataset(s) from source
2026-08-26 12:12:07,824  INFO      eds_loader.connectors.mongodb  Connected to MongoDB localhost:27017/test_db
2026-08-26 12:12:07,824  DEBUG     eds_loader.connectors.mongodb  [customers] dropping existing collection
2026-08-26 12:12:07,825  DEBUG     eds_loader.connectors.mongodb  [customers] inserting 3 document(s)
2026-08-26 12:12:07,825  INFO      eds_loader.connectors.mongodb  [customers] wrote 3 document(s) in 0.00s
2026-08-26 12:12:07,825  DEBUG     eds_loader.connectors.mongodb  [orders] dropping existing collection
2026-08-26 12:12:07,825  DEBUG     eds_loader.connectors.mongodb  [orders] inserting 2 document(s)
2026-08-26 12:12:07,825  INFO      eds_loader.connectors.mongodb  [orders] wrote 2 document(s) in 0.00s
2026-08-26 12:12:07,825  INFO      eds_loader.loader  Load complete: 5 row(s) written
2026-08-26 12:12:07,837  INFO      eds_loader.connectors._sql_base  Connected to test_user@localhost:3306/test_db
2026-08-26 12:12:07,837  DEBUG     eds_loader.connectors._sql_base  Ensuring namespace exists: CREATE DATABASE IF NOT EXISTS `test_db`
2026-08-26 12:12:07,837  DEBUG     eds_loader.connectors._sql_base  [t] DROP TABLE IF EXISTS `test_db`.`t`
2026-08-26 12:12:07,837  DEBUG     eds_loader.connectors._sql_base  [t] CREATE TABLE `test_db`.`t` (
    `id` BIGINT
)
2026-08-26 12:12:07,837  DEBUG     eds_loader.connectors._sql_base  [t] inserting 1 row(s)
2026-08-26 12:12:07,838  INFO      eds_loader.connectors._sql_base  [t] wrote 1 row(s) in 0.00s
2026-08-26 12:12:07,839  INFO      eds_loader.connectors._sql_base  Connected to test_user@localhost:3306/test_db
2026-08-26 12:12:07,839  DEBUG     eds_loader.connectors._sql_base  Ensuring namespace exists: CREATE DATABASE IF NOT EXISTS `test_db`
2026-08-26 12:12:07,840  DEBUG     eds_loader.connectors._sql_base  [t] DROP TABLE IF EXISTS `test_db`.`t`
2026-08-26 12:12:07,840  DEBUG     eds_loader.connectors._sql_base  [t] CREATE TABLE `test_db`.`t` (
    `id` BIGINT
)
2026-08-26 12:12:07,840  DEBUG     eds_loader.connectors._sql_base  [t] inserting 1 row(s)
2026-08-26 12:12:07,840  INFO      eds_loader.connectors._sql_base  [t] wrote 1 row(s) in 0.00s
2026-08-26 12:12:07,842  INFO      eds_loader.connectors._sql_base  Connected to test_user@localhost:3306/test_db
2026-08-26 12:12:07,842  DEBUG     eds_loader.connectors._sql_base  Ensuring namespace exists: CREATE DATABASE IF NOT EXISTS `test_db`
2026-08-26 12:12:07,842  DEBUG     eds_loader.connectors._sql_base  [t] DROP TABLE IF EXISTS `test_db`.`t`
2026-08-26 12:12:07,842  ERROR     eds_loader.connectors._sql_base  [t] write failed: DB down
2026-08-26 12:12:07,843  INFO      eds_loader.connectors._sql_base  Connected to test_user@localhost:3306/eds_db
2026-08-26 12:12:07,844  DEBUG     eds_loader.connectors._sql_base  Ensuring namespace exists: CREATE DATABASE IF NOT EXISTS `eds_db`
2026-08-26 12:12:07,844  DEBUG     eds_loader.connectors._sql_base  [customers] DROP TABLE IF EXISTS `eds_db`.`customers`
2026-08-26 12:12:07,844  DEBUG     eds_loader.connectors._sql_base  [customers] CREATE TABLE `eds_db`.`customers` (
    `id` BIGINT
)
2026-08-26 12:12:07,844  DEBUG     eds_loader.connectors._sql_base  [customers] inserting 1 row(s)
2026-08-26 12:12:07,844  INFO      eds_loader.connectors._sql_base  [customers] wrote 1 row(s) in 0.00s
2026-08-26 12:12:07,846  INFO      eds_loader.connectors._sql_base  Connected to test_user@localhost:3306/eds_db
2026-08-26 12:12:07,846  DEBUG     eds_loader.connectors._sql_base  Table write order (FK-sorted): customers, orders
2026-08-26 12:12:07,846  DEBUG     eds_loader.connectors._sql_base  Ensuring namespace exists: CREATE DATABASE IF NOT EXISTS `eds_db`
2026-08-26 12:12:07,846  DEBUG     eds_loader.connectors._sql_base  [customers] DROP TABLE IF EXISTS `eds_db`.`customers`
2026-08-26 12:12:07,846  DEBUG     eds_loader.connectors._sql_base  [customers] CREATE TABLE `eds_db`.`customers` (
    `customer_id` BIGINT PRIMARY KEY,
    `name` TEXT
)
2026-08-26 12:12:07,846  DEBUG     eds_loader.connectors._sql_base  [customers] inserting 2 row(s)
2026-08-26 12:12:07,846  INFO      eds_loader.connectors._sql_base  [customers] wrote 2 row(s) in 0.00s
2026-08-26 12:12:07,846  DEBUG     eds_loader.connectors._sql_base  [orders] DROP TABLE IF EXISTS `eds_db`.`orders`
2026-08-26 12:12:07,847  DEBUG     eds_loader.connectors._sql_base  [orders] CREATE TABLE `eds_db`.`orders` (
    `order_id` BIGINT PRIMARY KEY,
    `customer_id` BIGINT NOT NULL REFERENCES `eds_db`.`customers`(`customer_id`)
)
2026-08-26 12:12:07,847  DEBUG     eds_loader.connectors._sql_base  [orders] inserting 1 row(s)
2026-08-26 12:12:07,847  INFO      eds_loader.connectors._sql_base  [orders] wrote 1 row(s) in 0.00s
2026-08-26 12:12:07,849  INFO      eds_loader.connectors._sql_base  Connected to test_user@localhost:3306/test_db
2026-08-26 12:12:07,849  DEBUG     eds_loader.connectors._sql_base  Ensuring namespace exists: CREATE DATABASE IF NOT EXISTS `test_db`
2026-08-26 12:12:07,849  DEBUG     eds_loader.connectors._sql_base  [t] DROP TABLE IF EXISTS `test_db`.`t`
2026-08-26 12:12:07,849  DEBUG     eds_loader.connectors._sql_base  [t] CREATE TABLE `test_db`.`t` (
    `id` BIGINT
)
2026-08-26 12:12:07,849  DEBUG     eds_loader.connectors._sql_base  [t] inserting 1 row(s)
2026-08-26 12:12:07,849  INFO      eds_loader.connectors._sql_base  [t] wrote 1 row(s) in 0.00s
2026-08-26 12:12:07,851  INFO      eds_loader.connectors._sql_base  Connected to test_user@srv:3306/db
2026-08-26 12:12:07,851  DEBUG     eds_loader.connectors._sql_base  Ensuring namespace exists: CREATE DATABASE IF NOT EXISTS `db`
2026-08-26 12:12:07,851  DEBUG     eds_loader.connectors._sql_base  [tbl] DROP TABLE IF EXISTS `db`.`tbl`
2026-08-26 12:12:07,851  DEBUG     eds_loader.connectors._sql_base  [tbl] CREATE TABLE `db`.`tbl` (
    `id` BIGINT
)
2026-08-26 12:12:07,851  DEBUG     eds_loader.connectors._sql_base  [tbl] inserting 1 row(s)
2026-08-26 12:12:07,852  INFO      eds_loader.connectors._sql_base  [tbl] wrote 1 row(s) in 0.00s
2026-08-26 12:12:07,853  INFO      eds_loader.connectors._sql_base  Connected to test_user@localhost:3306/test_db
2026-08-26 12:12:07,853  DEBUG     eds_loader.connectors._sql_base  Table write order (FK-sorted): customers, orders
2026-08-26 12:12:07,853  DEBUG     eds_loader.connectors._sql_base  Ensuring namespace exists: CREATE DATABASE IF NOT EXISTS `test_db`
2026-08-26 12:12:07,854  DEBUG     eds_loader.connectors._sql_base  [customers] DROP TABLE IF EXISTS `test_db`.`customers`
2026-08-26 12:12:07,854  DEBUG     eds_loader.connectors._sql_base  [customers] CREATE TABLE `test_db`.`customers` (
    `customer_id` BIGINT PRIMARY KEY,
    `name` TEXT
)
2026-08-26 12:12:07,854  DEBUG     eds_loader.connectors._sql_base  [customers] inserting 2 row(s)
2026-08-26 12:12:07,854  INFO      eds_loader.connectors._sql_base  [customers] wrote 2 row(s) in 0.00s
2026-08-26 12:12:07,855  DEBUG     eds_loader.connectors._sql_base  [orders] DROP TABLE IF EXISTS `test_db`.`orders`
2026-08-26 12:12:07,855  DEBUG     eds_loader.connectors._sql_base  [orders] CREATE TABLE `test_db`.`orders` (
    `order_id` BIGINT PRIMARY KEY,
    `customer_id` BIGINT NOT NULL REFERENCES `test_db`.`customers`(`customer_id`)
)
2026-08-26 12:12:07,855  DEBUG     eds_loader.connectors._sql_base  [orders] inserting 1 row(s)
2026-08-26 12:12:07,855  INFO      eds_loader.connectors._sql_base  [orders] wrote 1 row(s) in 0.00s
2026-08-26 12:12:07,868  DEBUG     eds_loader.connectors.local_fs  Reading schema.json from C:\Users\Mohit Patel\AppData\Local\Temp\pytest-of-spmohit\pytest-33\test_integration_local_fs_to_m1\source\schema.json
2026-08-26 12:12:07,887  DEBUG     eds_loader.connectors.local_fs  schema.json parsed: 2 dataset(s)
2026-08-26 12:12:07,905  INFO      eds_loader.connectors.local_fs  Read customers: 2 row(s) from C:\Users\Mohit Patel\AppData\Local\Temp\pytest-of-spmohit\pytest-33\test_integration_local_fs_to_m1\source\customers.parquet
2026-08-26 12:12:07,922  INFO      eds_loader.connectors.local_fs  Read orders: 1 row(s) from C:\Users\Mohit Patel\AppData\Local\Temp\pytest-of-spmohit\pytest-33\test_integration_local_fs_to_m1\source\orders.parquet
2026-08-26 12:12:07,922  INFO      eds_loader.loader  Read 2 dataset(s) from source
2026-08-26 12:12:07,925  INFO      eds_loader.connectors._sql_base  Connected to test_user@localhost:3306/test_db
2026-08-26 12:12:07,926  DEBUG     eds_loader.connectors._sql_base  Table write order (FK-sorted): customers, orders
2026-08-26 12:12:07,926  DEBUG     eds_loader.connectors._sql_base  Ensuring namespace exists: CREATE DATABASE IF NOT EXISTS `test_db`
2026-08-26 12:12:07,926  DEBUG     eds_loader.connectors._sql_base  [customers] DROP TABLE IF EXISTS `test_db`.`customers`
2026-08-26 12:12:07,926  DEBUG     eds_loader.connectors._sql_base  [customers] CREATE TABLE `test_db`.`customers` (
    `customer_id` BIGINT PRIMARY KEY,
    `name` TEXT
)
2026-08-26 12:12:07,926  DEBUG     eds_loader.connectors._sql_base  [customers] inserting 2 row(s)
2026-08-26 12:12:07,926  INFO      eds_loader.connectors._sql_base  [customers] wrote 2 row(s) in 0.00s
2026-08-26 12:12:07,926  DEBUG     eds_loader.connectors._sql_base  [orders] DROP TABLE IF EXISTS `test_db`.`orders`
2026-08-26 12:12:07,926  DEBUG     eds_loader.connectors._sql_base  [orders] CREATE TABLE `test_db`.`orders` (
    `order_id` BIGINT PRIMARY KEY,
    `customer_id` BIGINT NOT NULL REFERENCES `test_db`.`customers`(`customer_id`)
)
2026-08-26 12:12:07,927  DEBUG     eds_loader.connectors._sql_base  [orders] inserting 1 row(s)
2026-08-26 12:12:07,927  INFO      eds_loader.connectors._sql_base  [orders] wrote 1 row(s) in 0.00s
2026-08-26 12:12:07,927  INFO      eds_loader.loader  Load complete: 3 row(s) written
2026-08-26 12:12:07,948  INFO      eds_loader.connectors._sql_base  Connected to test_user@localhost:5432/test_db
2026-08-26 12:12:07,948  DEBUG     eds_loader.connectors._sql_base  Ensuring namespace exists: CREATE SCHEMA IF NOT EXISTS "public"
2026-08-26 12:12:07,948  DEBUG     eds_loader.connectors._sql_base  [customers] DROP TABLE IF EXISTS "public"."customers" CASCADE
2026-08-26 12:12:07,948  DEBUG     eds_loader.connectors._sql_base  [customers] CREATE TABLE "public"."customers" (
    "customer_id" BIGINT,
    "name" TEXT
)
2026-08-26 12:12:07,949  DEBUG     eds_loader.connectors._sql_base  [customers] inserting 3 row(s)
2026-08-26 12:12:07,949  INFO      eds_loader.connectors._sql_base  [customers] wrote 3 row(s) in 0.00s
2026-08-26 12:12:07,949  DEBUG     eds_loader.connectors._sql_base  [orders] DROP TABLE IF EXISTS "public"."orders" CASCADE
2026-08-26 12:12:07,949  DEBUG     eds_loader.connectors._sql_base  [orders] CREATE TABLE "public"."orders" (
    "order_id" BIGINT,
    "customer_id" BIGINT,
    "amount" DOUBLE PRECISION
)
2026-08-26 12:12:07,949  DEBUG     eds_loader.connectors._sql_base  [orders] inserting 2 row(s)
2026-08-26 12:12:07,949  INFO      eds_loader.connectors._sql_base  [orders] wrote 2 row(s) in 0.00s
2026-08-26 12:12:07,950  INFO      eds_loader.connectors._sql_base  Connected to test_user@localhost:5432/test_db
2026-08-26 12:12:07,950  DEBUG     eds_loader.connectors._sql_base  Ensuring namespace exists: CREATE SCHEMA IF NOT EXISTS "public"
2026-08-26 12:12:07,951  DEBUG     eds_loader.connectors._sql_base  [customers] DROP TABLE IF EXISTS "public"."customers" CASCADE
2026-08-26 12:12:07,951  DEBUG     eds_loader.connectors._sql_base  [customers] CREATE TABLE "public"."customers" (
    "id" BIGINT
)
2026-08-26 12:12:07,951  DEBUG     eds_loader.connectors._sql_base  [customers] inserting 1 row(s)
2026-08-26 12:12:07,951  INFO      eds_loader.connectors._sql_base  [customers] wrote 1 row(s) in 0.00s
2026-08-26 12:12:07,953  INFO      eds_loader.connectors._sql_base  Connected to test_user@localhost:5432/test_db
2026-08-26 12:12:07,953  DEBUG     eds_loader.connectors._sql_base  Ensuring namespace exists: CREATE SCHEMA IF NOT EXISTS "public"
2026-08-26 12:12:07,953  DEBUG     eds_loader.connectors._sql_base  [tbl] DROP TABLE IF EXISTS "public"."tbl" CASCADE
2026-08-26 12:12:07,953  DEBUG     eds_loader.connectors._sql_base  [tbl] CREATE TABLE "public"."tbl" (
    "a" BIGINT
)
2026-08-26 12:12:07,953  DEBUG     eds_loader.connectors._sql_base  [tbl] inserting 1 row(s)
2026-08-26 12:12:07,954  INFO      eds_loader.connectors._sql_base  [tbl] wrote 1 row(s) in 0.00s
2026-08-26 12:12:07,956  INFO      eds_loader.connectors._sql_base  Connected to test_user@localhost:5432/test_db
2026-08-26 12:12:07,956  DEBUG     eds_loader.connectors._sql_base  Ensuring namespace exists: CREATE SCHEMA IF NOT EXISTS "public"
2026-08-26 12:12:07,957  DEBUG     eds_loader.connectors._sql_base  [data] DROP TABLE IF EXISTS "public"."data" CASCADE
2026-08-26 12:12:07,957  DEBUG     eds_loader.connectors._sql_base  [data] CREATE TABLE "public"."data" (
    "id" BIGINT,
    "val" TEXT
)
2026-08-26 12:12:07,957  DEBUG     eds_loader.connectors._sql_base  [data] inserting 3 row(s)
2026-08-26 12:12:07,957  INFO      eds_loader.connectors._sql_base  [data] wrote 3 row(s) in 0.00s
2026-08-26 12:12:07,960  INFO      eds_loader.connectors._sql_base  Connected to test_user@localhost:5432/test_db
2026-08-26 12:12:07,960  DEBUG     eds_loader.connectors._sql_base  Ensuring namespace exists: CREATE SCHEMA IF NOT EXISTS "public"
2026-08-26 12:12:07,961  DEBUG     eds_loader.connectors._sql_base  [customers] DROP TABLE IF EXISTS "public"."customers" CASCADE
2026-08-26 12:12:07,961  DEBUG     eds_loader.connectors._sql_base  [customers] CREATE TABLE "public"."customers" (
    "customer_id" BIGINT,
    "name" TEXT
)
2026-08-26 12:12:07,961  DEBUG     eds_loader.connectors._sql_base  [customers] inserting 3 row(s)
2026-08-26 12:12:07,961  INFO      eds_loader.connectors._sql_base  [customers] wrote 3 row(s) in 0.00s
2026-08-26 12:12:07,961  DEBUG     eds_loader.connectors._sql_base  [orders] DROP TABLE IF EXISTS "public"."orders" CASCADE
2026-08-26 12:12:07,961  DEBUG     eds_loader.connectors._sql_base  [orders] CREATE TABLE "public"."orders" (
    "order_id" BIGINT,
    "customer_id" BIGINT,
    "amount" DOUBLE PRECISION
)
2026-08-26 12:12:07,961  DEBUG     eds_loader.connectors._sql_base  [orders] inserting 2 row(s)
2026-08-26 12:12:07,961  INFO      eds_loader.connectors._sql_base  [orders] wrote 2 row(s) in 0.00s
2026-08-26 12:12:07,963  INFO      eds_loader.connectors._sql_base  Connected to test_user@localhost:5432/test_db
2026-08-26 12:12:07,963  DEBUG     eds_loader.connectors._sql_base  Ensuring namespace exists: CREATE SCHEMA IF NOT EXISTS "public"
2026-08-26 12:12:07,963  DEBUG     eds_loader.connectors._sql_base  [customers] DROP TABLE IF EXISTS "public"."customers" CASCADE
2026-08-26 12:12:07,963  DEBUG     eds_loader.connectors._sql_base  [customers] CREATE TABLE "public"."customers" (
    "customer_id" BIGINT,
    "name" TEXT
)
2026-08-26 12:12:07,963  DEBUG     eds_loader.connectors._sql_base  [customers] inserting 3 row(s)
2026-08-26 12:12:07,963  INFO      eds_loader.connectors._sql_base  [customers] wrote 3 row(s) in 0.00s
2026-08-26 12:12:07,964  DEBUG     eds_loader.connectors._sql_base  [orders] DROP TABLE IF EXISTS "public"."orders" CASCADE
2026-08-26 12:12:07,964  DEBUG     eds_loader.connectors._sql_base  [orders] CREATE TABLE "public"."orders" (
    "order_id" BIGINT,
    "customer_id" BIGINT,
    "amount" DOUBLE PRECISION
)
2026-08-26 12:12:07,964  DEBUG     eds_loader.connectors._sql_base  [orders] inserting 2 row(s)
2026-08-26 12:12:07,964  INFO      eds_loader.connectors._sql_base  [orders] wrote 2 row(s) in 0.00s
2026-08-26 12:12:07,966  INFO      eds_loader.connectors._sql_base  Connected to test_user@localhost:5432/test_db
2026-08-26 12:12:07,966  DEBUG     eds_loader.connectors._sql_base  Ensuring namespace exists: CREATE SCHEMA IF NOT EXISTS "public"
2026-08-26 12:12:07,966  DEBUG     eds_loader.connectors._sql_base  [customers] DROP TABLE IF EXISTS "public"."customers" CASCADE
2026-08-26 12:12:07,966  DEBUG     eds_loader.connectors._sql_base  [customers] CREATE TABLE "public"."customers" (
    "customer_id" BIGINT,
    "name" TEXT
)
2026-08-26 12:12:07,966  DEBUG     eds_loader.connectors._sql_base  [customers] inserting 3 row(s)
2026-08-26 12:12:07,966  INFO      eds_loader.connectors._sql_base  [customers] wrote 3 row(s) in 0.00s
2026-08-26 12:12:07,967  DEBUG     eds_loader.connectors._sql_base  [orders] DROP TABLE IF EXISTS "public"."orders" CASCADE
2026-08-26 12:12:07,967  DEBUG     eds_loader.connectors._sql_base  [orders] CREATE TABLE "public"."orders" (
    "order_id" BIGINT,
    "customer_id" BIGINT,
    "amount" DOUBLE PRECISION
)
2026-08-26 12:12:07,967  DEBUG     eds_loader.connectors._sql_base  [orders] inserting 2 row(s)
2026-08-26 12:12:07,967  INFO      eds_loader.connectors._sql_base  [orders] wrote 2 row(s) in 0.00s
2026-08-26 12:12:07,968  INFO      eds_loader.connectors._sql_base  Connected to test_user@dbserver:5433/mydb
2026-08-26 12:12:07,968  DEBUG     eds_loader.connectors._sql_base  Ensuring namespace exists: CREATE SCHEMA IF NOT EXISTS "public"
2026-08-26 12:12:07,969  DEBUG     eds_loader.connectors._sql_base  [tbl] DROP TABLE IF EXISTS "public"."tbl" CASCADE
2026-08-26 12:12:07,969  DEBUG     eds_loader.connectors._sql_base  [tbl] CREATE TABLE "public"."tbl" (
    "id" BIGINT
)
2026-08-26 12:12:07,969  DEBUG     eds_loader.connectors._sql_base  [tbl] inserting 1 row(s)
2026-08-26 12:12:07,969  INFO      eds_loader.connectors._sql_base  [tbl] wrote 1 row(s) in 0.00s
2026-08-26 12:12:07,972  INFO      eds_loader.connectors._sql_base  Connected to test_user@localhost:5432/test_db
2026-08-26 12:12:07,972  DEBUG     eds_loader.connectors._sql_base  Table write order (FK-sorted): customers, orders
2026-08-26 12:12:07,973  DEBUG     eds_loader.connectors._sql_base  Ensuring namespace exists: CREATE SCHEMA IF NOT EXISTS "public"
2026-08-26 12:12:07,973  DEBUG     eds_loader.connectors._sql_base  [customers] DROP TABLE IF EXISTS "public"."customers" CASCADE
2026-08-26 12:12:07,973  DEBUG     eds_loader.connectors._sql_base  [customers] CREATE TABLE "public"."customers" (
    "customer_id" BIGINT PRIMARY KEY,
    "name" TEXT UNIQUE
)
2026-08-26 12:12:07,974  DEBUG     eds_loader.connectors._sql_base  [customers] inserting 3 row(s)
2026-08-26 12:12:07,974  INFO      eds_loader.connectors._sql_base  [customers] wrote 3 row(s) in 0.00s
2026-08-26 12:12:07,974  DEBUG     eds_loader.connectors._sql_base  [orders] DROP TABLE IF EXISTS "public"."orders" CASCADE
2026-08-26 12:12:07,974  DEBUG     eds_loader.connectors._sql_base  [orders] CREATE TABLE "public"."orders" (
    "order_id" BIGINT PRIMARY KEY,
    "customer_id" BIGINT NOT NULL REFERENCES "public"."customers"("customer_id"),
    "amount" DOUBLE PRECISION
)
2026-08-26 12:12:07,974  DEBUG     eds_loader.connectors._sql_base  [orders] inserting 2 row(s)
2026-08-26 12:12:07,974  INFO      eds_loader.connectors._sql_base  [orders] wrote 2 row(s) in 0.00s
2026-08-26 12:12:07,976  INFO      eds_loader.connectors._sql_base  Connected to test_user@localhost:5432/test_db
2026-08-26 12:12:07,977  DEBUG     eds_loader.connectors._sql_base  Table write order (FK-sorted): customers, orders
2026-08-26 12:12:07,977  DEBUG     eds_loader.connectors._sql_base  Ensuring namespace exists: CREATE SCHEMA IF NOT EXISTS "public"
2026-08-26 12:12:07,977  DEBUG     eds_loader.connectors._sql_base  [customers] DROP TABLE IF EXISTS "public"."customers" CASCADE
2026-08-26 12:12:07,977  DEBUG     eds_loader.connectors._sql_base  [customers] CREATE TABLE "public"."customers" (
    "customer_id" BIGINT PRIMARY KEY,
    "name" TEXT UNIQUE
)
2026-08-26 12:12:07,977  DEBUG     eds_loader.connectors._sql_base  [customers] inserting 3 row(s)
2026-08-26 12:12:07,978  INFO      eds_loader.connectors._sql_base  [customers] wrote 3 row(s) in 0.00s
2026-08-26 12:12:07,978  DEBUG     eds_loader.connectors._sql_base  [orders] DROP TABLE IF EXISTS "public"."orders" CASCADE
2026-08-26 12:12:07,978  DEBUG     eds_loader.connectors._sql_base  [orders] CREATE TABLE "public"."orders" (
    "order_id" BIGINT PRIMARY KEY,
    "customer_id" BIGINT NOT NULL REFERENCES "public"."customers"("customer_id"),
    "amount" DOUBLE PRECISION
)
2026-08-26 12:12:07,978  DEBUG     eds_loader.connectors._sql_base  [orders] inserting 2 row(s)
2026-08-26 12:12:07,978  INFO      eds_loader.connectors._sql_base  [orders] wrote 2 row(s) in 0.00s
2026-08-26 12:12:07,979  INFO      eds_loader.connectors._sql_base  Connected to test_user@localhost:5432/test_db
2026-08-26 12:12:07,980  DEBUG     eds_loader.connectors._sql_base  Ensuring namespace exists: CREATE SCHEMA IF NOT EXISTS "public"
2026-08-26 12:12:07,980  DEBUG     eds_loader.connectors._sql_base  [empty] DROP TABLE IF EXISTS "public"."empty" CASCADE
2026-08-26 12:12:07,980  DEBUG     eds_loader.connectors._sql_base  [empty] CREATE TABLE "public"."empty" (
    "id" BIGINT
)
2026-08-26 12:12:07,980  DEBUG     eds_loader.connectors._sql_base  [empty] inserting 0 row(s)
2026-08-26 12:12:07,981  INFO      eds_loader.connectors._sql_base  [empty] wrote 0 row(s) in 0.00s
2026-08-26 12:12:07,982  INFO      eds_loader.connectors._sql_base  Connected to test_user@localhost:5432/test_db
2026-08-26 12:12:07,982  DEBUG     eds_loader.connectors._sql_base  Ensuring namespace exists: CREATE SCHEMA IF NOT EXISTS "public"
2026-08-26 12:12:07,983  DEBUG     eds_loader.connectors._sql_base  [tbl] DROP TABLE IF EXISTS "public"."tbl" CASCADE
2026-08-26 12:12:07,983  DEBUG     eds_loader.connectors._sql_base  [tbl] CREATE TABLE "public"."tbl" (
    "id" BIGINT
)
2026-08-26 12:12:07,983  ERROR     eds_loader.connectors._sql_base  [tbl] write failed: DB error
2026-08-26 12:12:07,984  INFO      eds_loader.connectors._sql_base  Connected to test_user@localhost:5432/test_db
2026-08-26 12:12:07,984  DEBUG     eds_loader.connectors._sql_base  Ensuring namespace exists: CREATE SCHEMA IF NOT EXISTS "public"
2026-08-26 12:12:07,984  DEBUG     eds_loader.connectors._sql_base  [tbl] DROP TABLE IF EXISTS "public"."tbl" CASCADE
2026-08-26 12:12:07,985  DEBUG     eds_loader.connectors._sql_base  [tbl] CREATE TABLE "public"."tbl" (
    "id" BIGINT
)
2026-08-26 12:12:07,985  ERROR     eds_loader.connectors._sql_base  [tbl] write failed: oops
2026-08-26 12:12:08,002  DEBUG     eds_loader.connectors.local_fs  Reading schema.json from C:\Users\Mohit Patel\AppData\Local\Temp\pytest-of-spmohit\pytest-33\test_integration_local_fs_to_p0\source\schema.json
2026-08-26 12:12:08,020  DEBUG     eds_loader.connectors.local_fs  schema.json parsed: 2 dataset(s)
2026-08-26 12:12:08,022  INFO      eds_loader.connectors.local_fs  Read customers: 3 row(s) from C:\Users\Mohit Patel\AppData\Local\Temp\pytest-of-spmohit\pytest-33\test_integration_local_fs_to_p0\source\customers.parquet
2026-08-26 12:12:08,026  INFO      eds_loader.connectors.local_fs  Read orders: 2 row(s) from C:\Users\Mohit Patel\AppData\Local\Temp\pytest-of-spmohit\pytest-33\test_integration_local_fs_to_p0\source\orders.parquet
2026-08-26 12:12:08,026  INFO      eds_loader.loader  Read 2 dataset(s) from source
2026-08-26 12:12:08,026  INFO      eds_loader.connectors._sql_base  Connected to test_user@localhost:5432/test_db
2026-08-26 12:12:08,026  DEBUG     eds_loader.connectors._sql_base  Table write order (FK-sorted): customers, orders
2026-08-26 12:12:08,026  DEBUG     eds_loader.connectors._sql_base  Ensuring namespace exists: CREATE SCHEMA IF NOT EXISTS "public"
2026-08-26 12:12:08,027  DEBUG     eds_loader.connectors._sql_base  [customers] DROP TABLE IF EXISTS "public"."customers" CASCADE
2026-08-26 12:12:08,030  DEBUG     eds_loader.connectors._sql_base  [customers] CREATE TABLE "public"."customers" (
    "customer_id" BIGINT PRIMARY KEY,
    "name" TEXT UNIQUE
)
2026-08-26 12:12:08,030  DEBUG     eds_loader.connectors._sql_base  [customers] inserting 3 row(s)
2026-08-26 12:12:08,030  INFO      eds_loader.connectors._sql_base  [customers] wrote 3 row(s) in 0.00s
2026-08-26 12:12:08,030  DEBUG     eds_loader.connectors._sql_base  [orders] DROP TABLE IF EXISTS "public"."orders" CASCADE
2026-08-26 12:12:08,030  DEBUG     eds_loader.connectors._sql_base  [orders] CREATE TABLE "public"."orders" (
    "order_id" BIGINT PRIMARY KEY,
    "customer_id" BIGINT NOT NULL REFERENCES "public"."customers"("customer_id"),
    "amount" DOUBLE PRECISION
)
2026-08-26 12:12:08,030  DEBUG     eds_loader.connectors._sql_base  [orders] inserting 2 row(s)
2026-08-26 12:12:08,031  INFO      eds_loader.connectors._sql_base  [orders] wrote 2 row(s) in 0.00s
2026-08-26 12:12:08,031  INFO      eds_loader.loader  Load complete: 5 row(s) written
2026-08-26 12:12:08,039  DEBUG     eds_loader.connectors.local_fs  Reading schema.json from C:\Users\Mohit Patel\AppData\Local\Temp\pytest-of-spmohit\pytest-33\test_integration_enforce_false1\source2\schema.json
2026-08-26 12:12:08,040  DEBUG     eds_loader.connectors.local_fs  schema.json parsed: 2 dataset(s)
2026-08-26 12:12:08,044  INFO      eds_loader.connectors.local_fs  Read customers: 3 row(s) from C:\Users\Mohit Patel\AppData\Local\Temp\pytest-of-spmohit\pytest-33\test_integration_enforce_false1\source2\customers.parquet
2026-08-26 12:12:08,047  INFO      eds_loader.connectors.local_fs  Read orders: 2 row(s) from C:\Users\Mohit Patel\AppData\Local\Temp\pytest-of-spmohit\pytest-33\test_integration_enforce_false1\source2\orders.parquet
2026-08-26 12:12:08,047  INFO      eds_loader.loader  Read 2 dataset(s) from source
2026-08-26 12:12:08,047  INFO      eds_loader.connectors._sql_base  Connected to test_user@localhost:5432/test_db
2026-08-26 12:12:08,047  DEBUG     eds_loader.connectors._sql_base  Ensuring namespace exists: CREATE SCHEMA IF NOT EXISTS "public"
2026-08-26 12:12:08,048  DEBUG     eds_loader.connectors._sql_base  [customers] DROP TABLE IF EXISTS "public"."customers" CASCADE
2026-08-26 12:12:08,048  DEBUG     eds_loader.connectors._sql_base  [customers] CREATE TABLE "public"."customers" (
    "customer_id" BIGINT,
    "name" TEXT
)
2026-08-26 12:12:08,048  DEBUG     eds_loader.connectors._sql_base  [customers] inserting 3 row(s)
2026-08-26 12:12:08,048  INFO      eds_loader.connectors._sql_base  [customers] wrote 3 row(s) in 0.00s
2026-08-26 12:12:08,048  DEBUG     eds_loader.connectors._sql_base  [orders] DROP TABLE IF EXISTS "public"."orders" CASCADE
2026-08-26 12:12:08,048  DEBUG     eds_loader.connectors._sql_base  [orders] CREATE TABLE "public"."orders" (
    "order_id" BIGINT,
    "customer_id" BIGINT,
    "amount" DOUBLE PRECISION
)
2026-08-26 12:12:08,048  DEBUG     eds_loader.connectors._sql_base  [orders] inserting 2 row(s)
2026-08-26 12:12:08,048  INFO      eds_loader.connectors._sql_base  [orders] wrote 2 row(s) in 0.00s
2026-08-26 12:12:08,048  INFO      eds_loader.loader  Load complete: 5 row(s) written
2026-08-26 12:12:08,066  INFO      eds_loader.connectors.remote_fs  Connected to SFTP testuser@test.example.com:22
2026-08-26 12:12:08,068  INFO      eds_loader.connectors.remote_fs  Connected to SFTP testuser@test.example.com:22
2026-08-26 12:12:08,100  INFO      eds_loader.connectors.remote_fs  Connected to SFTP testuser@test.example.com:22
2026-08-26 12:12:08,114  DEBUG     eds_loader.connectors.remote_fs  Listing remote directory: /data/eds
2026-08-26 12:12:08,114  DEBUG     eds_loader.connectors.remote_fs  Found 2 .parquet file(s) in /data/eds
2026-08-26 12:12:08,115  INFO      eds_loader.connectors.remote_fs  Downloaded customers: 2 row(s) from /data/eds/customers.parquet
2026-08-26 12:12:08,117  INFO      eds_loader.connectors.remote_fs  Downloaded orders: 1 row(s) from /data/eds/orders.parquet
2026-08-26 12:12:08,120  DEBUG     eds_loader.connectors.remote_fs  Listing remote directory: /data/eds
2026-08-26 12:12:08,120  DEBUG     eds_loader.connectors.remote_fs  Found 1 .parquet file(s) in /data/eds
2026-08-26 12:12:08,121  INFO      eds_loader.connectors.remote_fs  Downloaded data: 1 row(s) from /data/eds/data.parquet
2026-08-26 12:12:08,124  DEBUG     eds_loader.connectors.remote_fs  Listing remote directory: /data/eds
2026-08-26 12:12:08,127  INFO      eds_loader.connectors.remote_fs  Downloaded customers: 2 row(s) from /data/eds/customers.parquet
2026-08-26 12:12:08,131  INFO      eds_loader.connectors.remote_fs  Downloaded my_table: 3 row(s) from /data/eds/my_table.parquet
2026-08-26 12:12:08,179  DEBUG     eds_loader.connectors.remote_fs  Listing remote directory: /data/eds
2026-08-26 12:12:08,179  DEBUG     eds_loader.connectors.remote_fs  Found 0 .parquet file(s) in /data/eds
2026-08-26 12:12:08,191  INFO      eds_loader.connectors.remote_fs  Downloaded customers: 2 row(s) from /data/eds/customers.parquet
2026-08-26 12:12:08,193  INFO      eds_loader.connectors.remote_fs  Downloaded orders: 1 row(s) from /data/eds/orders.parquet
2026-08-26 12:12:08,193  INFO      eds_loader.loader  Read 2 dataset(s) from source
2026-08-26 12:12:08,195  INFO      eds_loader.connectors.local_fs  Wrote customers: 2 row(s) to C:\Users\Mohit Patel\AppData\Local\Temp\pytest-of-spmohit\pytest-33\test_integration_remote_fs_sou0\remote_to_local_target\customers.parquet
2026-08-26 12:12:08,197  INFO      eds_loader.connectors.local_fs  Wrote orders: 1 row(s) to C:\Users\Mohit Patel\AppData\Local\Temp\pytest-of-spmohit\pytest-33\test_integration_remote_fs_sou0\remote_to_local_target\orders.parquet
2026-08-26 12:12:08,197  DEBUG     eds_loader.connectors.local_fs  Merging schema.json at target
2026-08-26 12:12:08,198  INFO      eds_loader.loader  Load complete: 3 row(s) written
2026-08-26 12:12:08,203  INFO      eds_loader.connectors.remote_fs  Downloaded customers: 2 row(s) from /data/eds/customers.parquet
2026-08-26 12:12:08,203  INFO      eds_loader.loader  Read 1 dataset(s) from source
2026-08-26 12:12:08,204  INFO      eds_loader.connectors.local_fs  Wrote customers: 2 row(s) to C:\Users\Mohit Patel\AppData\Local\Temp\pytest-of-spmohit\pytest-33\test_integration_table_subset_1\subset_target\customers.parquet
2026-08-26 12:12:08,205  DEBUG     eds_loader.connectors.local_fs  Merging schema.json at target
2026-08-26 12:12:08,205  INFO      eds_loader.loader  Load complete: 2 row(s) written
2026-08-26 12:12:08,240  INFO      eds_loader.loader  Read 2 dataset(s) from source
2026-08-26 12:12:08,242  INFO      eds_loader.connectors.local_fs  Wrote customers: 2 row(s) to C:\Users\Mohit Patel\AppData\Local\Temp\pytest-of-spmohit\pytest-33\test_integration_s3_source_via0\target\customers.parquet
2026-08-26 12:12:08,243  INFO      eds_loader.connectors.local_fs  Wrote orders: 1 row(s) to C:\Users\Mohit Patel\AppData\Local\Temp\pytest-of-spmohit\pytest-33\test_integration_s3_source_via0\target\orders.parquet
2026-08-26 12:12:08,243  DEBUG     eds_loader.connectors.local_fs  Merging schema.json at target
2026-08-26 12:12:08,244  INFO      eds_loader.loader  Load complete: 3 row(s) written
2026-08-26 12:12:08,287  INFO      eds_loader.connectors._sql_base  Connected to testuser@testhost:9999/testdb
2026-08-26 12:12:08,287  DEBUG     eds_loader.connectors._sql_base  Ensuring namespace exists: CREATE DATABASE IF NOT EXISTS [testdb]
2026-08-26 12:12:08,288  DEBUG     eds_loader.connectors._sql_base  [t] DROP TABLE IF EXISTS [testdb].[t]
2026-08-26 12:12:08,288  DEBUG     eds_loader.connectors._sql_base  [t] CREATE TABLE [testdb].[t] (
    [id] INT
)
2026-08-26 12:12:08,288  DEBUG     eds_loader.connectors._sql_base  [t] inserting 1 row(s)
2026-08-26 12:12:08,289  INFO      eds_loader.connectors._sql_base  [t] wrote 1 row(s) in 0.00s
2026-08-26 12:12:08,290  INFO      eds_loader.connectors._sql_base  Connected to testuser@testhost:9999/testdb
2026-08-26 12:12:08,291  DEBUG     eds_loader.connectors._sql_base  [t] DROP TABLE IF EXISTS [testdb].[t]
2026-08-26 12:12:08,291  DEBUG     eds_loader.connectors._sql_base  [t] CREATE TABLE [testdb].[t] (
    [id] INT
)
2026-08-26 12:12:08,291  DEBUG     eds_loader.connectors._sql_base  [t] inserting 1 row(s)
2026-08-26 12:12:08,292  INFO      eds_loader.connectors._sql_base  [t] wrote 1 row(s) in 0.00s
2026-08-26 12:12:08,294  INFO      eds_loader.connectors._sql_base  Connected to testuser@testhost:9999/testdb
2026-08-26 12:12:08,295  DEBUG     eds_loader.connectors._sql_base  [t] DROP TABLE IF EXISTS [testdb].[t]
2026-08-26 12:12:08,296  ERROR     eds_loader.connectors._sql_base  [t] write failed: DB down
2026-08-26 12:12:08,298  INFO      eds_loader.connectors._sql_base  Connected to testuser@testhost:9999/testdb
2026-08-26 12:12:08,300  DEBUG     eds_loader.connectors._sql_base  [a] DROP TABLE IF EXISTS [testdb].[a]
2026-08-26 12:12:08,300  DEBUG     eds_loader.connectors._sql_base  [a] CREATE TABLE [testdb].[a] (
    [id] INT
)
2026-08-26 12:12:08,300  DEBUG     eds_loader.connectors._sql_base  [a] inserting 1 row(s)
2026-08-26 12:12:08,300  INFO      eds_loader.connectors._sql_base  [a] wrote 1 row(s) in 0.00s
2026-08-26 12:12:08,301  DEBUG     eds_loader.connectors._sql_base  [b] DROP TABLE IF EXISTS [testdb].[b]
2026-08-26 12:12:08,301  DEBUG     eds_loader.connectors._sql_base  [b] CREATE TABLE [testdb].[b] (
    [id] INT
)
2026-08-26 12:12:08,302  DEBUG     eds_loader.connectors._sql_base  [b] inserting 1 row(s)
2026-08-26 12:12:08,302  INFO      eds_loader.connectors._sql_base  [b] wrote 1 row(s) in 0.00s
2026-08-26 12:12:08,305  INFO      eds_loader.connectors._sql_base  Connected to testuser@testhost:9999/testdb
2026-08-26 12:12:08,306  DEBUG     eds_loader.connectors._sql_base  [z] DROP TABLE IF EXISTS [testdb].[z]
2026-08-26 12:12:08,306  DEBUG     eds_loader.connectors._sql_base  [z] CREATE TABLE [testdb].[z] (
    [id] INT
)
2026-08-26 12:12:08,307  DEBUG     eds_loader.connectors._sql_base  [z] inserting 1 row(s)
2026-08-26 12:12:08,307  INFO      eds_loader.connectors._sql_base  [z] wrote 1 row(s) in 0.00s
2026-08-26 12:12:08,310  DEBUG     eds_loader.connectors._sql_base  [a] DROP TABLE IF EXISTS [testdb].[a]
2026-08-26 12:12:08,310  DEBUG     eds_loader.connectors._sql_base  [a] CREATE TABLE [testdb].[a] (
    [id] INT
)
2026-08-26 12:12:08,310  DEBUG     eds_loader.connectors._sql_base  [a] inserting 1 row(s)
2026-08-26 12:12:08,311  INFO      eds_loader.connectors._sql_base  [a] wrote 1 row(s) in 0.00s
2026-08-26 12:12:08,313  INFO      eds_loader.connectors._sql_base  Connected to testuser@testhost:9999/testdb
2026-08-26 12:12:08,313  DEBUG     eds_loader.connectors._sql_base  [tbl] DROP TABLE IF EXISTS [testdb].[tbl]
2026-08-26 12:12:08,314  DEBUG     eds_loader.connectors._sql_base  [tbl] CREATE TABLE [testdb].[tbl] (
    [id] INT
)
2026-08-26 12:12:08,314  DEBUG     eds_loader.connectors._sql_base  [tbl] inserting 1 row(s)
2026-08-26 12:12:08,314  INFO      eds_loader.connectors._sql_base  [tbl] wrote 1 row(s) in 0.00s
2026-08-26 12:12:08,315  INFO      eds_loader.connectors._sql_base  Connected to testuser@testhost:9999/testdb
2026-08-26 12:12:08,316  DEBUG     eds_loader.connectors._sql_base  [t] DROP TABLE IF EXISTS [testdb].[t]
2026-08-26 12:12:08,316  DEBUG     eds_loader.connectors._sql_base  [t] CREATE TABLE [testdb].[t] (
    [id] INT
)
2026-08-26 12:12:08,316  DEBUG     eds_loader.connectors._sql_base  [t] inserting 3 row(s)
2026-08-26 12:12:08,316  INFO      eds_loader.connectors._sql_base  [t] wrote 3 row(s) in 0.00s
2026-08-26 12:12:08,318  INFO      eds_loader.connectors._sql_base  Connected to testuser@testhost:9999/testdb
2026-08-26 12:12:08,318  DEBUG     eds_loader.connectors._sql_base  [t] DROP TABLE IF EXISTS [testdb].[t]
2026-08-26 12:12:08,319  DEBUG     eds_loader.connectors._sql_base  [t] CREATE TABLE [testdb].[t] (
    [id] INT
)
2026-08-26 12:12:08,319  ERROR     eds_loader.connectors._sql_base  [t] write failed: syntax error
2026-08-26 12:12:08,320  INFO      eds_loader.connectors._sql_base  Connected to testuser@testhost:9999/testdb
2026-08-26 12:12:08,321  DEBUG     eds_loader.connectors._sql_base  [t] DROP TABLE IF EXISTS [testdb].[t]
2026-08-26 12:12:08,321  DEBUG     eds_loader.connectors._sql_base  [t] CREATE TABLE [testdb].[t] (
    [id] INT
)
2026-08-26 12:12:08,321  ERROR     eds_loader.connectors._sql_base  [t] write failed: oops
2026-08-26 12:14:01,748  INFO      eds_loader.cli.main  eds-loader run invoked (config=C:\Users\Mohit Patel\AppData\Local\Temp\pytest-of-spmohit\pytest-34\test_run_exits_zero_on_success0\loader.yaml, dry_run=False)
2026-08-26 12:14:01,768  INFO      eds_loader.cli.main  Config loaded: source=local_fs target=local_fs tables=(all) enforce_constraints=True schema_required=True
2026-08-26 12:14:01,768  DEBUG     eds_loader.connectors.local_fs  Reading schema.json from C:\Users\Mohit Patel\AppData\Local\Temp\pytest-of-spmohit\pytest-34\test_run_exits_zero_on_success0\source\schema.json
2026-08-26 12:14:01,769  DEBUG     eds_loader.connectors.local_fs  schema.json parsed: 2 dataset(s)
2026-08-26 12:14:01,771  INFO      eds_loader.connectors.local_fs  Read customers: 3 row(s) from C:\Users\Mohit Patel\AppData\Local\Temp\pytest-of-spmohit\pytest-34\test_run_exits_zero_on_success0\source\customers.parquet
2026-08-26 12:14:01,774  INFO      eds_loader.connectors.local_fs  Read orders: 2 row(s) from C:\Users\Mohit Patel\AppData\Local\Temp\pytest-of-spmohit\pytest-34\test_run_exits_zero_on_success0\source\orders.parquet
2026-08-26 12:14:01,774  INFO      eds_loader.loader  Read 2 dataset(s) from source
2026-08-26 12:14:01,775  INFO      eds_loader.connectors.local_fs  Wrote customers: 3 row(s) to C:\Users\Mohit Patel\AppData\Local\Temp\pytest-of-spmohit\pytest-34\test_run_exits_zero_on_success0\target\customers.parquet
2026-08-26 12:14:01,776  INFO      eds_loader.connectors.local_fs  Wrote orders: 2 row(s) to C:\Users\Mohit Patel\AppData\Local\Temp\pytest-of-spmohit\pytest-34\test_run_exits_zero_on_success0\target\orders.parquet
2026-08-26 12:14:01,776  DEBUG     eds_loader.connectors.local_fs  Merging schema.json at target
2026-08-26 12:14:01,777  INFO      eds_loader.loader  Load complete: 5 row(s) written
2026-08-26 12:14:01,777  INFO      eds_loader.cli.main  Run complete: 5 row(s) across 2 table(s) in 0.0s
2026-08-26 12:14:01,788  INFO      eds_loader.cli.main  eds-loader run invoked (config=C:\Users\Mohit Patel\AppData\Local\Temp\pytest-of-spmohit\pytest-34\test_run_prints_table_with_row0\loader.yaml, dry_run=False)
2026-08-26 12:14:01,804  INFO      eds_loader.cli.main  Config loaded: source=local_fs target=local_fs tables=(all) enforce_constraints=True schema_required=True
2026-08-26 12:14:01,804  DEBUG     eds_loader.connectors.local_fs  Reading schema.json from C:\Users\Mohit Patel\AppData\Local\Temp\pytest-of-spmohit\pytest-34\test_run_prints_table_with_row0\source\schema.json
2026-08-26 12:14:01,805  DEBUG     eds_loader.connectors.local_fs  schema.json parsed: 2 dataset(s)
2026-08-26 12:14:01,807  INFO      eds_loader.connectors.local_fs  Read customers: 3 row(s) from C:\Users\Mohit Patel\AppData\Local\Temp\pytest-of-spmohit\pytest-34\test_run_prints_table_with_row0\source\customers.parquet
2026-08-26 12:14:01,809  INFO      eds_loader.connectors.local_fs  Read orders: 2 row(s) from C:\Users\Mohit Patel\AppData\Local\Temp\pytest-of-spmohit\pytest-34\test_run_prints_table_with_row0\source\orders.parquet
2026-08-26 12:14:01,809  INFO      eds_loader.loader  Read 2 dataset(s) from source
2026-08-26 12:14:01,810  INFO      eds_loader.connectors.local_fs  Wrote customers: 3 row(s) to C:\Users\Mohit Patel\AppData\Local\Temp\pytest-of-spmohit\pytest-34\test_run_prints_table_with_row0\target\customers.parquet
2026-08-26 12:14:01,811  INFO      eds_loader.connectors.local_fs  Wrote orders: 2 row(s) to C:\Users\Mohit Patel\AppData\Local\Temp\pytest-of-spmohit\pytest-34\test_run_prints_table_with_row0\target\orders.parquet
2026-08-26 12:14:01,811  DEBUG     eds_loader.connectors.local_fs  Merging schema.json at target
2026-08-26 12:14:01,812  INFO      eds_loader.loader  Load complete: 5 row(s) written
2026-08-26 12:14:01,812  INFO      eds_loader.cli.main  Run complete: 5 row(s) across 2 table(s) in 0.0s
2026-08-26 12:14:01,822  INFO      eds_loader.cli.main  eds-loader run invoked (config=C:\Users\Mohit Patel\AppData\Local\Temp\pytest-of-spmohit\pytest-34\test_run_prints_timing_in_seco0\loader.yaml, dry_run=False)
2026-08-26 12:14:01,846  INFO      eds_loader.cli.main  Config loaded: source=local_fs target=local_fs tables=(all) enforce_constraints=True schema_required=True
2026-08-26 12:14:01,846  DEBUG     eds_loader.connectors.local_fs  Reading schema.json from C:\Users\Mohit Patel\AppData\Local\Temp\pytest-of-spmohit\pytest-34\test_run_prints_timing_in_seco0\source\schema.json
2026-08-26 12:14:01,847  DEBUG     eds_loader.connectors.local_fs  schema.json parsed: 2 dataset(s)
2026-08-26 12:14:01,849  INFO      eds_loader.connectors.local_fs  Read customers: 3 row(s) from C:\Users\Mohit Patel\AppData\Local\Temp\pytest-of-spmohit\pytest-34\test_run_prints_timing_in_seco0\source\customers.parquet
2026-08-26 12:14:01,852  INFO      eds_loader.connectors.local_fs  Read orders: 2 row(s) from C:\Users\Mohit Patel\AppData\Local\Temp\pytest-of-spmohit\pytest-34\test_run_prints_timing_in_seco0\source\orders.parquet
2026-08-26 12:14:01,852  INFO      eds_loader.loader  Read 2 dataset(s) from source
2026-08-26 12:14:01,853  INFO      eds_loader.connectors.local_fs  Wrote customers: 3 row(s) to C:\Users\Mohit Patel\AppData\Local\Temp\pytest-of-spmohit\pytest-34\test_run_prints_timing_in_seco0\target\customers.parquet
2026-08-26 12:14:01,854  INFO      eds_loader.connectors.local_fs  Wrote orders: 2 row(s) to C:\Users\Mohit Patel\AppData\Local\Temp\pytest-of-spmohit\pytest-34\test_run_prints_timing_in_seco0\target\orders.parquet
2026-08-26 12:14:01,854  DEBUG     eds_loader.connectors.local_fs  Merging schema.json at target
2026-08-26 12:14:01,855  INFO      eds_loader.loader  Load complete: 5 row(s) written
2026-08-26 12:14:01,855  INFO      eds_loader.cli.main  Run complete: 5 row(s) across 2 table(s) in 0.0s
2026-08-26 12:14:01,867  INFO      eds_loader.cli.main  eds-loader run invoked (config=C:\Users\Mohit Patel\AppData\Local\Temp\pytest-of-spmohit\pytest-34\test_run_table_has_location_co0\loader.yaml, dry_run=False)
2026-08-26 12:14:01,888  INFO      eds_loader.cli.main  Config loaded: source=local_fs target=local_fs tables=(all) enforce_constraints=True schema_required=True
2026-08-26 12:14:01,888  DEBUG     eds_loader.connectors.local_fs  Reading schema.json from C:\Users\Mohit Patel\AppData\Local\Temp\pytest-of-spmohit\pytest-34\test_run_table_has_location_co0\source\schema.json
2026-08-26 12:14:01,889  DEBUG     eds_loader.connectors.local_fs  schema.json parsed: 2 dataset(s)
2026-08-26 12:14:01,892  INFO      eds_loader.connectors.local_fs  Read customers: 3 row(s) from C:\Users\Mohit Patel\AppData\Local\Temp\pytest-of-spmohit\pytest-34\test_run_table_has_location_co0\source\customers.parquet
2026-08-26 12:14:01,895  INFO      eds_loader.connectors.local_fs  Read orders: 2 row(s) from C:\Users\Mohit Patel\AppData\Local\Temp\pytest-of-spmohit\pytest-34\test_run_table_has_location_co0\source\orders.parquet
2026-08-26 12:14:01,896  INFO      eds_loader.loader  Read 2 dataset(s) from source
2026-08-26 12:14:01,897  INFO      eds_loader.connectors.local_fs  Wrote customers: 3 row(s) to C:\Users\Mohit Patel\AppData\Local\Temp\pytest-of-spmohit\pytest-34\test_run_table_has_location_co0\target\customers.parquet
2026-08-26 12:14:01,898  INFO      eds_loader.connectors.local_fs  Wrote orders: 2 row(s) to C:\Users\Mohit Patel\AppData\Local\Temp\pytest-of-spmohit\pytest-34\test_run_table_has_location_co0\target\orders.parquet
2026-08-26 12:14:01,898  DEBUG     eds_loader.connectors.local_fs  Merging schema.json at target
2026-08-26 12:14:01,898  INFO      eds_loader.loader  Load complete: 5 row(s) written
2026-08-26 12:14:01,898  INFO      eds_loader.cli.main  Run complete: 5 row(s) across 2 table(s) in 0.0s
2026-08-26 12:14:01,906  INFO      eds_loader.cli.main  eds-loader run invoked (config=C:\Users\Mohit Patel\AppData\Local\Temp\pytest-of-spmohit\pytest-34\test_run_missing_config_exits_0\nope.yaml, dry_run=False)
2026-08-26 12:14:01,906  ERROR     eds_loader.cli.main  Config parse failed: Config file not found: C:\Users\Mohit Patel\AppData\Local\Temp\pytest-of-spmohit\pytest-34\test_run_missing_config_exits_0\nope.yaml
2026-08-26 12:14:01,914  INFO      eds_loader.cli.main  eds-loader run invoked (config=C:\Users\Mohit Patel\AppData\Local\Temp\pytest-of-spmohit\pytest-34\test_run_invalid_yaml_exits_20\loader.yaml, dry_run=False)
2026-08-26 12:14:01,915  ERROR     eds_loader.cli.main  Config parse failed: Config file C:\Users\Mohit Patel\AppData\Local\Temp\pytest-of-spmohit\pytest-34\test_run_invalid_yaml_exits_20\loader.yaml is not valid YAML: while parsing a flow sequence
  in "<unicode string>", line 1, column 9:
    source: [unclosed
            ^
expected ',' or ']', but got '<stream end>'
  in "<unicode string>", line 1, column 18:
    source: [unclosed
                     ^
2026-08-26 12:14:01,923  INFO      eds_loader.cli.main  eds-loader run invoked (config=C:\Users\Mohit Patel\AppData\Local\Temp\pytest-of-spmohit\pytest-34\test_run_unknown_connector_kin0\loader.yaml, dry_run=False)
2026-08-26 12:14:01,925  INFO      eds_loader.cli.main  Config loaded: source=nosuchdb target=local_fs tables=(all) enforce_constraints=True schema_required=True
2026-08-26 12:14:01,925  ERROR     eds_loader.cli.main  Configuration error: Unknown connector kind 'nosuchdb'.
Known connectors: azure_blob, bigquery, elasticsearch, gcs, local_fs, mongodb, mssql, mysql, oracle, postgres, remote_fs, s3.
Run `eds-loader connectors` to see install status.
2026-08-26 12:14:01,936  INFO      eds_loader.cli.main  eds-loader run invoked (config=C:\Users\Mohit Patel\AppData\Local\Temp\pytest-of-spmohit\pytest-34\test_run_load_error_exits_30\loader.yaml, dry_run=False)
2026-08-26 12:14:01,953  INFO      eds_loader.cli.main  Config loaded: source=local_fs target=local_fs tables=(all) enforce_constraints=True schema_required=True
2026-08-26 12:14:01,953  ERROR     eds_loader.cli.main  Load failed after 0.0s: disk full
2026-08-26 12:14:01,964  INFO      eds_loader.cli.main  eds-loader run invoked (config=C:\Users\Mohit Patel\AppData\Local\Temp\pytest-of-spmohit\pytest-34\test_dry_run_exits_zero0\loader.yaml, dry_run=True)
2026-08-26 12:14:01,982  INFO      eds_loader.cli.main  Config loaded: source=local_fs target=local_fs tables=(all) enforce_constraints=True schema_required=True
2026-08-26 12:14:01,982  DEBUG     eds_loader.connectors.local_fs  Reading schema.json from C:\Users\Mohit Patel\AppData\Local\Temp\pytest-of-spmohit\pytest-34\test_dry_run_exits_zero0\source\schema.json
2026-08-26 12:14:01,983  DEBUG     eds_loader.connectors.local_fs  schema.json parsed: 2 dataset(s)
2026-08-26 12:14:01,983  INFO      eds_loader.cli.main  Dry-run: reading ['customers', 'orders'] dataset(s) from source
2026-08-26 12:14:01,985  INFO      eds_loader.connectors.local_fs  Read customers: 3 row(s) from C:\Users\Mohit Patel\AppData\Local\Temp\pytest-of-spmohit\pytest-34\test_dry_run_exits_zero0\source\customers.parquet
2026-08-26 12:14:01,986  INFO      eds_loader.connectors.local_fs  Read orders: 2 row(s) from C:\Users\Mohit Patel\AppData\Local\Temp\pytest-of-spmohit\pytest-34\test_dry_run_exits_zero0\source\orders.parquet
2026-08-26 12:14:01,987  INFO      eds_loader.cli.main  Dry-run complete: 5 row(s) across 2 dataset(s)
2026-08-26 12:14:01,998  INFO      eds_loader.cli.main  eds-loader run invoked (config=C:\Users\Mohit Patel\AppData\Local\Temp\pytest-of-spmohit\pytest-34\test_dry_run_shows_dataset_nam0\loader.yaml, dry_run=True)
2026-08-26 12:14:02,020  INFO      eds_loader.cli.main  Config loaded: source=local_fs target=local_fs tables=(all) enforce_constraints=True schema_required=True
2026-08-26 12:14:02,020  DEBUG     eds_loader.connectors.local_fs  Reading schema.json from C:\Users\Mohit Patel\AppData\Local\Temp\pytest-of-spmohit\pytest-34\test_dry_run_shows_dataset_nam0\source\schema.json
2026-08-26 12:14:02,022  DEBUG     eds_loader.connectors.local_fs  schema.json parsed: 2 dataset(s)
2026-08-26 12:14:02,022  INFO      eds_loader.cli.main  Dry-run: reading ['customers', 'orders'] dataset(s) from source
2026-08-26 12:14:02,024  INFO      eds_loader.connectors.local_fs  Read customers: 3 row(s) from C:\Users\Mohit Patel\AppData\Local\Temp\pytest-of-spmohit\pytest-34\test_dry_run_shows_dataset_nam0\source\customers.parquet
2026-08-26 12:14:02,028  INFO      eds_loader.connectors.local_fs  Read orders: 2 row(s) from C:\Users\Mohit Patel\AppData\Local\Temp\pytest-of-spmohit\pytest-34\test_dry_run_shows_dataset_nam0\source\orders.parquet
2026-08-26 12:14:02,028  INFO      eds_loader.cli.main  Dry-run complete: 5 row(s) across 2 dataset(s)
2026-08-26 12:14:02,040  INFO      eds_loader.cli.main  eds-loader run invoked (config=C:\Users\Mohit Patel\AppData\Local\Temp\pytest-of-spmohit\pytest-34\test_dry_run_shows_total_rows0\loader.yaml, dry_run=True)
2026-08-26 12:14:02,057  INFO      eds_loader.cli.main  Config loaded: source=local_fs target=local_fs tables=(all) enforce_constraints=True schema_required=True
2026-08-26 12:14:02,058  DEBUG     eds_loader.connectors.local_fs  Reading schema.json from C:\Users\Mohit Patel\AppData\Local\Temp\pytest-of-spmohit\pytest-34\test_dry_run_shows_total_rows0\source\schema.json
2026-08-26 12:14:02,059  DEBUG     eds_loader.connectors.local_fs  schema.json parsed: 2 dataset(s)
2026-08-26 12:14:02,059  INFO      eds_loader.cli.main  Dry-run: reading ['customers', 'orders'] dataset(s) from source
2026-08-26 12:14:02,062  INFO      eds_loader.connectors.local_fs  Read customers: 3 row(s) from C:\Users\Mohit Patel\AppData\Local\Temp\pytest-of-spmohit\pytest-34\test_dry_run_shows_total_rows0\source\customers.parquet
2026-08-26 12:14:02,064  INFO      eds_loader.connectors.local_fs  Read orders: 2 row(s) from C:\Users\Mohit Patel\AppData\Local\Temp\pytest-of-spmohit\pytest-34\test_dry_run_shows_total_rows0\source\orders.parquet
2026-08-26 12:14:02,065  INFO      eds_loader.cli.main  Dry-run complete: 5 row(s) across 2 dataset(s)
2026-08-26 12:14:02,077  INFO      eds_loader.cli.main  eds-loader run invoked (config=C:\Users\Mohit Patel\AppData\Local\Temp\pytest-of-spmohit\pytest-34\test_dry_run_does_not_write_ta0\loader.yaml, dry_run=True)
2026-08-26 12:14:02,084  INFO      eds_loader.cli.main  Config loaded: source=local_fs target=local_fs tables=(all) enforce_constraints=True schema_required=True
2026-08-26 12:14:02,084  DEBUG     eds_loader.connectors.local_fs  Reading schema.json from C:\Users\Mohit Patel\AppData\Local\Temp\pytest-of-spmohit\pytest-34\test_dry_run_does_not_write_ta0\source\schema.json
2026-08-26 12:14:02,085  DEBUG     eds_loader.connectors.local_fs  schema.json parsed: 2 dataset(s)
2026-08-26 12:14:02,086  INFO      eds_loader.cli.main  Dry-run: reading ['customers', 'orders'] dataset(s) from source
2026-08-26 12:14:02,087  INFO      eds_loader.connectors.local_fs  Read customers: 3 row(s) from C:\Users\Mohit Patel\AppData\Local\Temp\pytest-of-spmohit\pytest-34\test_dry_run_does_not_write_ta0\source\customers.parquet
2026-08-26 12:14:02,089  INFO      eds_loader.connectors.local_fs  Read orders: 2 row(s) from C:\Users\Mohit Patel\AppData\Local\Temp\pytest-of-spmohit\pytest-34\test_dry_run_does_not_write_ta0\source\orders.parquet
2026-08-26 12:14:02,089  INFO      eds_loader.cli.main  Dry-run complete: 5 row(s) across 2 dataset(s)
2026-08-26 12:14:02,105  INFO      eds_loader.cli.main  eds-loader run invoked (config=C:\Users\Mohit Patel\AppData\Local\Temp\pytest-of-spmohit\pytest-34\test_dry_run_shows_dry_run_hea0\loader.yaml, dry_run=True)
2026-08-26 12:14:02,125  INFO      eds_loader.cli.main  Config loaded: source=local_fs target=local_fs tables=(all) enforce_constraints=True schema_required=True
2026-08-26 12:14:02,126  DEBUG     eds_loader.connectors.local_fs  Reading schema.json from C:\Users\Mohit Patel\AppData\Local\Temp\pytest-of-spmohit\pytest-34\test_dry_run_shows_dry_run_hea0\source\schema.json
2026-08-26 12:14:02,127  DEBUG     eds_loader.connectors.local_fs  schema.json parsed: 2 dataset(s)
2026-08-26 12:14:02,127  INFO      eds_loader.cli.main  Dry-run: reading ['customers', 'orders'] dataset(s) from source
2026-08-26 12:14:02,130  INFO      eds_loader.connectors.local_fs  Read customers: 3 row(s) from C:\Users\Mohit Patel\AppData\Local\Temp\pytest-of-spmohit\pytest-34\test_dry_run_shows_dry_run_hea0\source\customers.parquet
2026-08-26 12:14:02,132  INFO      eds_loader.connectors.local_fs  Read orders: 2 row(s) from C:\Users\Mohit Patel\AppData\Local\Temp\pytest-of-spmohit\pytest-34\test_dry_run_shows_dry_run_hea0\source\orders.parquet
2026-08-26 12:14:02,132  INFO      eds_loader.cli.main  Dry-run complete: 5 row(s) across 2 dataset(s)
2026-08-26 12:14:02,143  INFO      eds_loader.cli.main  eds-loader run invoked (config=C:\Users\Mohit Patel\AppData\Local\Temp\pytest-of-spmohit\pytest-34\test_dry_run_source_error_exit0\loader.yaml, dry_run=True)
2026-08-26 12:14:02,160  INFO      eds_loader.cli.main  Config loaded: source=local_fs target=local_fs tables=(all) enforce_constraints=True schema_required=True
2026-08-26 12:14:02,160  ERROR     eds_loader.cli.main  Dry-run read failed: source down
2026-08-26 12:14:02,190  DEBUG     eds_loader.connectors.local_fs  Reading schema.json from C:\Users\Mohit Patel\AppData\Local\Temp\pytest-of-spmohit\pytest-34\test_validate_good_config_exit0\source\schema.json
2026-08-26 12:14:02,193  DEBUG     eds_loader.connectors.local_fs  schema.json parsed: 2 dataset(s)
2026-08-26 12:14:02,221  DEBUG     eds_loader.connectors.local_fs  Reading schema.json from C:\Users\Mohit Patel\AppData\Local\Temp\pytest-of-spmohit\pytest-34\test_validate_prints_checkmark0\source\schema.json
2026-08-26 12:14:02,223  DEBUG     eds_loader.connectors.local_fs  schema.json parsed: 2 dataset(s)
2026-08-26 12:14:02,250  DEBUG     eds_loader.connectors.local_fs  Reading schema.json from C:\Users\Mohit Patel\AppData\Local\Temp\pytest-of-spmohit\pytest-34\test_validate_shows_dataset_co0\source\schema.json
2026-08-26 12:14:02,252  DEBUG     eds_loader.connectors.local_fs  schema.json parsed: 2 dataset(s)
2026-08-26 12:14:02,338  DEBUG     eds_loader.connectors.local_fs  Reading schema.json from C:\Users\Mohit Patel\AppData\Local\Temp\pytest-of-spmohit\pytest-34\test_validate_shows_connector_0\source\schema.json
2026-08-26 12:14:02,339  DEBUG     eds_loader.connectors.local_fs  schema.json parsed: 2 dataset(s)
2026-08-26 12:14:02,638  INFO      eds_loader.loader  Read 2 dataset(s) from source
2026-08-26 12:14:02,640  INFO      eds_loader.connectors.local_fs  Wrote customers: 3 row(s) to C:\Users\Mohit Patel\AppData\Local\Temp\pytest-of-spmohit\pytest-34\test_integration_gcs_source_vi0\target\customers.parquet
2026-08-26 12:14:02,641  INFO      eds_loader.connectors.local_fs  Wrote orders: 2 row(s) to C:\Users\Mohit Patel\AppData\Local\Temp\pytest-of-spmohit\pytest-34\test_integration_gcs_source_vi0\target\orders.parquet
2026-08-26 12:14:02,641  DEBUG     eds_loader.connectors.local_fs  Merging schema.json at target
2026-08-26 12:14:02,641  INFO      eds_loader.loader  Load complete: 5 row(s) written
2026-08-26 12:14:02,644  INFO      eds_loader.loader  Read 2 dataset(s) from source
2026-08-26 12:14:02,644  INFO      eds_loader.loader  Load complete: 3 row(s) written
2026-08-26 12:14:02,646  INFO      eds_loader.loader  Read 2 dataset(s) from source
2026-08-26 12:14:02,646  INFO      eds_loader.loader  Load complete: 3 row(s) written
2026-08-26 12:14:02,648  INFO      eds_loader.loader  Read 2 dataset(s) from source
2026-08-26 12:14:02,648  INFO      eds_loader.loader  Load complete: 3 row(s) written
2026-08-26 12:14:02,650  INFO      eds_loader.loader  Read 2 dataset(s) from source
2026-08-26 12:14:02,650  INFO      eds_loader.loader  Load complete: 3 row(s) written
2026-08-26 12:14:02,651  INFO      eds_loader.loader  Read 1 dataset(s) from source
2026-08-26 12:14:02,651  INFO      eds_loader.loader  Load complete: 1 row(s) written
2026-08-26 12:14:02,666  DEBUG     eds_loader.connectors.local_fs  Reading schema.json from C:\Users\Mohit Patel\AppData\Local\Temp\pytest-of-spmohit\pytest-34\test_read_schema_metadata_retu0\schema.json
2026-08-26 12:14:02,667  DEBUG     eds_loader.connectors.local_fs  schema.json parsed: 2 dataset(s)
2026-08-26 12:14:02,673  DEBUG     eds_loader.connectors.local_fs  Reading schema.json from C:\Users\Mohit Patel\AppData\Local\Temp\pytest-of-spmohit\pytest-34\test_read_schema_metadata_cont0\schema.json
2026-08-26 12:14:02,674  DEBUG     eds_loader.connectors.local_fs  schema.json parsed: 2 dataset(s)
2026-08-26 12:14:02,680  DEBUG     eds_loader.connectors.local_fs  Reading schema.json from C:\Users\Mohit Patel\AppData\Local\Temp\pytest-of-spmohit\pytest-34\test_read_schema_metadata_corr0\schema.json
2026-08-26 12:14:02,684  DEBUG     eds_loader.connectors.local_fs  Reading schema.json from C:\Users\Mohit Patel\AppData\Local\Temp\pytest-of-spmohit\pytest-34\test_read_schema_metadata_empt0\schema.json
2026-08-26 12:14:02,690  DEBUG     eds_loader.connectors.local_fs  Auto-discovered 2 parquet file(s) in C:\Users\Mohit Patel\AppData\Local\Temp\pytest-of-spmohit\pytest-34\test_read_datasets_none_reads_0
2026-08-26 12:14:02,692  INFO      eds_loader.connectors.local_fs  Read customers: 3 row(s) from C:\Users\Mohit Patel\AppData\Local\Temp\pytest-of-spmohit\pytest-34\test_read_datasets_none_reads_0\customers.parquet
2026-08-26 12:14:02,694  INFO      eds_loader.connectors.local_fs  Read orders: 2 row(s) from C:\Users\Mohit Patel\AppData\Local\Temp\pytest-of-spmohit\pytest-34\test_read_datasets_none_reads_0\orders.parquet
2026-08-26 12:14:02,699  DEBUG     eds_loader.connectors.local_fs  Auto-discovered 1 parquet file(s) in C:\Users\Mohit Patel\AppData\Local\Temp\pytest-of-spmohit\pytest-34\test_read_datasets_none_ignore0
2026-08-26 12:14:02,701  INFO      eds_loader.connectors.local_fs  Read data: 1 row(s) from C:\Users\Mohit Patel\AppData\Local\Temp\pytest-of-spmohit\pytest-34\test_read_datasets_none_ignore0\data.parquet
2026-08-26 12:14:02,707  DEBUG     eds_loader.connectors.local_fs  Auto-discovered 2 parquet file(s) in C:\Users\Mohit Patel\AppData\Local\Temp\pytest-of-spmohit\pytest-34\test_read_datasets_none_return0
2026-08-26 12:14:02,711  INFO      eds_loader.connectors.local_fs  Read customers: 3 row(s) from C:\Users\Mohit Patel\AppData\Local\Temp\pytest-of-spmohit\pytest-34\test_read_datasets_none_return0\customers.parquet
2026-08-26 12:14:02,712  INFO      eds_loader.connectors.local_fs  Read orders: 2 row(s) from C:\Users\Mohit Patel\AppData\Local\Temp\pytest-of-spmohit\pytest-34\test_read_datasets_none_return0\orders.parquet
2026-08-26 12:14:02,715  DEBUG     eds_loader.connectors.local_fs  Auto-discovered 0 parquet file(s) in C:\Users\Mohit Patel\AppData\Local\Temp\pytest-of-spmohit\pytest-34\test_read_datasets_none_empty_0
2026-08-26 12:14:02,722  INFO      eds_loader.connectors.local_fs  Read customers: 3 row(s) from C:\Users\Mohit Patel\AppData\Local\Temp\pytest-of-spmohit\pytest-34\test_read_datasets_explicit_na0\customers.parquet
2026-08-26 12:14:02,730  INFO      eds_loader.connectors.local_fs  Read customers: 3 row(s) from C:\Users\Mohit Patel\AppData\Local\Temp\pytest-of-spmohit\pytest-34\test_read_datasets_explicit_pr0\customers.parquet
2026-08-26 12:14:02,743  INFO      eds_loader.connectors.local_fs  Read customers: 3 row(s) from C:\Users\Mohit Patel\AppData\Local\Temp\pytest-of-spmohit\pytest-34\test_read_datasets_one_missing0\customers.parquet
2026-08-26 12:14:02,748  INFO      eds_loader.connectors.local_fs  Wrote customers: 3 row(s) to C:\Users\Mohit Patel\AppData\Local\Temp\pytest-of-spmohit\pytest-34\test_write_datasets_creates_di0\deep\nested\dir\customers.parquet
2026-08-26 12:14:02,749  INFO      eds_loader.connectors.local_fs  Wrote orders: 2 row(s) to C:\Users\Mohit Patel\AppData\Local\Temp\pytest-of-spmohit\pytest-34\test_write_datasets_creates_di0\deep\nested\dir\orders.parquet
2026-08-26 12:14:02,753  INFO      eds_loader.connectors.local_fs  Wrote customers: 3 row(s) to C:\Users\Mohit Patel\AppData\Local\Temp\pytest-of-spmohit\pytest-34\test_write_datasets_writes_par0\customers.parquet
2026-08-26 12:14:02,754  INFO      eds_loader.connectors.local_fs  Wrote orders: 2 row(s) to C:\Users\Mohit Patel\AppData\Local\Temp\pytest-of-spmohit\pytest-34\test_write_datasets_writes_par0\orders.parquet
2026-08-26 12:14:02,759  INFO      eds_loader.connectors.local_fs  Wrote customers: 3 row(s) to C:\Users\Mohit Patel\AppData\Local\Temp\pytest-of-spmohit\pytest-34\test_write_datasets_returns_on0\customers.parquet
2026-08-26 12:14:02,760  INFO      eds_loader.connectors.local_fs  Wrote orders: 2 row(s) to C:\Users\Mohit Patel\AppData\Local\Temp\pytest-of-spmohit\pytest-34\test_write_datasets_returns_on0\orders.parquet
2026-08-26 12:14:02,764  INFO      eds_loader.connectors.local_fs  Wrote customers: 3 row(s) to C:\Users\Mohit Patel\AppData\Local\Temp\pytest-of-spmohit\pytest-34\test_write_datasets_result_row0\customers.parquet
2026-08-26 12:14:02,765  INFO      eds_loader.connectors.local_fs  Wrote orders: 2 row(s) to C:\Users\Mohit Patel\AppData\Local\Temp\pytest-of-spmohit\pytest-34\test_write_datasets_result_row0\orders.parquet
2026-08-26 12:14:02,770  INFO      eds_loader.connectors.local_fs  Wrote customers: 3 row(s) to C:\Users\Mohit Patel\AppData\Local\Temp\pytest-of-spmohit\pytest-34\test_write_datasets_result_loc0\customers.parquet
2026-08-26 12:14:02,771  INFO      eds_loader.connectors.local_fs  Wrote orders: 2 row(s) to C:\Users\Mohit Patel\AppData\Local\Temp\pytest-of-spmohit\pytest-34\test_write_datasets_result_loc0\orders.parquet
2026-08-26 12:14:02,776  INFO      eds_loader.connectors.local_fs  Wrote data: 3 row(s) to C:\Users\Mohit Patel\AppData\Local\Temp\pytest-of-spmohit\pytest-34\test_write_datasets_overwrites0\data.parquet
2026-08-26 12:14:02,777  INFO      eds_loader.connectors.local_fs  Wrote data: 1 row(s) to C:\Users\Mohit Patel\AppData\Local\Temp\pytest-of-spmohit\pytest-34\test_write_datasets_overwrites0\data.parquet
2026-08-26 12:14:02,783  INFO      eds_loader.connectors.local_fs  Wrote customers: 3 row(s) to C:\Users\Mohit Patel\AppData\Local\Temp\pytest-of-spmohit\pytest-34\test_write_datasets_writes_sch0\customers.parquet
2026-08-26 12:14:02,784  INFO      eds_loader.connectors.local_fs  Wrote orders: 2 row(s) to C:\Users\Mohit Patel\AppData\Local\Temp\pytest-of-spmohit\pytest-34\test_write_datasets_writes_sch0\orders.parquet
2026-08-26 12:14:02,784  DEBUG     eds_loader.connectors.local_fs  Merging schema.json at target
2026-08-26 12:14:02,792  INFO      eds_loader.connectors.local_fs  Wrote customers: 3 row(s) to C:\Users\Mohit Patel\AppData\Local\Temp\pytest-of-spmohit\pytest-34\test_write_datasets_skips_sche0\customers.parquet
2026-08-26 12:14:02,794  INFO      eds_loader.connectors.local_fs  Wrote orders: 2 row(s) to C:\Users\Mohit Patel\AppData\Local\Temp\pytest-of-spmohit\pytest-34\test_write_datasets_skips_sche0\orders.parquet
2026-08-26 12:14:02,799  INFO      eds_loader.connectors.local_fs  Wrote customers: 3 row(s) to C:\Users\Mohit Patel\AppData\Local\Temp\pytest-of-spmohit\pytest-34\test_write_datasets_merges_sch0\customers.parquet
2026-08-26 12:14:02,800  INFO      eds_loader.connectors.local_fs  Wrote orders: 2 row(s) to C:\Users\Mohit Patel\AppData\Local\Temp\pytest-of-spmohit\pytest-34\test_write_datasets_merges_sch0\orders.parquet
2026-08-26 12:14:02,800  DEBUG     eds_loader.connectors.local_fs  Merging schema.json at target
2026-08-26 12:14:02,809  INFO      eds_loader.connectors.local_fs  Wrote customers: 3 row(s) to C:\Users\Mohit Patel\AppData\Local\Temp\pytest-of-spmohit\pytest-34\test_write_datasets_corrupt_ex0\customers.parquet
2026-08-26 12:14:02,810  INFO      eds_loader.connectors.local_fs  Wrote orders: 2 row(s) to C:\Users\Mohit Patel\AppData\Local\Temp\pytest-of-spmohit\pytest-34\test_write_datasets_corrupt_ex0\orders.parquet
2026-08-26 12:14:02,810  DEBUG     eds_loader.connectors.local_fs  Merging schema.json at target
2026-08-26 12:14:02,817  INFO      eds_loader.connectors.local_fs  Wrote customers: 3 row(s) to C:\Users\Mohit Patel\AppData\Local\Temp\pytest-of-spmohit\pytest-34\test_round_trip_dataframes_mat0\customers.parquet
2026-08-26 12:14:02,818  INFO      eds_loader.connectors.local_fs  Wrote orders: 2 row(s) to C:\Users\Mohit Patel\AppData\Local\Temp\pytest-of-spmohit\pytest-34\test_round_trip_dataframes_mat0\orders.parquet
2026-08-26 12:14:02,818  DEBUG     eds_loader.connectors.local_fs  Merging schema.json at target
2026-08-26 12:14:02,820  INFO      eds_loader.connectors.local_fs  Read customers: 3 row(s) from C:\Users\Mohit Patel\AppData\Local\Temp\pytest-of-spmohit\pytest-34\test_round_trip_dataframes_mat0\customers.parquet
2026-08-26 12:14:02,822  INFO      eds_loader.connectors.local_fs  Read orders: 2 row(s) from C:\Users\Mohit Patel\AppData\Local\Temp\pytest-of-spmohit\pytest-34\test_round_trip_dataframes_mat0\orders.parquet
2026-08-26 12:14:02,827  INFO      eds_loader.connectors.local_fs  Wrote customers: 3 row(s) to C:\Users\Mohit Patel\AppData\Local\Temp\pytest-of-spmohit\pytest-34\test_round_trip_schema_survive0\customers.parquet
2026-08-26 12:14:02,828  INFO      eds_loader.connectors.local_fs  Wrote orders: 2 row(s) to C:\Users\Mohit Patel\AppData\Local\Temp\pytest-of-spmohit\pytest-34\test_round_trip_schema_survive0\orders.parquet
2026-08-26 12:14:02,828  DEBUG     eds_loader.connectors.local_fs  Merging schema.json at target
2026-08-26 12:14:02,829  DEBUG     eds_loader.connectors.local_fs  Reading schema.json from C:\Users\Mohit Patel\AppData\Local\Temp\pytest-of-spmohit\pytest-34\test_round_trip_schema_survive0\schema.json
2026-08-26 12:14:02,830  DEBUG     eds_loader.connectors.local_fs  schema.json parsed: 2 dataset(s)
2026-08-26 12:14:02,836  DEBUG     eds_loader.connectors.local_fs  Reading schema.json from C:\Users\Mohit Patel\AppData\Local\Temp\pytest-of-spmohit\pytest-34\test_integration_local_to_loca0\schema.json
2026-08-26 12:14:02,837  DEBUG     eds_loader.connectors.local_fs  schema.json parsed: 2 dataset(s)
2026-08-26 12:14:02,839  INFO      eds_loader.connectors.local_fs  Read customers: 3 row(s) from C:\Users\Mohit Patel\AppData\Local\Temp\pytest-of-spmohit\pytest-34\test_integration_local_to_loca0\customers.parquet
2026-08-26 12:14:02,840  INFO      eds_loader.connectors.local_fs  Read orders: 2 row(s) from C:\Users\Mohit Patel\AppData\Local\Temp\pytest-of-spmohit\pytest-34\test_integration_local_to_loca0\orders.parquet
2026-08-26 12:14:02,841  INFO      eds_loader.loader  Read 2 dataset(s) from source
2026-08-26 12:14:02,843  INFO      eds_loader.connectors.local_fs  Wrote customers: 3 row(s) to C:\Users\Mohit Patel\AppData\Local\Temp\pytest-of-spmohit\pytest-34\test_integration_local_to_loca0\target\customers.parquet
2026-08-26 12:14:02,844  INFO      eds_loader.connectors.local_fs  Wrote orders: 2 row(s) to C:\Users\Mohit Patel\AppData\Local\Temp\pytest-of-spmohit\pytest-34\test_integration_local_to_loca0\target\orders.parquet
2026-08-26 12:14:02,844  DEBUG     eds_loader.connectors.local_fs  Merging schema.json at target
2026-08-26 12:14:02,845  INFO      eds_loader.loader  Load complete: 5 row(s) written
2026-08-26 12:14:02,853  DEBUG     eds_loader.connectors.local_fs  Reading schema.json from C:\Users\Mohit Patel\AppData\Local\Temp\pytest-of-spmohit\pytest-34\test_integration_table_subset_0\schema.json
2026-08-26 12:14:02,854  DEBUG     eds_loader.connectors.local_fs  schema.json parsed: 2 dataset(s)
2026-08-26 12:14:02,855  INFO      eds_loader.connectors.local_fs  Read customers: 3 row(s) from C:\Users\Mohit Patel\AppData\Local\Temp\pytest-of-spmohit\pytest-34\test_integration_table_subset_0\customers.parquet
2026-08-26 12:14:02,855  INFO      eds_loader.loader  Read 1 dataset(s) from source
2026-08-26 12:14:02,857  INFO      eds_loader.connectors.local_fs  Wrote customers: 3 row(s) to C:\Users\Mohit Patel\AppData\Local\Temp\pytest-of-spmohit\pytest-34\test_integration_table_subset_0\target_subset\customers.parquet
2026-08-26 12:14:02,857  DEBUG     eds_loader.connectors.local_fs  Merging schema.json at target
2026-08-26 12:14:02,858  INFO      eds_loader.loader  Load complete: 3 row(s) written
2026-08-26 12:14:02,865  DEBUG     eds_loader.connectors.local_fs  Reading schema.json from C:\Users\Mohit Patel\AppData\Local\Temp\pytest-of-spmohit\pytest-34\test_integration_schema_json_w0\schema.json
2026-08-26 12:14:02,866  DEBUG     eds_loader.connectors.local_fs  schema.json parsed: 2 dataset(s)
2026-08-26 12:14:02,868  INFO      eds_loader.connectors.local_fs  Read customers: 3 row(s) from C:\Users\Mohit Patel\AppData\Local\Temp\pytest-of-spmohit\pytest-34\test_integration_schema_json_w0\customers.parquet
2026-08-26 12:14:02,870  INFO      eds_loader.connectors.local_fs  Read orders: 2 row(s) from C:\Users\Mohit Patel\AppData\Local\Temp\pytest-of-spmohit\pytest-34\test_integration_schema_json_w0\orders.parquet
2026-08-26 12:14:02,870  INFO      eds_loader.loader  Read 2 dataset(s) from source
2026-08-26 12:14:02,871  INFO      eds_loader.connectors.local_fs  Wrote customers: 3 row(s) to C:\Users\Mohit Patel\AppData\Local\Temp\pytest-of-spmohit\pytest-34\test_integration_schema_json_w0\target_schema\customers.parquet
2026-08-26 12:14:02,872  INFO      eds_loader.connectors.local_fs  Wrote orders: 2 row(s) to C:\Users\Mohit Patel\AppData\Local\Temp\pytest-of-spmohit\pytest-34\test_integration_schema_json_w0\target_schema\orders.parquet
2026-08-26 12:14:02,872  DEBUG     eds_loader.connectors.local_fs  Merging schema.json at target
2026-08-26 12:14:02,873  INFO      eds_loader.loader  Load complete: 5 row(s) written
2026-08-26 12:14:02,880  DEBUG     eds_loader.connectors.local_fs  Reading schema.json from C:\Users\Mohit Patel\AppData\Local\Temp\pytest-of-spmohit\pytest-34\test_integration_schema_json_n0\schema.json
2026-08-26 12:14:02,881  DEBUG     eds_loader.connectors.local_fs  schema.json parsed: 2 dataset(s)
2026-08-26 12:14:02,883  INFO      eds_loader.connectors.local_fs  Read customers: 3 row(s) from C:\Users\Mohit Patel\AppData\Local\Temp\pytest-of-spmohit\pytest-34\test_integration_schema_json_n0\customers.parquet
2026-08-26 12:14:02,884  INFO      eds_loader.connectors.local_fs  Read orders: 2 row(s) from C:\Users\Mohit Patel\AppData\Local\Temp\pytest-of-spmohit\pytest-34\test_integration_schema_json_n0\orders.parquet
2026-08-26 12:14:02,884  INFO      eds_loader.loader  Read 2 dataset(s) from source
2026-08-26 12:14:02,885  INFO      eds_loader.connectors.local_fs  Wrote customers: 3 row(s) to C:\Users\Mohit Patel\AppData\Local\Temp\pytest-of-spmohit\pytest-34\test_integration_schema_json_n0\target_no_schema\customers.parquet
2026-08-26 12:14:02,886  INFO      eds_loader.connectors.local_fs  Wrote orders: 2 row(s) to C:\Users\Mohit Patel\AppData\Local\Temp\pytest-of-spmohit\pytest-34\test_integration_schema_json_n0\target_no_schema\orders.parquet
2026-08-26 12:14:02,886  INFO      eds_loader.loader  Load complete: 5 row(s) written
2026-08-26 12:14:02,900  INFO      eds_loader.connectors.mongodb  Connected to MongoDB localhost:27017/test_db
2026-08-26 12:14:02,900  DEBUG     eds_loader.connectors.mongodb  [customers] dropping existing collection
2026-08-26 12:14:02,901  DEBUG     eds_loader.connectors.mongodb  [customers] inserting 3 document(s)
2026-08-26 12:14:02,901  INFO      eds_loader.connectors.mongodb  [customers] wrote 3 document(s) in 0.00s
2026-08-26 12:14:02,901  DEBUG     eds_loader.connectors.mongodb  [orders] dropping existing collection
2026-08-26 12:14:02,901  DEBUG     eds_loader.connectors.mongodb  [orders] inserting 2 document(s)
2026-08-26 12:14:02,901  INFO      eds_loader.connectors.mongodb  [orders] wrote 2 document(s) in 0.00s
2026-08-26 12:14:02,902  INFO      eds_loader.connectors.mongodb  Connected to MongoDB localhost:27017/test_db
2026-08-26 12:14:02,903  DEBUG     eds_loader.connectors.mongodb  [data] dropping existing collection
2026-08-26 12:14:02,903  DEBUG     eds_loader.connectors.mongodb  [data] inserting 2 document(s)
2026-08-26 12:14:02,903  INFO      eds_loader.connectors.mongodb  [data] wrote 2 document(s) in 0.00s
2026-08-26 12:14:02,905  INFO      eds_loader.connectors.mongodb  Connected to MongoDB localhost:27017/test_db
2026-08-26 12:14:02,905  DEBUG     eds_loader.connectors.mongodb  [t] dropping existing collection
2026-08-26 12:14:02,905  DEBUG     eds_loader.connectors.mongodb  [t] inserting 1 document(s)
2026-08-26 12:14:02,905  INFO      eds_loader.connectors.mongodb  [t] wrote 1 document(s) in 0.00s
2026-08-26 12:14:02,906  INFO      eds_loader.connectors.mongodb  Connected to MongoDB localhost:27017/test_db
2026-08-26 12:14:02,906  DEBUG     eds_loader.connectors.mongodb  [empty] dropping existing collection
2026-08-26 12:14:02,906  INFO      eds_loader.connectors.mongodb  [empty] wrote 0 document(s) in 0.00s
2026-08-26 12:14:02,908  INFO      eds_loader.connectors.mongodb  Connected to MongoDB localhost:27017/test_db
2026-08-26 12:14:02,908  DEBUG     eds_loader.connectors.mongodb  [empty] dropping existing collection
2026-08-26 12:14:02,909  INFO      eds_loader.connectors.mongodb  [empty] wrote 0 document(s) in 0.00s
2026-08-26 12:14:02,910  INFO      eds_loader.connectors.mongodb  Connected to MongoDB localhost:27017/test_db
2026-08-26 12:14:02,910  DEBUG     eds_loader.connectors.mongodb  [customers] dropping existing collection
2026-08-26 12:14:02,910  DEBUG     eds_loader.connectors.mongodb  [customers] inserting 3 document(s)
2026-08-26 12:14:02,911  INFO      eds_loader.connectors.mongodb  [customers] wrote 3 document(s) in 0.00s
2026-08-26 12:14:02,911  DEBUG     eds_loader.connectors.mongodb  [orders] dropping existing collection
2026-08-26 12:14:02,911  DEBUG     eds_loader.connectors.mongodb  [orders] inserting 2 document(s)
2026-08-26 12:14:02,911  INFO      eds_loader.connectors.mongodb  [orders] wrote 2 document(s) in 0.00s
2026-08-26 12:14:02,912  INFO      eds_loader.connectors.mongodb  Connected to MongoDB localhost:27017/test_db
2026-08-26 12:14:02,913  DEBUG     eds_loader.connectors.mongodb  [customers] dropping existing collection
2026-08-26 12:14:02,913  DEBUG     eds_loader.connectors.mongodb  [customers] inserting 3 document(s)
2026-08-26 12:14:02,913  INFO      eds_loader.connectors.mongodb  [customers] wrote 3 document(s) in 0.00s
2026-08-26 12:14:02,913  DEBUG     eds_loader.connectors.mongodb  [orders] dropping existing collection
2026-08-26 12:14:02,913  DEBUG     eds_loader.connectors.mongodb  [orders] inserting 2 document(s)
2026-08-26 12:14:02,913  INFO      eds_loader.connectors.mongodb  [orders] wrote 2 document(s) in 0.00s
2026-08-26 12:14:02,915  INFO      eds_loader.connectors.mongodb  Connected to MongoDB mgserver:27020/mydb
2026-08-26 12:14:02,915  DEBUG     eds_loader.connectors.mongodb  [tbl] dropping existing collection
2026-08-26 12:14:02,915  DEBUG     eds_loader.connectors.mongodb  [tbl] inserting 1 document(s)
2026-08-26 12:14:02,915  INFO      eds_loader.connectors.mongodb  [tbl] wrote 1 document(s) in 0.00s
2026-08-26 12:14:02,916  INFO      eds_loader.connectors.mongodb  Connected to MongoDB localhost:27017/test_db
2026-08-26 12:14:02,916  DEBUG     eds_loader.connectors.mongodb  [z] dropping existing collection
2026-08-26 12:14:02,917  DEBUG     eds_loader.connectors.mongodb  [z] inserting 1 document(s)
2026-08-26 12:14:02,917  INFO      eds_loader.connectors.mongodb  [z] wrote 1 document(s) in 0.00s
2026-08-26 12:14:02,917  DEBUG     eds_loader.connectors.mongodb  [a] dropping existing collection
2026-08-26 12:14:02,917  DEBUG     eds_loader.connectors.mongodb  [a] inserting 1 document(s)
2026-08-26 12:14:02,917  INFO      eds_loader.connectors.mongodb  [a] wrote 1 document(s) in 0.00s
2026-08-26 12:14:02,918  INFO      eds_loader.connectors.mongodb  Connected to MongoDB localhost:27017/test_db
2026-08-26 12:14:02,919  DEBUG     eds_loader.connectors.mongodb  [orders] dropping existing collection
2026-08-26 12:14:02,919  DEBUG     eds_loader.connectors.mongodb  [orders] inserting 1 document(s)
2026-08-26 12:14:02,919  DEBUG     eds_loader.connectors.mongodb  [orders] creating indexes from schema metadata
2026-08-26 12:14:02,919  INFO      eds_loader.connectors.mongodb  [orders] wrote 1 document(s) in 0.00s
2026-08-26 12:14:02,919  DEBUG     eds_loader.connectors.mongodb  [customers] dropping existing collection
2026-08-26 12:14:02,919  DEBUG     eds_loader.connectors.mongodb  [customers] inserting 1 document(s)
2026-08-26 12:14:02,919  DEBUG     eds_loader.connectors.mongodb  [customers] creating indexes from schema metadata
2026-08-26 12:14:02,920  INFO      eds_loader.connectors.mongodb  [customers] wrote 1 document(s) in 0.00s
2026-08-26 12:14:02,924  INFO      eds_loader.connectors.mongodb  Connected to MongoDB localhost:27017/test_db
2026-08-26 12:14:02,924  DEBUG     eds_loader.connectors.mongodb  [customers] dropping existing collection
2026-08-26 12:14:02,924  DEBUG     eds_loader.connectors.mongodb  [customers] inserting 1 document(s)
2026-08-26 12:14:02,924  DEBUG     eds_loader.connectors.mongodb  [customers] creating indexes from schema metadata
2026-08-26 12:14:02,924  INFO      eds_loader.connectors.mongodb  [customers] wrote 1 document(s) in 0.00s
2026-08-26 12:14:02,926  INFO      eds_loader.connectors.mongodb  Connected to MongoDB localhost:27017/test_db
2026-08-26 12:14:02,926  DEBUG     eds_loader.connectors.mongodb  [customers] dropping existing collection
2026-08-26 12:14:02,926  DEBUG     eds_loader.connectors.mongodb  [customers] inserting 1 document(s)
2026-08-26 12:14:02,926  DEBUG     eds_loader.connectors.mongodb  [customers] creating indexes from schema metadata
2026-08-26 12:14:02,926  INFO      eds_loader.connectors.mongodb  [customers] wrote 1 document(s) in 0.00s
2026-08-26 12:14:02,928  INFO      eds_loader.connectors.mongodb  Connected to MongoDB localhost:27017/test_db
2026-08-26 12:14:02,928  DEBUG     eds_loader.connectors.mongodb  [orders] dropping existing collection
2026-08-26 12:14:02,928  DEBUG     eds_loader.connectors.mongodb  [orders] inserting 1 document(s)
2026-08-26 12:14:02,929  DEBUG     eds_loader.connectors.mongodb  [orders] creating indexes from schema metadata
2026-08-26 12:14:02,929  INFO      eds_loader.connectors.mongodb  [orders] wrote 1 document(s) in 0.00s
2026-08-26 12:14:02,931  INFO      eds_loader.connectors.mongodb  Connected to MongoDB localhost:27017/test_db
2026-08-26 12:14:02,931  DEBUG     eds_loader.connectors.mongodb  [customers] dropping existing collection
2026-08-26 12:14:02,932  DEBUG     eds_loader.connectors.mongodb  [customers] inserting 1 document(s)
2026-08-26 12:14:02,932  INFO      eds_loader.connectors.mongodb  [customers] wrote 1 document(s) in 0.00s
2026-08-26 12:14:02,937  INFO      eds_loader.connectors.mongodb  Connected to MongoDB localhost:27017/test_db
2026-08-26 12:14:02,937  DEBUG     eds_loader.connectors.mongodb  [t] dropping existing collection
2026-08-26 12:14:02,937  ERROR     eds_loader.connectors.mongodb  [t] write failed: network error
2026-08-26 12:14:02,938  INFO      eds_loader.connectors.mongodb  Connected to MongoDB localhost:27017/test_db
2026-08-26 12:14:02,938  DEBUG     eds_loader.connectors.mongodb  [t] dropping existing collection
2026-08-26 12:14:02,939  DEBUG     eds_loader.connectors.mongodb  [t] inserting 1 document(s)
2026-08-26 12:14:02,939  ERROR     eds_loader.connectors.mongodb  [t] write failed: duplicate key
2026-08-26 12:14:02,948  DEBUG     eds_loader.connectors.local_fs  Reading schema.json from C:\Users\Mohit Patel\AppData\Local\Temp\pytest-of-spmohit\pytest-34\test_integration_local_fs_to_m0\source\schema.json
2026-08-26 12:14:02,949  DEBUG     eds_loader.connectors.local_fs  schema.json parsed: 2 dataset(s)
2026-08-26 12:14:02,951  INFO      eds_loader.connectors.local_fs  Read customers: 3 row(s) from C:\Users\Mohit Patel\AppData\Local\Temp\pytest-of-spmohit\pytest-34\test_integration_local_fs_to_m0\source\customers.parquet
2026-08-26 12:14:02,952  INFO      eds_loader.connectors.local_fs  Read orders: 2 row(s) from C:\Users\Mohit Patel\AppData\Local\Temp\pytest-of-spmohit\pytest-34\test_integration_local_fs_to_m0\source\orders.parquet
2026-08-26 12:14:02,952  INFO      eds_loader.loader  Read 2 dataset(s) from source
2026-08-26 12:14:02,952  INFO      eds_loader.connectors.mongodb  Connected to MongoDB localhost:27017/test_db
2026-08-26 12:14:02,952  DEBUG     eds_loader.connectors.mongodb  [customers] dropping existing collection
2026-08-26 12:14:02,953  DEBUG     eds_loader.connectors.mongodb  [customers] inserting 3 document(s)
2026-08-26 12:14:02,953  DEBUG     eds_loader.connectors.mongodb  [customers] creating indexes from schema metadata
2026-08-26 12:14:02,953  INFO      eds_loader.connectors.mongodb  [customers] wrote 3 document(s) in 0.00s
2026-08-26 12:14:02,953  DEBUG     eds_loader.connectors.mongodb  [orders] dropping existing collection
2026-08-26 12:14:02,953  DEBUG     eds_loader.connectors.mongodb  [orders] inserting 2 document(s)
2026-08-26 12:14:02,953  DEBUG     eds_loader.connectors.mongodb  [orders] creating indexes from schema metadata
2026-08-26 12:14:02,954  INFO      eds_loader.connectors.mongodb  [orders] wrote 2 document(s) in 0.00s
2026-08-26 12:14:02,954  INFO      eds_loader.loader  Load complete: 5 row(s) written
2026-08-26 12:14:02,961  DEBUG     eds_loader.connectors.local_fs  Reading schema.json from C:\Users\Mohit Patel\AppData\Local\Temp\pytest-of-spmohit\pytest-34\test_integration_enforce_false0\source2\schema.json
2026-08-26 12:14:02,962  DEBUG     eds_loader.connectors.local_fs  schema.json parsed: 2 dataset(s)
2026-08-26 12:14:02,964  INFO      eds_loader.connectors.local_fs  Read customers: 3 row(s) from C:\Users\Mohit Patel\AppData\Local\Temp\pytest-of-spmohit\pytest-34\test_integration_enforce_false0\source2\customers.parquet
2026-08-26 12:14:02,965  INFO      eds_loader.connectors.local_fs  Read orders: 2 row(s) from C:\Users\Mohit Patel\AppData\Local\Temp\pytest-of-spmohit\pytest-34\test_integration_enforce_false0\source2\orders.parquet
2026-08-26 12:14:02,965  INFO      eds_loader.loader  Read 2 dataset(s) from source
2026-08-26 12:14:02,965  INFO      eds_loader.connectors.mongodb  Connected to MongoDB localhost:27017/test_db
2026-08-26 12:14:02,966  DEBUG     eds_loader.connectors.mongodb  [customers] dropping existing collection
2026-08-26 12:14:02,966  DEBUG     eds_loader.connectors.mongodb  [customers] inserting 3 document(s)
2026-08-26 12:14:02,966  INFO      eds_loader.connectors.mongodb  [customers] wrote 3 document(s) in 0.00s
2026-08-26 12:14:02,966  DEBUG     eds_loader.connectors.mongodb  [orders] dropping existing collection
2026-08-26 12:14:02,966  DEBUG     eds_loader.connectors.mongodb  [orders] inserting 2 document(s)
2026-08-26 12:14:02,967  INFO      eds_loader.connectors.mongodb  [orders] wrote 2 document(s) in 0.00s
2026-08-26 12:14:02,967  INFO      eds_loader.loader  Load complete: 5 row(s) written
2026-08-26 12:14:02,978  INFO      eds_loader.connectors._sql_base  Connected to test_user@localhost:3306/test_db
2026-08-26 12:14:02,978  DEBUG     eds_loader.connectors._sql_base  Ensuring namespace exists: CREATE DATABASE IF NOT EXISTS `test_db`
2026-08-26 12:14:02,978  DEBUG     eds_loader.connectors._sql_base  [t] DROP TABLE IF EXISTS `test_db`.`t`
2026-08-26 12:14:02,978  DEBUG     eds_loader.connectors._sql_base  [t] CREATE TABLE `test_db`.`t` (
    `id` BIGINT
)
2026-08-26 12:14:02,978  DEBUG     eds_loader.connectors._sql_base  [t] inserting 1 row(s)
2026-08-26 12:14:02,979  INFO      eds_loader.connectors._sql_base  [t] wrote 1 row(s) in 0.00s
2026-08-26 12:14:02,980  INFO      eds_loader.connectors._sql_base  Connected to test_user@localhost:3306/test_db
2026-08-26 12:14:02,980  DEBUG     eds_loader.connectors._sql_base  Ensuring namespace exists: CREATE DATABASE IF NOT EXISTS `test_db`
2026-08-26 12:14:02,981  DEBUG     eds_loader.connectors._sql_base  [t] DROP TABLE IF EXISTS `test_db`.`t`
2026-08-26 12:14:02,981  DEBUG     eds_loader.connectors._sql_base  [t] CREATE TABLE `test_db`.`t` (
    `id` BIGINT
)
2026-08-26 12:14:02,981  DEBUG     eds_loader.connectors._sql_base  [t] inserting 1 row(s)
2026-08-26 12:14:02,981  INFO      eds_loader.connectors._sql_base  [t] wrote 1 row(s) in 0.00s
2026-08-26 12:14:02,982  INFO      eds_loader.connectors._sql_base  Connected to test_user@localhost:3306/test_db
2026-08-26 12:14:02,983  DEBUG     eds_loader.connectors._sql_base  Ensuring namespace exists: CREATE DATABASE IF NOT EXISTS `test_db`
2026-08-26 12:14:02,983  DEBUG     eds_loader.connectors._sql_base  [t] DROP TABLE IF EXISTS `test_db`.`t`
2026-08-26 12:14:02,983  ERROR     eds_loader.connectors._sql_base  [t] write failed: DB down
2026-08-26 12:14:02,985  INFO      eds_loader.connectors._sql_base  Connected to test_user@localhost:3306/eds_db
2026-08-26 12:14:02,985  DEBUG     eds_loader.connectors._sql_base  Ensuring namespace exists: CREATE DATABASE IF NOT EXISTS `eds_db`
2026-08-26 12:14:02,985  DEBUG     eds_loader.connectors._sql_base  [customers] DROP TABLE IF EXISTS `eds_db`.`customers`
2026-08-26 12:14:02,985  DEBUG     eds_loader.connectors._sql_base  [customers] CREATE TABLE `eds_db`.`customers` (
    `id` BIGINT
)
2026-08-26 12:14:02,985  DEBUG     eds_loader.connectors._sql_base  [customers] inserting 1 row(s)
2026-08-26 12:14:02,986  INFO      eds_loader.connectors._sql_base  [customers] wrote 1 row(s) in 0.00s
2026-08-26 12:14:02,987  INFO      eds_loader.connectors._sql_base  Connected to test_user@localhost:3306/eds_db
2026-08-26 12:14:02,987  DEBUG     eds_loader.connectors._sql_base  Table write order (FK-sorted): customers, orders
2026-08-26 12:14:02,987  DEBUG     eds_loader.connectors._sql_base  Ensuring namespace exists: CREATE DATABASE IF NOT EXISTS `eds_db`
2026-08-26 12:14:02,988  DEBUG     eds_loader.connectors._sql_base  [customers] DROP TABLE IF EXISTS `eds_db`.`customers`
2026-08-26 12:14:02,988  DEBUG     eds_loader.connectors._sql_base  [customers] CREATE TABLE `eds_db`.`customers` (
    `customer_id` BIGINT PRIMARY KEY,
    `name` TEXT
)
2026-08-26 12:14:02,988  DEBUG     eds_loader.connectors._sql_base  [customers] inserting 2 row(s)
2026-08-26 12:14:02,988  INFO      eds_loader.connectors._sql_base  [customers] wrote 2 row(s) in 0.00s
2026-08-26 12:14:02,988  DEBUG     eds_loader.connectors._sql_base  [orders] DROP TABLE IF EXISTS `eds_db`.`orders`
2026-08-26 12:14:02,988  DEBUG     eds_loader.connectors._sql_base  [orders] CREATE TABLE `eds_db`.`orders` (
    `order_id` BIGINT PRIMARY KEY,
    `customer_id` BIGINT NOT NULL REFERENCES `eds_db`.`customers`(`customer_id`)
)
2026-08-26 12:14:02,988  DEBUG     eds_loader.connectors._sql_base  [orders] inserting 1 row(s)
2026-08-26 12:14:02,988  INFO      eds_loader.connectors._sql_base  [orders] wrote 1 row(s) in 0.00s
2026-08-26 12:14:02,993  INFO      eds_loader.connectors._sql_base  Connected to test_user@localhost:3306/test_db
2026-08-26 12:14:02,993  DEBUG     eds_loader.connectors._sql_base  Ensuring namespace exists: CREATE DATABASE IF NOT EXISTS `test_db`
2026-08-26 12:14:02,993  DEBUG     eds_loader.connectors._sql_base  [t] DROP TABLE IF EXISTS `test_db`.`t`
2026-08-26 12:14:02,993  DEBUG     eds_loader.connectors._sql_base  [t] CREATE TABLE `test_db`.`t` (
    `id` BIGINT
)
2026-08-26 12:14:02,993  DEBUG     eds_loader.connectors._sql_base  [t] inserting 1 row(s)
2026-08-26 12:14:02,994  INFO      eds_loader.connectors._sql_base  [t] wrote 1 row(s) in 0.00s
2026-08-26 12:14:02,996  INFO      eds_loader.connectors._sql_base  Connected to test_user@srv:3306/db
2026-08-26 12:14:02,996  DEBUG     eds_loader.connectors._sql_base  Ensuring namespace exists: CREATE DATABASE IF NOT EXISTS `db`
2026-08-26 12:14:02,996  DEBUG     eds_loader.connectors._sql_base  [tbl] DROP TABLE IF EXISTS `db`.`tbl`
2026-08-26 12:14:02,996  DEBUG     eds_loader.connectors._sql_base  [tbl] CREATE TABLE `db`.`tbl` (
    `id` BIGINT
)
2026-08-26 12:14:02,996  DEBUG     eds_loader.connectors._sql_base  [tbl] inserting 1 row(s)
2026-08-26 12:14:02,997  INFO      eds_loader.connectors._sql_base  [tbl] wrote 1 row(s) in 0.00s
2026-08-26 12:14:02,999  INFO      eds_loader.connectors._sql_base  Connected to test_user@localhost:3306/test_db
2026-08-26 12:14:02,999  DEBUG     eds_loader.connectors._sql_base  Table write order (FK-sorted): customers, orders
2026-08-26 12:14:02,999  DEBUG     eds_loader.connectors._sql_base  Ensuring namespace exists: CREATE DATABASE IF NOT EXISTS `test_db`
2026-08-26 12:14:03,000  DEBUG     eds_loader.connectors._sql_base  [customers] DROP TABLE IF EXISTS `test_db`.`customers`
2026-08-26 12:14:03,000  DEBUG     eds_loader.connectors._sql_base  [customers] CREATE TABLE `test_db`.`customers` (
    `customer_id` BIGINT PRIMARY KEY,
    `name` TEXT
)
2026-08-26 12:14:03,000  DEBUG     eds_loader.connectors._sql_base  [customers] inserting 2 row(s)
2026-08-26 12:14:03,000  INFO      eds_loader.connectors._sql_base  [customers] wrote 2 row(s) in 0.00s
2026-08-26 12:14:03,000  DEBUG     eds_loader.connectors._sql_base  [orders] DROP TABLE IF EXISTS `test_db`.`orders`
2026-08-26 12:14:03,000  DEBUG     eds_loader.connectors._sql_base  [orders] CREATE TABLE `test_db`.`orders` (
    `order_id` BIGINT PRIMARY KEY,
    `customer_id` BIGINT NOT NULL REFERENCES `test_db`.`customers`(`customer_id`)
)
2026-08-26 12:14:03,000  DEBUG     eds_loader.connectors._sql_base  [orders] inserting 1 row(s)
2026-08-26 12:14:03,000  INFO      eds_loader.connectors._sql_base  [orders] wrote 1 row(s) in 0.00s
2026-08-26 12:14:03,017  DEBUG     eds_loader.connectors.local_fs  Reading schema.json from C:\Users\Mohit Patel\AppData\Local\Temp\pytest-of-spmohit\pytest-34\test_integration_local_fs_to_m1\source\schema.json
2026-08-26 12:14:03,034  DEBUG     eds_loader.connectors.local_fs  schema.json parsed: 2 dataset(s)
2026-08-26 12:14:03,036  INFO      eds_loader.connectors.local_fs  Read customers: 2 row(s) from C:\Users\Mohit Patel\AppData\Local\Temp\pytest-of-spmohit\pytest-34\test_integration_local_fs_to_m1\source\customers.parquet
2026-08-26 12:14:03,037  INFO      eds_loader.connectors.local_fs  Read orders: 1 row(s) from C:\Users\Mohit Patel\AppData\Local\Temp\pytest-of-spmohit\pytest-34\test_integration_local_fs_to_m1\source\orders.parquet
2026-08-26 12:14:03,038  INFO      eds_loader.loader  Read 2 dataset(s) from source
2026-08-26 12:14:03,041  INFO      eds_loader.connectors._sql_base  Connected to test_user@localhost:3306/test_db
2026-08-26 12:14:03,041  DEBUG     eds_loader.connectors._sql_base  Table write order (FK-sorted): customers, orders
2026-08-26 12:14:03,041  DEBUG     eds_loader.connectors._sql_base  Ensuring namespace exists: CREATE DATABASE IF NOT EXISTS `test_db`
2026-08-26 12:14:03,041  DEBUG     eds_loader.connectors._sql_base  [customers] DROP TABLE IF EXISTS `test_db`.`customers`
2026-08-26 12:14:03,041  DEBUG     eds_loader.connectors._sql_base  [customers] CREATE TABLE `test_db`.`customers` (
    `customer_id` BIGINT PRIMARY KEY,
    `name` TEXT
)
2026-08-26 12:14:03,041  DEBUG     eds_loader.connectors._sql_base  [customers] inserting 2 row(s)
2026-08-26 12:14:03,042  INFO      eds_loader.connectors._sql_base  [customers] wrote 2 row(s) in 0.00s
2026-08-26 12:14:03,042  DEBUG     eds_loader.connectors._sql_base  [orders] DROP TABLE IF EXISTS `test_db`.`orders`
2026-08-26 12:14:03,042  DEBUG     eds_loader.connectors._sql_base  [orders] CREATE TABLE `test_db`.`orders` (
    `order_id` BIGINT PRIMARY KEY,
    `customer_id` BIGINT NOT NULL REFERENCES `test_db`.`customers`(`customer_id`)
)
2026-08-26 12:14:03,042  DEBUG     eds_loader.connectors._sql_base  [orders] inserting 1 row(s)
2026-08-26 12:14:03,042  INFO      eds_loader.connectors._sql_base  [orders] wrote 1 row(s) in 0.00s
2026-08-26 12:14:03,042  INFO      eds_loader.loader  Load complete: 3 row(s) written
2026-08-26 12:14:03,064  INFO      eds_loader.connectors._sql_base  Connected to test_user@localhost:5432/test_db
2026-08-26 12:14:03,064  DEBUG     eds_loader.connectors._sql_base  Ensuring namespace exists: CREATE SCHEMA IF NOT EXISTS "public"
2026-08-26 12:14:03,064  DEBUG     eds_loader.connectors._sql_base  [customers] DROP TABLE IF EXISTS "public"."customers" CASCADE
2026-08-26 12:14:03,064  DEBUG     eds_loader.connectors._sql_base  [customers] CREATE TABLE "public"."customers" (
    "customer_id" BIGINT,
    "name" TEXT
)
2026-08-26 12:14:03,064  DEBUG     eds_loader.connectors._sql_base  [customers] inserting 3 row(s)
2026-08-26 12:14:03,065  INFO      eds_loader.connectors._sql_base  [customers] wrote 3 row(s) in 0.00s
2026-08-26 12:14:03,065  DEBUG     eds_loader.connectors._sql_base  [orders] DROP TABLE IF EXISTS "public"."orders" CASCADE
2026-08-26 12:14:03,065  DEBUG     eds_loader.connectors._sql_base  [orders] CREATE TABLE "public"."orders" (
    "order_id" BIGINT,
    "customer_id" BIGINT,
    "amount" DOUBLE PRECISION
)
2026-08-26 12:14:03,065  DEBUG     eds_loader.connectors._sql_base  [orders] inserting 2 row(s)
2026-08-26 12:14:03,065  INFO      eds_loader.connectors._sql_base  [orders] wrote 2 row(s) in 0.00s
2026-08-26 12:14:03,066  INFO      eds_loader.connectors._sql_base  Connected to test_user@localhost:5432/test_db
2026-08-26 12:14:03,066  DEBUG     eds_loader.connectors._sql_base  Ensuring namespace exists: CREATE SCHEMA IF NOT EXISTS "public"
2026-08-26 12:14:03,067  DEBUG     eds_loader.connectors._sql_base  [customers] DROP TABLE IF EXISTS "public"."customers" CASCADE
2026-08-26 12:14:03,067  DEBUG     eds_loader.connectors._sql_base  [customers] CREATE TABLE "public"."customers" (
    "id" BIGINT
)
2026-08-26 12:14:03,067  DEBUG     eds_loader.connectors._sql_base  [customers] inserting 1 row(s)
2026-08-26 12:14:03,067  INFO      eds_loader.connectors._sql_base  [customers] wrote 1 row(s) in 0.00s
2026-08-26 12:14:03,068  INFO      eds_loader.connectors._sql_base  Connected to test_user@localhost:5432/test_db
2026-08-26 12:14:03,068  DEBUG     eds_loader.connectors._sql_base  Ensuring namespace exists: CREATE SCHEMA IF NOT EXISTS "public"
2026-08-26 12:14:03,069  DEBUG     eds_loader.connectors._sql_base  [tbl] DROP TABLE IF EXISTS "public"."tbl" CASCADE
2026-08-26 12:14:03,069  DEBUG     eds_loader.connectors._sql_base  [tbl] CREATE TABLE "public"."tbl" (
    "a" BIGINT
)
2026-08-26 12:14:03,069  DEBUG     eds_loader.connectors._sql_base  [tbl] inserting 1 row(s)
2026-08-26 12:14:03,069  INFO      eds_loader.connectors._sql_base  [tbl] wrote 1 row(s) in 0.00s
2026-08-26 12:14:03,070  INFO      eds_loader.connectors._sql_base  Connected to test_user@localhost:5432/test_db
2026-08-26 12:14:03,070  DEBUG     eds_loader.connectors._sql_base  Ensuring namespace exists: CREATE SCHEMA IF NOT EXISTS "public"
2026-08-26 12:14:03,071  DEBUG     eds_loader.connectors._sql_base  [data] DROP TABLE IF EXISTS "public"."data" CASCADE
2026-08-26 12:14:03,071  DEBUG     eds_loader.connectors._sql_base  [data] CREATE TABLE "public"."data" (
    "id" BIGINT,
    "val" TEXT
)
2026-08-26 12:14:03,071  DEBUG     eds_loader.connectors._sql_base  [data] inserting 3 row(s)
2026-08-26 12:14:03,071  INFO      eds_loader.connectors._sql_base  [data] wrote 3 row(s) in 0.00s
2026-08-26 12:14:03,072  INFO      eds_loader.connectors._sql_base  Connected to test_user@localhost:5432/test_db
2026-08-26 12:14:03,072  DEBUG     eds_loader.connectors._sql_base  Ensuring namespace exists: CREATE SCHEMA IF NOT EXISTS "public"
2026-08-26 12:14:03,073  DEBUG     eds_loader.connectors._sql_base  [customers] DROP TABLE IF EXISTS "public"."customers" CASCADE
2026-08-26 12:14:03,073  DEBUG     eds_loader.connectors._sql_base  [customers] CREATE TABLE "public"."customers" (
    "customer_id" BIGINT,
    "name" TEXT
)
2026-08-26 12:14:03,073  DEBUG     eds_loader.connectors._sql_base  [customers] inserting 3 row(s)
2026-08-26 12:14:03,073  INFO      eds_loader.connectors._sql_base  [customers] wrote 3 row(s) in 0.00s
2026-08-26 12:14:03,073  DEBUG     eds_loader.connectors._sql_base  [orders] DROP TABLE IF EXISTS "public"."orders" CASCADE
2026-08-26 12:14:03,073  DEBUG     eds_loader.connectors._sql_base  [orders] CREATE TABLE "public"."orders" (
    "order_id" BIGINT,
    "customer_id" BIGINT,
    "amount" DOUBLE PRECISION
)
2026-08-26 12:14:03,073  DEBUG     eds_loader.connectors._sql_base  [orders] inserting 2 row(s)
2026-08-26 12:14:03,073  INFO      eds_loader.connectors._sql_base  [orders] wrote 2 row(s) in 0.00s
2026-08-26 12:14:03,075  INFO      eds_loader.connectors._sql_base  Connected to test_user@localhost:5432/test_db
2026-08-26 12:14:03,075  DEBUG     eds_loader.connectors._sql_base  Ensuring namespace exists: CREATE SCHEMA IF NOT EXISTS "public"
2026-08-26 12:14:03,075  DEBUG     eds_loader.connectors._sql_base  [customers] DROP TABLE IF EXISTS "public"."customers" CASCADE
2026-08-26 12:14:03,075  DEBUG     eds_loader.connectors._sql_base  [customers] CREATE TABLE "public"."customers" (
    "customer_id" BIGINT,
    "name" TEXT
)
2026-08-26 12:14:03,075  DEBUG     eds_loader.connectors._sql_base  [customers] inserting 3 row(s)
2026-08-26 12:14:03,075  INFO      eds_loader.connectors._sql_base  [customers] wrote 3 row(s) in 0.00s
2026-08-26 12:14:03,075  DEBUG     eds_loader.connectors._sql_base  [orders] DROP TABLE IF EXISTS "public"."orders" CASCADE
2026-08-26 12:14:03,076  DEBUG     eds_loader.connectors._sql_base  [orders] CREATE TABLE "public"."orders" (
    "order_id" BIGINT,
    "customer_id" BIGINT,
    "amount" DOUBLE PRECISION
)
2026-08-26 12:14:03,076  DEBUG     eds_loader.connectors._sql_base  [orders] inserting 2 row(s)
2026-08-26 12:14:03,076  INFO      eds_loader.connectors._sql_base  [orders] wrote 2 row(s) in 0.00s
2026-08-26 12:14:03,077  INFO      eds_loader.connectors._sql_base  Connected to test_user@localhost:5432/test_db
2026-08-26 12:14:03,077  DEBUG     eds_loader.connectors._sql_base  Ensuring namespace exists: CREATE SCHEMA IF NOT EXISTS "public"
2026-08-26 12:14:03,078  DEBUG     eds_loader.connectors._sql_base  [customers] DROP TABLE IF EXISTS "public"."customers" CASCADE
2026-08-26 12:14:03,078  DEBUG     eds_loader.connectors._sql_base  [customers] CREATE TABLE "public"."customers" (
    "customer_id" BIGINT,
    "name" TEXT
)
2026-08-26 12:14:03,078  DEBUG     eds_loader.connectors._sql_base  [customers] inserting 3 row(s)
2026-08-26 12:14:03,078  INFO      eds_loader.connectors._sql_base  [customers] wrote 3 row(s) in 0.00s
2026-08-26 12:14:03,078  DEBUG     eds_loader.connectors._sql_base  [orders] DROP TABLE IF EXISTS "public"."orders" CASCADE
2026-08-26 12:14:03,078  DEBUG     eds_loader.connectors._sql_base  [orders] CREATE TABLE "public"."orders" (
    "order_id" BIGINT,
    "customer_id" BIGINT,
    "amount" DOUBLE PRECISION
)
2026-08-26 12:14:03,078  DEBUG     eds_loader.connectors._sql_base  [orders] inserting 2 row(s)
2026-08-26 12:14:03,078  INFO      eds_loader.connectors._sql_base  [orders] wrote 2 row(s) in 0.00s
2026-08-26 12:14:03,080  INFO      eds_loader.connectors._sql_base  Connected to test_user@dbserver:5433/mydb
2026-08-26 12:14:03,080  DEBUG     eds_loader.connectors._sql_base  Ensuring namespace exists: CREATE SCHEMA IF NOT EXISTS "public"
2026-08-26 12:14:03,080  DEBUG     eds_loader.connectors._sql_base  [tbl] DROP TABLE IF EXISTS "public"."tbl" CASCADE
2026-08-26 12:14:03,081  DEBUG     eds_loader.connectors._sql_base  [tbl] CREATE TABLE "public"."tbl" (
    "id" BIGINT
)
2026-08-26 12:14:03,081  DEBUG     eds_loader.connectors._sql_base  [tbl] inserting 1 row(s)
2026-08-26 12:14:03,081  INFO      eds_loader.connectors._sql_base  [tbl] wrote 1 row(s) in 0.00s
2026-08-26 12:14:03,082  INFO      eds_loader.connectors._sql_base  Connected to test_user@localhost:5432/test_db
2026-08-26 12:14:03,082  DEBUG     eds_loader.connectors._sql_base  Table write order (FK-sorted): customers, orders
2026-08-26 12:14:03,082  DEBUG     eds_loader.connectors._sql_base  Ensuring namespace exists: CREATE SCHEMA IF NOT EXISTS "public"
2026-08-26 12:14:03,083  DEBUG     eds_loader.connectors._sql_base  [customers] DROP TABLE IF EXISTS "public"."customers" CASCADE
2026-08-26 12:14:03,083  DEBUG     eds_loader.connectors._sql_base  [customers] CREATE TABLE "public"."customers" (
    "customer_id" BIGINT PRIMARY KEY,
    "name" TEXT UNIQUE
)
2026-08-26 12:14:03,083  DEBUG     eds_loader.connectors._sql_base  [customers] inserting 3 row(s)
2026-08-26 12:14:03,083  INFO      eds_loader.connectors._sql_base  [customers] wrote 3 row(s) in 0.00s
2026-08-26 12:14:03,083  DEBUG     eds_loader.connectors._sql_base  [orders] DROP TABLE IF EXISTS "public"."orders" CASCADE
2026-08-26 12:14:03,083  DEBUG     eds_loader.connectors._sql_base  [orders] CREATE TABLE "public"."orders" (
    "order_id" BIGINT PRIMARY KEY,
    "customer_id" BIGINT NOT NULL REFERENCES "public"."customers"("customer_id"),
    "amount" DOUBLE PRECISION
)
2026-08-26 12:14:03,083  DEBUG     eds_loader.connectors._sql_base  [orders] inserting 2 row(s)
2026-08-26 12:14:03,083  INFO      eds_loader.connectors._sql_base  [orders] wrote 2 row(s) in 0.00s
2026-08-26 12:14:03,084  INFO      eds_loader.connectors._sql_base  Connected to test_user@localhost:5432/test_db
2026-08-26 12:14:03,084  DEBUG     eds_loader.connectors._sql_base  Table write order (FK-sorted): customers, orders
2026-08-26 12:14:03,085  DEBUG     eds_loader.connectors._sql_base  Ensuring namespace exists: CREATE SCHEMA IF NOT EXISTS "public"
2026-08-26 12:14:03,085  DEBUG     eds_loader.connectors._sql_base  [customers] DROP TABLE IF EXISTS "public"."customers" CASCADE
2026-08-26 12:14:03,085  DEBUG     eds_loader.connectors._sql_base  [customers] CREATE TABLE "public"."customers" (
    "customer_id" BIGINT PRIMARY KEY,
    "name" TEXT UNIQUE
)
2026-08-26 12:14:03,085  DEBUG     eds_loader.connectors._sql_base  [customers] inserting 3 row(s)
2026-08-26 12:14:03,085  INFO      eds_loader.connectors._sql_base  [customers] wrote 3 row(s) in 0.00s
2026-08-26 12:14:03,085  DEBUG     eds_loader.connectors._sql_base  [orders] DROP TABLE IF EXISTS "public"."orders" CASCADE
2026-08-26 12:14:03,085  DEBUG     eds_loader.connectors._sql_base  [orders] CREATE TABLE "public"."orders" (
    "order_id" BIGINT PRIMARY KEY,
    "customer_id" BIGINT NOT NULL REFERENCES "public"."customers"("customer_id"),
    "amount" DOUBLE PRECISION
)
2026-08-26 12:14:03,085  DEBUG     eds_loader.connectors._sql_base  [orders] inserting 2 row(s)
2026-08-26 12:14:03,085  INFO      eds_loader.connectors._sql_base  [orders] wrote 2 row(s) in 0.00s
2026-08-26 12:14:03,087  INFO      eds_loader.connectors._sql_base  Connected to test_user@localhost:5432/test_db
2026-08-26 12:14:03,087  DEBUG     eds_loader.connectors._sql_base  Ensuring namespace exists: CREATE SCHEMA IF NOT EXISTS "public"
2026-08-26 12:14:03,087  DEBUG     eds_loader.connectors._sql_base  [empty] DROP TABLE IF EXISTS "public"."empty" CASCADE
2026-08-26 12:14:03,087  DEBUG     eds_loader.connectors._sql_base  [empty] CREATE TABLE "public"."empty" (
    "id" BIGINT
)
2026-08-26 12:14:03,087  DEBUG     eds_loader.connectors._sql_base  [empty] inserting 0 row(s)
2026-08-26 12:14:03,087  INFO      eds_loader.connectors._sql_base  [empty] wrote 0 row(s) in 0.00s
2026-08-26 12:14:03,089  INFO      eds_loader.connectors._sql_base  Connected to test_user@localhost:5432/test_db
2026-08-26 12:14:03,089  DEBUG     eds_loader.connectors._sql_base  Ensuring namespace exists: CREATE SCHEMA IF NOT EXISTS "public"
2026-08-26 12:14:03,089  DEBUG     eds_loader.connectors._sql_base  [tbl] DROP TABLE IF EXISTS "public"."tbl" CASCADE
2026-08-26 12:14:03,089  DEBUG     eds_loader.connectors._sql_base  [tbl] CREATE TABLE "public"."tbl" (
    "id" BIGINT
)
2026-08-26 12:14:03,089  ERROR     eds_loader.connectors._sql_base  [tbl] write failed: DB error
2026-08-26 12:14:03,091  INFO      eds_loader.connectors._sql_base  Connected to test_user@localhost:5432/test_db
2026-08-26 12:14:03,091  DEBUG     eds_loader.connectors._sql_base  Ensuring namespace exists: CREATE SCHEMA IF NOT EXISTS "public"
2026-08-26 12:14:03,091  DEBUG     eds_loader.connectors._sql_base  [tbl] DROP TABLE IF EXISTS "public"."tbl" CASCADE
2026-08-26 12:14:03,091  DEBUG     eds_loader.connectors._sql_base  [tbl] CREATE TABLE "public"."tbl" (
    "id" BIGINT
)
2026-08-26 12:14:03,091  ERROR     eds_loader.connectors._sql_base  [tbl] write failed: oops
2026-08-26 12:14:03,105  DEBUG     eds_loader.connectors.local_fs  Reading schema.json from C:\Users\Mohit Patel\AppData\Local\Temp\pytest-of-spmohit\pytest-34\test_integration_local_fs_to_p0\source\schema.json
2026-08-26 12:14:03,107  DEBUG     eds_loader.connectors.local_fs  schema.json parsed: 2 dataset(s)
2026-08-26 12:14:03,111  INFO      eds_loader.connectors.local_fs  Read customers: 3 row(s) from C:\Users\Mohit Patel\AppData\Local\Temp\pytest-of-spmohit\pytest-34\test_integration_local_fs_to_p0\source\customers.parquet
2026-08-26 12:14:03,113  INFO      eds_loader.connectors.local_fs  Read orders: 2 row(s) from C:\Users\Mohit Patel\AppData\Local\Temp\pytest-of-spmohit\pytest-34\test_integration_local_fs_to_p0\source\orders.parquet
2026-08-26 12:14:03,113  INFO      eds_loader.loader  Read 2 dataset(s) from source
2026-08-26 12:14:03,113  INFO      eds_loader.connectors._sql_base  Connected to test_user@localhost:5432/test_db
2026-08-26 12:14:03,113  DEBUG     eds_loader.connectors._sql_base  Table write order (FK-sorted): customers, orders
2026-08-26 12:14:03,113  DEBUG     eds_loader.connectors._sql_base  Ensuring namespace exists: CREATE SCHEMA IF NOT EXISTS "public"
2026-08-26 12:14:03,113  DEBUG     eds_loader.connectors._sql_base  [customers] DROP TABLE IF EXISTS "public"."customers" CASCADE
2026-08-26 12:14:03,116  DEBUG     eds_loader.connectors._sql_base  [customers] CREATE TABLE "public"."customers" (
    "customer_id" BIGINT PRIMARY KEY,
    "name" TEXT UNIQUE
)
2026-08-26 12:14:03,116  DEBUG     eds_loader.connectors._sql_base  [customers] inserting 3 row(s)
2026-08-26 12:14:03,117  INFO      eds_loader.connectors._sql_base  [customers] wrote 3 row(s) in 0.00s
2026-08-26 12:14:03,117  DEBUG     eds_loader.connectors._sql_base  [orders] DROP TABLE IF EXISTS "public"."orders" CASCADE
2026-08-26 12:14:03,117  DEBUG     eds_loader.connectors._sql_base  [orders] CREATE TABLE "public"."orders" (
    "order_id" BIGINT PRIMARY KEY,
    "customer_id" BIGINT NOT NULL REFERENCES "public"."customers"("customer_id"),
    "amount" DOUBLE PRECISION
)
2026-08-26 12:14:03,117  DEBUG     eds_loader.connectors._sql_base  [orders] inserting 2 row(s)
2026-08-26 12:14:03,117  INFO      eds_loader.connectors._sql_base  [orders] wrote 2 row(s) in 0.00s
2026-08-26 12:14:03,117  INFO      eds_loader.loader  Load complete: 5 row(s) written
2026-08-26 12:14:03,126  DEBUG     eds_loader.connectors.local_fs  Reading schema.json from C:\Users\Mohit Patel\AppData\Local\Temp\pytest-of-spmohit\pytest-34\test_integration_enforce_false1\source2\schema.json
2026-08-26 12:14:03,127  DEBUG     eds_loader.connectors.local_fs  schema.json parsed: 2 dataset(s)
2026-08-26 12:14:03,130  INFO      eds_loader.connectors.local_fs  Read customers: 3 row(s) from C:\Users\Mohit Patel\AppData\Local\Temp\pytest-of-spmohit\pytest-34\test_integration_enforce_false1\source2\customers.parquet
2026-08-26 12:14:03,132  INFO      eds_loader.connectors.local_fs  Read orders: 2 row(s) from C:\Users\Mohit Patel\AppData\Local\Temp\pytest-of-spmohit\pytest-34\test_integration_enforce_false1\source2\orders.parquet
2026-08-26 12:14:03,132  INFO      eds_loader.loader  Read 2 dataset(s) from source
2026-08-26 12:14:03,132  INFO      eds_loader.connectors._sql_base  Connected to test_user@localhost:5432/test_db
2026-08-26 12:14:03,132  DEBUG     eds_loader.connectors._sql_base  Ensuring namespace exists: CREATE SCHEMA IF NOT EXISTS "public"
2026-08-26 12:14:03,132  DEBUG     eds_loader.connectors._sql_base  [customers] DROP TABLE IF EXISTS "public"."customers" CASCADE
2026-08-26 12:14:03,133  DEBUG     eds_loader.connectors._sql_base  [customers] CREATE TABLE "public"."customers" (
    "customer_id" BIGINT,
    "name" TEXT
)
2026-08-26 12:14:03,133  DEBUG     eds_loader.connectors._sql_base  [customers] inserting 3 row(s)
2026-08-26 12:14:03,133  INFO      eds_loader.connectors._sql_base  [customers] wrote 3 row(s) in 0.00s
2026-08-26 12:14:03,133  DEBUG     eds_loader.connectors._sql_base  [orders] DROP TABLE IF EXISTS "public"."orders" CASCADE
2026-08-26 12:14:03,133  DEBUG     eds_loader.connectors._sql_base  [orders] CREATE TABLE "public"."orders" (
    "order_id" BIGINT,
    "customer_id" BIGINT,
    "amount" DOUBLE PRECISION
)
2026-08-26 12:14:03,133  DEBUG     eds_loader.connectors._sql_base  [orders] inserting 2 row(s)
2026-08-26 12:14:03,133  INFO      eds_loader.connectors._sql_base  [orders] wrote 2 row(s) in 0.00s
2026-08-26 12:14:03,133  INFO      eds_loader.loader  Load complete: 5 row(s) written
2026-08-26 12:14:03,145  INFO      eds_loader.connectors.remote_fs  Connected to SFTP testuser@test.example.com:22
2026-08-26 12:14:03,147  INFO      eds_loader.connectors.remote_fs  Connected to SFTP testuser@test.example.com:22
2026-08-26 12:14:03,166  INFO      eds_loader.connectors.remote_fs  Connected to SFTP testuser@test.example.com:22
2026-08-26 12:14:03,177  DEBUG     eds_loader.connectors.remote_fs  Listing remote directory: /data/eds
2026-08-26 12:14:03,177  DEBUG     eds_loader.connectors.remote_fs  Found 2 .parquet file(s) in /data/eds
2026-08-26 12:14:03,179  INFO      eds_loader.connectors.remote_fs  Downloaded customers: 2 row(s) from /data/eds/customers.parquet
2026-08-26 12:14:03,180  INFO      eds_loader.connectors.remote_fs  Downloaded orders: 1 row(s) from /data/eds/orders.parquet
2026-08-26 12:14:03,182  DEBUG     eds_loader.connectors.remote_fs  Listing remote directory: /data/eds
2026-08-26 12:14:03,182  DEBUG     eds_loader.connectors.remote_fs  Found 1 .parquet file(s) in /data/eds
2026-08-26 12:14:03,182  INFO      eds_loader.connectors.remote_fs  Downloaded data: 1 row(s) from /data/eds/data.parquet
2026-08-26 12:14:03,184  DEBUG     eds_loader.connectors.remote_fs  Listing remote directory: /data/eds
2026-08-26 12:14:03,186  INFO      eds_loader.connectors.remote_fs  Downloaded customers: 2 row(s) from /data/eds/customers.parquet
2026-08-26 12:14:03,188  INFO      eds_loader.connectors.remote_fs  Downloaded my_table: 3 row(s) from /data/eds/my_table.parquet
2026-08-26 12:14:03,221  DEBUG     eds_loader.connectors.remote_fs  Listing remote directory: /data/eds
2026-08-26 12:14:03,222  DEBUG     eds_loader.connectors.remote_fs  Found 0 .parquet file(s) in /data/eds
2026-08-26 12:14:03,230  INFO      eds_loader.connectors.remote_fs  Downloaded customers: 2 row(s) from /data/eds/customers.parquet
2026-08-26 12:14:03,231  INFO      eds_loader.connectors.remote_fs  Downloaded orders: 1 row(s) from /data/eds/orders.parquet
2026-08-26 12:14:03,231  INFO      eds_loader.loader  Read 2 dataset(s) from source
2026-08-26 12:14:03,233  INFO      eds_loader.connectors.local_fs  Wrote customers: 2 row(s) to C:\Users\Mohit Patel\AppData\Local\Temp\pytest-of-spmohit\pytest-34\test_integration_remote_fs_sou0\remote_to_local_target\customers.parquet
2026-08-26 12:14:03,235  INFO      eds_loader.connectors.local_fs  Wrote orders: 1 row(s) to C:\Users\Mohit Patel\AppData\Local\Temp\pytest-of-spmohit\pytest-34\test_integration_remote_fs_sou0\remote_to_local_target\orders.parquet
2026-08-26 12:14:03,235  DEBUG     eds_loader.connectors.local_fs  Merging schema.json at target
2026-08-26 12:14:03,236  INFO      eds_loader.loader  Load complete: 3 row(s) written
2026-08-26 12:14:03,240  INFO      eds_loader.connectors.remote_fs  Downloaded customers: 2 row(s) from /data/eds/customers.parquet
2026-08-26 12:14:03,240  INFO      eds_loader.loader  Read 1 dataset(s) from source
2026-08-26 12:14:03,242  INFO      eds_loader.connectors.local_fs  Wrote customers: 2 row(s) to C:\Users\Mohit Patel\AppData\Local\Temp\pytest-of-spmohit\pytest-34\test_integration_table_subset_1\subset_target\customers.parquet
2026-08-26 12:14:03,242  DEBUG     eds_loader.connectors.local_fs  Merging schema.json at target
2026-08-26 12:14:03,243  INFO      eds_loader.loader  Load complete: 2 row(s) written
2026-08-26 12:14:03,274  INFO      eds_loader.loader  Read 2 dataset(s) from source
2026-08-26 12:14:03,276  INFO      eds_loader.connectors.local_fs  Wrote customers: 2 row(s) to C:\Users\Mohit Patel\AppData\Local\Temp\pytest-of-spmohit\pytest-34\test_integration_s3_source_via0\target\customers.parquet
2026-08-26 12:14:03,277  INFO      eds_loader.connectors.local_fs  Wrote orders: 1 row(s) to C:\Users\Mohit Patel\AppData\Local\Temp\pytest-of-spmohit\pytest-34\test_integration_s3_source_via0\target\orders.parquet
2026-08-26 12:14:03,277  DEBUG     eds_loader.connectors.local_fs  Merging schema.json at target
2026-08-26 12:14:03,278  INFO      eds_loader.loader  Load complete: 3 row(s) written
2026-08-26 12:14:03,315  INFO      eds_loader.connectors._sql_base  Connected to testuser@testhost:9999/testdb
2026-08-26 12:14:03,315  DEBUG     eds_loader.connectors._sql_base  Ensuring namespace exists: CREATE DATABASE IF NOT EXISTS [testdb]
2026-08-26 12:14:03,316  DEBUG     eds_loader.connectors._sql_base  [t] DROP TABLE IF EXISTS [testdb].[t]
2026-08-26 12:14:03,316  DEBUG     eds_loader.connectors._sql_base  [t] CREATE TABLE [testdb].[t] (
    [id] INT
)
2026-08-26 12:14:03,316  DEBUG     eds_loader.connectors._sql_base  [t] inserting 1 row(s)
2026-08-26 12:14:03,317  INFO      eds_loader.connectors._sql_base  [t] wrote 1 row(s) in 0.00s
2026-08-26 12:14:03,318  INFO      eds_loader.connectors._sql_base  Connected to testuser@testhost:9999/testdb
2026-08-26 12:14:03,318  DEBUG     eds_loader.connectors._sql_base  [t] DROP TABLE IF EXISTS [testdb].[t]
2026-08-26 12:14:03,319  DEBUG     eds_loader.connectors._sql_base  [t] CREATE TABLE [testdb].[t] (
    [id] INT
)
2026-08-26 12:14:03,319  DEBUG     eds_loader.connectors._sql_base  [t] inserting 1 row(s)
2026-08-26 12:14:03,319  INFO      eds_loader.connectors._sql_base  [t] wrote 1 row(s) in 0.00s
2026-08-26 12:14:03,320  INFO      eds_loader.connectors._sql_base  Connected to testuser@testhost:9999/testdb
2026-08-26 12:14:03,321  DEBUG     eds_loader.connectors._sql_base  [t] DROP TABLE IF EXISTS [testdb].[t]
2026-08-26 12:14:03,321  ERROR     eds_loader.connectors._sql_base  [t] write failed: DB down
2026-08-26 12:14:03,322  INFO      eds_loader.connectors._sql_base  Connected to testuser@testhost:9999/testdb
2026-08-26 12:14:03,323  DEBUG     eds_loader.connectors._sql_base  [a] DROP TABLE IF EXISTS [testdb].[a]
2026-08-26 12:14:03,323  DEBUG     eds_loader.connectors._sql_base  [a] CREATE TABLE [testdb].[a] (
    [id] INT
)
2026-08-26 12:14:03,323  DEBUG     eds_loader.connectors._sql_base  [a] inserting 1 row(s)
2026-08-26 12:14:03,323  INFO      eds_loader.connectors._sql_base  [a] wrote 1 row(s) in 0.00s
2026-08-26 12:14:03,323  DEBUG     eds_loader.connectors._sql_base  [b] DROP TABLE IF EXISTS [testdb].[b]
2026-08-26 12:14:03,324  DEBUG     eds_loader.connectors._sql_base  [b] CREATE TABLE [testdb].[b] (
    [id] INT
)
2026-08-26 12:14:03,324  DEBUG     eds_loader.connectors._sql_base  [b] inserting 1 row(s)
2026-08-26 12:14:03,324  INFO      eds_loader.connectors._sql_base  [b] wrote 1 row(s) in 0.00s
2026-08-26 12:14:03,325  INFO      eds_loader.connectors._sql_base  Connected to testuser@testhost:9999/testdb
2026-08-26 12:14:03,326  DEBUG     eds_loader.connectors._sql_base  [z] DROP TABLE IF EXISTS [testdb].[z]
2026-08-26 12:14:03,326  DEBUG     eds_loader.connectors._sql_base  [z] CREATE TABLE [testdb].[z] (
    [id] INT
)
2026-08-26 12:14:03,326  DEBUG     eds_loader.connectors._sql_base  [z] inserting 1 row(s)
2026-08-26 12:14:03,327  INFO      eds_loader.connectors._sql_base  [z] wrote 1 row(s) in 0.00s
2026-08-26 12:14:03,329  DEBUG     eds_loader.connectors._sql_base  [a] DROP TABLE IF EXISTS [testdb].[a]
2026-08-26 12:14:03,329  DEBUG     eds_loader.connectors._sql_base  [a] CREATE TABLE [testdb].[a] (
    [id] INT
)
2026-08-26 12:14:03,329  DEBUG     eds_loader.connectors._sql_base  [a] inserting 1 row(s)
2026-08-26 12:14:03,329  INFO      eds_loader.connectors._sql_base  [a] wrote 1 row(s) in 0.00s
2026-08-26 12:14:03,331  INFO      eds_loader.connectors._sql_base  Connected to testuser@testhost:9999/testdb
2026-08-26 12:14:03,332  DEBUG     eds_loader.connectors._sql_base  [tbl] DROP TABLE IF EXISTS [testdb].[tbl]
2026-08-26 12:14:03,332  DEBUG     eds_loader.connectors._sql_base  [tbl] CREATE TABLE [testdb].[tbl] (
    [id] INT
)
2026-08-26 12:14:03,332  DEBUG     eds_loader.connectors._sql_base  [tbl] inserting 1 row(s)
2026-08-26 12:14:03,333  INFO      eds_loader.connectors._sql_base  [tbl] wrote 1 row(s) in 0.00s
2026-08-26 12:14:03,334  INFO      eds_loader.connectors._sql_base  Connected to testuser@testhost:9999/testdb
2026-08-26 12:14:03,334  DEBUG     eds_loader.connectors._sql_base  [t] DROP TABLE IF EXISTS [testdb].[t]
2026-08-26 12:14:03,335  DEBUG     eds_loader.connectors._sql_base  [t] CREATE TABLE [testdb].[t] (
    [id] INT
)
2026-08-26 12:14:03,335  DEBUG     eds_loader.connectors._sql_base  [t] inserting 3 row(s)
2026-08-26 12:14:03,335  INFO      eds_loader.connectors._sql_base  [t] wrote 3 row(s) in 0.00s
2026-08-26 12:14:03,336  INFO      eds_loader.connectors._sql_base  Connected to testuser@testhost:9999/testdb
2026-08-26 12:14:03,337  DEBUG     eds_loader.connectors._sql_base  [t] DROP TABLE IF EXISTS [testdb].[t]
2026-08-26 12:14:03,337  DEBUG     eds_loader.connectors._sql_base  [t] CREATE TABLE [testdb].[t] (
    [id] INT
)
2026-08-26 12:14:03,337  ERROR     eds_loader.connectors._sql_base  [t] write failed: syntax error
2026-08-26 12:14:03,339  INFO      eds_loader.connectors._sql_base  Connected to testuser@testhost:9999/testdb
2026-08-26 12:14:03,339  DEBUG     eds_loader.connectors._sql_base  [t] DROP TABLE IF EXISTS [testdb].[t]
2026-08-26 12:14:03,340  DEBUG     eds_loader.connectors._sql_base  [t] CREATE TABLE [testdb].[t] (
    [id] INT
)
2026-08-26 12:14:03,340  ERROR     eds_loader.connectors._sql_base  [t] write failed: oops
2026-08-26 12:58:30,684  INFO      eds_loader.cli.main  eds-loader run invoked (config=C:\Users\Mohit Patel\AppData\Local\Temp\pytest-of-spmohit\pytest-35\test_run_exits_zero_on_success0\loader.yaml, dry_run=False)
2026-08-26 12:58:30,705  INFO      eds_loader.cli.main  Config loaded: source=local_fs target=local_fs tables=(all) enforce_constraints=True schema_required=True
2026-08-26 12:58:30,705  DEBUG     eds_loader.connectors.local_fs  Reading schema.json from C:\Users\Mohit Patel\AppData\Local\Temp\pytest-of-spmohit\pytest-35\test_run_exits_zero_on_success0\source\schema.json
2026-08-26 12:58:30,706  DEBUG     eds_loader.connectors.local_fs  schema.json parsed: 2 dataset(s)
2026-08-26 12:58:30,723  INFO      eds_loader.connectors.local_fs  Read customers: 3 row(s) from C:\Users\Mohit Patel\AppData\Local\Temp\pytest-of-spmohit\pytest-35\test_run_exits_zero_on_success0\source\customers.parquet
2026-08-26 12:58:30,726  INFO      eds_loader.connectors.local_fs  Read orders: 2 row(s) from C:\Users\Mohit Patel\AppData\Local\Temp\pytest-of-spmohit\pytest-35\test_run_exits_zero_on_success0\source\orders.parquet
2026-08-26 12:58:30,726  INFO      eds_loader.loader  Read 2 dataset(s) from source
2026-08-26 12:58:30,727  INFO      eds_loader.connectors.local_fs  Wrote customers: 3 row(s) to C:\Users\Mohit Patel\AppData\Local\Temp\pytest-of-spmohit\pytest-35\test_run_exits_zero_on_success0\target\customers.parquet
2026-08-26 12:58:30,728  INFO      eds_loader.connectors.local_fs  Wrote orders: 2 row(s) to C:\Users\Mohit Patel\AppData\Local\Temp\pytest-of-spmohit\pytest-35\test_run_exits_zero_on_success0\target\orders.parquet
2026-08-26 12:58:30,729  DEBUG     eds_loader.connectors.local_fs  Merging schema.json at target
2026-08-26 12:58:30,729  INFO      eds_loader.loader  Load complete: 5 row(s) written
2026-08-26 12:58:30,729  INFO      eds_loader.cli.main  Run complete: 5 row(s) across 2 table(s) in 0.0s
2026-08-26 12:58:30,740  INFO      eds_loader.cli.main  eds-loader run invoked (config=C:\Users\Mohit Patel\AppData\Local\Temp\pytest-of-spmohit\pytest-35\test_run_prints_table_with_row0\loader.yaml, dry_run=False)
2026-08-26 12:58:30,759  INFO      eds_loader.cli.main  Config loaded: source=local_fs target=local_fs tables=(all) enforce_constraints=True schema_required=True
2026-08-26 12:58:30,760  DEBUG     eds_loader.connectors.local_fs  Reading schema.json from C:\Users\Mohit Patel\AppData\Local\Temp\pytest-of-spmohit\pytest-35\test_run_prints_table_with_row0\source\schema.json
2026-08-26 12:58:30,761  DEBUG     eds_loader.connectors.local_fs  schema.json parsed: 2 dataset(s)
2026-08-26 12:58:30,762  INFO      eds_loader.connectors.local_fs  Read customers: 3 row(s) from C:\Users\Mohit Patel\AppData\Local\Temp\pytest-of-spmohit\pytest-35\test_run_prints_table_with_row0\source\customers.parquet
2026-08-26 12:58:30,765  INFO      eds_loader.connectors.local_fs  Read orders: 2 row(s) from C:\Users\Mohit Patel\AppData\Local\Temp\pytest-of-spmohit\pytest-35\test_run_prints_table_with_row0\source\orders.parquet
2026-08-26 12:58:30,765  INFO      eds_loader.loader  Read 2 dataset(s) from source
2026-08-26 12:58:30,768  INFO      eds_loader.connectors.local_fs  Wrote customers: 3 row(s) to C:\Users\Mohit Patel\AppData\Local\Temp\pytest-of-spmohit\pytest-35\test_run_prints_table_with_row0\target\customers.parquet
2026-08-26 12:58:30,769  INFO      eds_loader.connectors.local_fs  Wrote orders: 2 row(s) to C:\Users\Mohit Patel\AppData\Local\Temp\pytest-of-spmohit\pytest-35\test_run_prints_table_with_row0\target\orders.parquet
2026-08-26 12:58:30,769  DEBUG     eds_loader.connectors.local_fs  Merging schema.json at target
2026-08-26 12:58:30,769  INFO      eds_loader.loader  Load complete: 5 row(s) written
2026-08-26 12:58:30,769  INFO      eds_loader.cli.main  Run complete: 5 row(s) across 2 table(s) in 0.0s
2026-08-26 12:58:30,781  INFO      eds_loader.cli.main  eds-loader run invoked (config=C:\Users\Mohit Patel\AppData\Local\Temp\pytest-of-spmohit\pytest-35\test_run_prints_timing_in_seco0\loader.yaml, dry_run=False)
2026-08-26 12:58:30,801  INFO      eds_loader.cli.main  Config loaded: source=local_fs target=local_fs tables=(all) enforce_constraints=True schema_required=True
2026-08-26 12:58:30,801  DEBUG     eds_loader.connectors.local_fs  Reading schema.json from C:\Users\Mohit Patel\AppData\Local\Temp\pytest-of-spmohit\pytest-35\test_run_prints_timing_in_seco0\source\schema.json
2026-08-26 12:58:30,802  DEBUG     eds_loader.connectors.local_fs  schema.json parsed: 2 dataset(s)
2026-08-26 12:58:30,805  INFO      eds_loader.connectors.local_fs  Read customers: 3 row(s) from C:\Users\Mohit Patel\AppData\Local\Temp\pytest-of-spmohit\pytest-35\test_run_prints_timing_in_seco0\source\customers.parquet
2026-08-26 12:58:30,806  INFO      eds_loader.connectors.local_fs  Read orders: 2 row(s) from C:\Users\Mohit Patel\AppData\Local\Temp\pytest-of-spmohit\pytest-35\test_run_prints_timing_in_seco0\source\orders.parquet
2026-08-26 12:58:30,806  INFO      eds_loader.loader  Read 2 dataset(s) from source
2026-08-26 12:58:30,807  INFO      eds_loader.connectors.local_fs  Wrote customers: 3 row(s) to C:\Users\Mohit Patel\AppData\Local\Temp\pytest-of-spmohit\pytest-35\test_run_prints_timing_in_seco0\target\customers.parquet
2026-08-26 12:58:30,809  INFO      eds_loader.connectors.local_fs  Wrote orders: 2 row(s) to C:\Users\Mohit Patel\AppData\Local\Temp\pytest-of-spmohit\pytest-35\test_run_prints_timing_in_seco0\target\orders.parquet
2026-08-26 12:58:30,809  DEBUG     eds_loader.connectors.local_fs  Merging schema.json at target
2026-08-26 12:58:30,809  INFO      eds_loader.loader  Load complete: 5 row(s) written
2026-08-26 12:58:30,810  INFO      eds_loader.cli.main  Run complete: 5 row(s) across 2 table(s) in 0.0s
2026-08-26 12:58:30,821  INFO      eds_loader.cli.main  eds-loader run invoked (config=C:\Users\Mohit Patel\AppData\Local\Temp\pytest-of-spmohit\pytest-35\test_run_table_has_location_co0\loader.yaml, dry_run=False)
2026-08-26 12:58:30,841  INFO      eds_loader.cli.main  Config loaded: source=local_fs target=local_fs tables=(all) enforce_constraints=True schema_required=True
2026-08-26 12:58:30,841  DEBUG     eds_loader.connectors.local_fs  Reading schema.json from C:\Users\Mohit Patel\AppData\Local\Temp\pytest-of-spmohit\pytest-35\test_run_table_has_location_co0\source\schema.json
2026-08-26 12:58:30,842  DEBUG     eds_loader.connectors.local_fs  schema.json parsed: 2 dataset(s)
2026-08-26 12:58:30,843  INFO      eds_loader.connectors.local_fs  Read customers: 3 row(s) from C:\Users\Mohit Patel\AppData\Local\Temp\pytest-of-spmohit\pytest-35\test_run_table_has_location_co0\source\customers.parquet
2026-08-26 12:58:30,845  INFO      eds_loader.connectors.local_fs  Read orders: 2 row(s) from C:\Users\Mohit Patel\AppData\Local\Temp\pytest-of-spmohit\pytest-35\test_run_table_has_location_co0\source\orders.parquet
2026-08-26 12:58:30,846  INFO      eds_loader.loader  Read 2 dataset(s) from source
2026-08-26 12:58:30,848  INFO      eds_loader.connectors.local_fs  Wrote customers: 3 row(s) to C:\Users\Mohit Patel\AppData\Local\Temp\pytest-of-spmohit\pytest-35\test_run_table_has_location_co0\target\customers.parquet
2026-08-26 12:58:30,849  INFO      eds_loader.connectors.local_fs  Wrote orders: 2 row(s) to C:\Users\Mohit Patel\AppData\Local\Temp\pytest-of-spmohit\pytest-35\test_run_table_has_location_co0\target\orders.parquet
2026-08-26 12:58:30,849  DEBUG     eds_loader.connectors.local_fs  Merging schema.json at target
2026-08-26 12:58:30,851  INFO      eds_loader.loader  Load complete: 5 row(s) written
2026-08-26 12:58:30,851  INFO      eds_loader.cli.main  Run complete: 5 row(s) across 2 table(s) in 0.0s
2026-08-26 12:58:30,859  INFO      eds_loader.cli.main  eds-loader run invoked (config=C:\Users\Mohit Patel\AppData\Local\Temp\pytest-of-spmohit\pytest-35\test_run_missing_config_exits_0\nope.yaml, dry_run=False)
2026-08-26 12:58:30,859  ERROR     eds_loader.cli.main  Config parse failed: Config file not found: C:\Users\Mohit Patel\AppData\Local\Temp\pytest-of-spmohit\pytest-35\test_run_missing_config_exits_0\nope.yaml
2026-08-26 12:58:30,868  INFO      eds_loader.cli.main  eds-loader run invoked (config=C:\Users\Mohit Patel\AppData\Local\Temp\pytest-of-spmohit\pytest-35\test_run_invalid_yaml_exits_20\loader.yaml, dry_run=False)
2026-08-26 12:58:30,869  ERROR     eds_loader.cli.main  Config parse failed: Config file C:\Users\Mohit Patel\AppData\Local\Temp\pytest-of-spmohit\pytest-35\test_run_invalid_yaml_exits_20\loader.yaml is not valid YAML: while parsing a flow sequence
  in "<unicode string>", line 1, column 9:
    source: [unclosed
            ^
expected ',' or ']', but got '<stream end>'
  in "<unicode string>", line 1, column 18:
    source: [unclosed
                     ^
2026-08-26 12:58:30,877  INFO      eds_loader.cli.main  eds-loader run invoked (config=C:\Users\Mohit Patel\AppData\Local\Temp\pytest-of-spmohit\pytest-35\test_run_unknown_connector_kin0\loader.yaml, dry_run=False)
2026-08-26 12:58:30,878  INFO      eds_loader.cli.main  Config loaded: source=nosuchdb target=local_fs tables=(all) enforce_constraints=True schema_required=True
2026-08-26 12:58:30,879  ERROR     eds_loader.cli.main  Configuration error: Unknown connector kind 'nosuchdb'.
Known connectors: azure_blob, bigquery, elasticsearch, gcs, local_fs, mongodb, mssql, mysql, oracle, postgres, remote_fs, s3.
Run `eds-loader connectors` to see install status.
2026-08-26 12:58:30,889  INFO      eds_loader.cli.main  eds-loader run invoked (config=C:\Users\Mohit Patel\AppData\Local\Temp\pytest-of-spmohit\pytest-35\test_run_load_error_exits_30\loader.yaml, dry_run=False)
2026-08-26 12:58:30,910  INFO      eds_loader.cli.main  Config loaded: source=local_fs target=local_fs tables=(all) enforce_constraints=True schema_required=True
2026-08-26 12:58:30,910  ERROR     eds_loader.cli.main  Load failed after 0.0s: disk full
2026-08-26 12:58:30,922  INFO      eds_loader.cli.main  eds-loader run invoked (config=C:\Users\Mohit Patel\AppData\Local\Temp\pytest-of-spmohit\pytest-35\test_dry_run_exits_zero0\loader.yaml, dry_run=True)
2026-08-26 12:58:30,942  INFO      eds_loader.cli.main  Config loaded: source=local_fs target=local_fs tables=(all) enforce_constraints=True schema_required=True
2026-08-26 12:58:30,942  DEBUG     eds_loader.connectors.local_fs  Reading schema.json from C:\Users\Mohit Patel\AppData\Local\Temp\pytest-of-spmohit\pytest-35\test_dry_run_exits_zero0\source\schema.json
2026-08-26 12:58:30,944  DEBUG     eds_loader.connectors.local_fs  schema.json parsed: 2 dataset(s)
2026-08-26 12:58:30,945  INFO      eds_loader.cli.main  Dry-run: reading ['customers', 'orders'] dataset(s) from source
2026-08-26 12:58:30,946  INFO      eds_loader.connectors.local_fs  Read customers: 3 row(s) from C:\Users\Mohit Patel\AppData\Local\Temp\pytest-of-spmohit\pytest-35\test_dry_run_exits_zero0\source\customers.parquet
2026-08-26 12:58:30,948  INFO      eds_loader.connectors.local_fs  Read orders: 2 row(s) from C:\Users\Mohit Patel\AppData\Local\Temp\pytest-of-spmohit\pytest-35\test_dry_run_exits_zero0\source\orders.parquet
2026-08-26 12:58:30,949  INFO      eds_loader.cli.main  Dry-run complete: 5 row(s) across 2 dataset(s)
2026-08-26 12:58:30,962  INFO      eds_loader.cli.main  eds-loader run invoked (config=C:\Users\Mohit Patel\AppData\Local\Temp\pytest-of-spmohit\pytest-35\test_dry_run_shows_dataset_nam0\loader.yaml, dry_run=True)
2026-08-26 12:58:30,977  INFO      eds_loader.cli.main  Config loaded: source=local_fs target=local_fs tables=(all) enforce_constraints=True schema_required=True
2026-08-26 12:58:30,977  DEBUG     eds_loader.connectors.local_fs  Reading schema.json from C:\Users\Mohit Patel\AppData\Local\Temp\pytest-of-spmohit\pytest-35\test_dry_run_shows_dataset_nam0\source\schema.json
2026-08-26 12:58:30,978  DEBUG     eds_loader.connectors.local_fs  schema.json parsed: 2 dataset(s)
2026-08-26 12:58:30,978  INFO      eds_loader.cli.main  Dry-run: reading ['customers', 'orders'] dataset(s) from source
2026-08-26 12:58:30,980  INFO      eds_loader.connectors.local_fs  Read customers: 3 row(s) from C:\Users\Mohit Patel\AppData\Local\Temp\pytest-of-spmohit\pytest-35\test_dry_run_shows_dataset_nam0\source\customers.parquet
2026-08-26 12:58:30,983  INFO      eds_loader.connectors.local_fs  Read orders: 2 row(s) from C:\Users\Mohit Patel\AppData\Local\Temp\pytest-of-spmohit\pytest-35\test_dry_run_shows_dataset_nam0\source\orders.parquet
2026-08-26 12:58:30,984  INFO      eds_loader.cli.main  Dry-run complete: 5 row(s) across 2 dataset(s)
2026-08-26 12:58:30,995  INFO      eds_loader.cli.main  eds-loader run invoked (config=C:\Users\Mohit Patel\AppData\Local\Temp\pytest-of-spmohit\pytest-35\test_dry_run_shows_total_rows0\loader.yaml, dry_run=True)
2026-08-26 12:58:31,014  INFO      eds_loader.cli.main  Config loaded: source=local_fs target=local_fs tables=(all) enforce_constraints=True schema_required=True
2026-08-26 12:58:31,014  DEBUG     eds_loader.connectors.local_fs  Reading schema.json from C:\Users\Mohit Patel\AppData\Local\Temp\pytest-of-spmohit\pytest-35\test_dry_run_shows_total_rows0\source\schema.json
2026-08-26 12:58:31,015  DEBUG     eds_loader.connectors.local_fs  schema.json parsed: 2 dataset(s)
2026-08-26 12:58:31,016  INFO      eds_loader.cli.main  Dry-run: reading ['customers', 'orders'] dataset(s) from source
2026-08-26 12:58:31,018  INFO      eds_loader.connectors.local_fs  Read customers: 3 row(s) from C:\Users\Mohit Patel\AppData\Local\Temp\pytest-of-spmohit\pytest-35\test_dry_run_shows_total_rows0\source\customers.parquet
2026-08-26 12:58:31,020  INFO      eds_loader.connectors.local_fs  Read orders: 2 row(s) from C:\Users\Mohit Patel\AppData\Local\Temp\pytest-of-spmohit\pytest-35\test_dry_run_shows_total_rows0\source\orders.parquet
2026-08-26 12:58:31,020  INFO      eds_loader.cli.main  Dry-run complete: 5 row(s) across 2 dataset(s)
2026-08-26 12:58:31,033  INFO      eds_loader.cli.main  eds-loader run invoked (config=C:\Users\Mohit Patel\AppData\Local\Temp\pytest-of-spmohit\pytest-35\test_dry_run_does_not_write_ta0\loader.yaml, dry_run=True)
2026-08-26 12:58:31,050  INFO      eds_loader.cli.main  Config loaded: source=local_fs target=local_fs tables=(all) enforce_constraints=True schema_required=True
2026-08-26 12:58:31,050  DEBUG     eds_loader.connectors.local_fs  Reading schema.json from C:\Users\Mohit Patel\AppData\Local\Temp\pytest-of-spmohit\pytest-35\test_dry_run_does_not_write_ta0\source\schema.json
2026-08-26 12:58:31,052  DEBUG     eds_loader.connectors.local_fs  schema.json parsed: 2 dataset(s)
2026-08-26 12:58:31,052  INFO      eds_loader.cli.main  Dry-run: reading ['customers', 'orders'] dataset(s) from source
2026-08-26 12:58:31,054  INFO      eds_loader.connectors.local_fs  Read customers: 3 row(s) from C:\Users\Mohit Patel\AppData\Local\Temp\pytest-of-spmohit\pytest-35\test_dry_run_does_not_write_ta0\source\customers.parquet
2026-08-26 12:58:31,056  INFO      eds_loader.connectors.local_fs  Read orders: 2 row(s) from C:\Users\Mohit Patel\AppData\Local\Temp\pytest-of-spmohit\pytest-35\test_dry_run_does_not_write_ta0\source\orders.parquet
2026-08-26 12:58:31,056  INFO      eds_loader.cli.main  Dry-run complete: 5 row(s) across 2 dataset(s)
2026-08-26 12:58:31,069  INFO      eds_loader.cli.main  eds-loader run invoked (config=C:\Users\Mohit Patel\AppData\Local\Temp\pytest-of-spmohit\pytest-35\test_dry_run_shows_dry_run_hea0\loader.yaml, dry_run=True)
2026-08-26 12:58:31,085  INFO      eds_loader.cli.main  Config loaded: source=local_fs target=local_fs tables=(all) enforce_constraints=True schema_required=True
2026-08-26 12:58:31,085  DEBUG     eds_loader.connectors.local_fs  Reading schema.json from C:\Users\Mohit Patel\AppData\Local\Temp\pytest-of-spmohit\pytest-35\test_dry_run_shows_dry_run_hea0\source\schema.json
2026-08-26 12:58:31,087  DEBUG     eds_loader.connectors.local_fs  schema.json parsed: 2 dataset(s)
2026-08-26 12:58:31,088  INFO      eds_loader.cli.main  Dry-run: reading ['customers', 'orders'] dataset(s) from source
2026-08-26 12:58:31,089  INFO      eds_loader.connectors.local_fs  Read customers: 3 row(s) from C:\Users\Mohit Patel\AppData\Local\Temp\pytest-of-spmohit\pytest-35\test_dry_run_shows_dry_run_hea0\source\customers.parquet
2026-08-26 12:58:31,091  INFO      eds_loader.connectors.local_fs  Read orders: 2 row(s) from C:\Users\Mohit Patel\AppData\Local\Temp\pytest-of-spmohit\pytest-35\test_dry_run_shows_dry_run_hea0\source\orders.parquet
2026-08-26 12:58:31,091  INFO      eds_loader.cli.main  Dry-run complete: 5 row(s) across 2 dataset(s)
2026-08-26 12:58:31,102  INFO      eds_loader.cli.main  eds-loader run invoked (config=C:\Users\Mohit Patel\AppData\Local\Temp\pytest-of-spmohit\pytest-35\test_dry_run_source_error_exit0\loader.yaml, dry_run=True)
2026-08-26 12:58:31,122  INFO      eds_loader.cli.main  Config loaded: source=local_fs target=local_fs tables=(all) enforce_constraints=True schema_required=True
2026-08-26 12:58:31,122  ERROR     eds_loader.cli.main  Dry-run read failed: source down
2026-08-26 12:58:31,151  DEBUG     eds_loader.connectors.local_fs  Reading schema.json from C:\Users\Mohit Patel\AppData\Local\Temp\pytest-of-spmohit\pytest-35\test_validate_good_config_exit0\source\schema.json
2026-08-26 12:58:31,152  DEBUG     eds_loader.connectors.local_fs  schema.json parsed: 2 dataset(s)
2026-08-26 12:58:31,182  DEBUG     eds_loader.connectors.local_fs  Reading schema.json from C:\Users\Mohit Patel\AppData\Local\Temp\pytest-of-spmohit\pytest-35\test_validate_prints_checkmark0\source\schema.json
2026-08-26 12:58:31,185  DEBUG     eds_loader.connectors.local_fs  schema.json parsed: 2 dataset(s)
2026-08-26 12:58:31,214  DEBUG     eds_loader.connectors.local_fs  Reading schema.json from C:\Users\Mohit Patel\AppData\Local\Temp\pytest-of-spmohit\pytest-35\test_validate_shows_dataset_co0\source\schema.json
2026-08-26 12:58:31,216  DEBUG     eds_loader.connectors.local_fs  schema.json parsed: 2 dataset(s)
2026-08-26 12:58:31,305  DEBUG     eds_loader.connectors.local_fs  Reading schema.json from C:\Users\Mohit Patel\AppData\Local\Temp\pytest-of-spmohit\pytest-35\test_validate_shows_connector_0\source\schema.json
2026-08-26 12:58:31,306  DEBUG     eds_loader.connectors.local_fs  schema.json parsed: 2 dataset(s)
2026-08-26 12:58:31,710  INFO      eds_loader.loader  Read 2 dataset(s) from source
2026-08-26 12:58:31,711  INFO      eds_loader.connectors.local_fs  Wrote customers: 3 row(s) to C:\Users\Mohit Patel\AppData\Local\Temp\pytest-of-spmohit\pytest-35\test_integration_gcs_source_vi0\target\customers.parquet
2026-08-26 12:58:31,712  INFO      eds_loader.connectors.local_fs  Wrote orders: 2 row(s) to C:\Users\Mohit Patel\AppData\Local\Temp\pytest-of-spmohit\pytest-35\test_integration_gcs_source_vi0\target\orders.parquet
2026-08-26 12:58:31,712  DEBUG     eds_loader.connectors.local_fs  Merging schema.json at target
2026-08-26 12:58:31,713  INFO      eds_loader.loader  Load complete: 5 row(s) written
2026-08-26 12:58:31,716  INFO      eds_loader.loader  Read 2 dataset(s) from source
2026-08-26 12:58:31,716  INFO      eds_loader.loader  Load complete: 3 row(s) written
2026-08-26 12:58:31,718  INFO      eds_loader.loader  Read 2 dataset(s) from source
2026-08-26 12:58:31,718  INFO      eds_loader.loader  Load complete: 3 row(s) written
2026-08-26 12:58:31,720  INFO      eds_loader.loader  Read 2 dataset(s) from source
2026-08-26 12:58:31,720  INFO      eds_loader.loader  Load complete: 3 row(s) written
2026-08-26 12:58:31,723  INFO      eds_loader.loader  Read 2 dataset(s) from source
2026-08-26 12:58:31,723  INFO      eds_loader.loader  Load complete: 3 row(s) written
2026-08-26 12:58:31,725  INFO      eds_loader.loader  Read 1 dataset(s) from source
2026-08-26 12:58:31,725  INFO      eds_loader.loader  Load complete: 1 row(s) written
2026-08-26 12:58:31,741  DEBUG     eds_loader.connectors.local_fs  Reading schema.json from C:\Users\Mohit Patel\AppData\Local\Temp\pytest-of-spmohit\pytest-35\test_read_schema_metadata_retu0\schema.json
2026-08-26 12:58:31,756  DEBUG     eds_loader.connectors.local_fs  schema.json parsed: 2 dataset(s)
2026-08-26 12:58:31,762  DEBUG     eds_loader.connectors.local_fs  Reading schema.json from C:\Users\Mohit Patel\AppData\Local\Temp\pytest-of-spmohit\pytest-35\test_read_schema_metadata_cont0\schema.json
2026-08-26 12:58:31,763  DEBUG     eds_loader.connectors.local_fs  schema.json parsed: 2 dataset(s)
2026-08-26 12:58:31,769  DEBUG     eds_loader.connectors.local_fs  Reading schema.json from C:\Users\Mohit Patel\AppData\Local\Temp\pytest-of-spmohit\pytest-35\test_read_schema_metadata_corr0\schema.json
2026-08-26 12:58:31,774  DEBUG     eds_loader.connectors.local_fs  Reading schema.json from C:\Users\Mohit Patel\AppData\Local\Temp\pytest-of-spmohit\pytest-35\test_read_schema_metadata_empt0\schema.json
2026-08-26 12:58:31,781  DEBUG     eds_loader.connectors.local_fs  Auto-discovered 2 parquet file(s) in C:\Users\Mohit Patel\AppData\Local\Temp\pytest-of-spmohit\pytest-35\test_read_datasets_none_reads_0
2026-08-26 12:58:31,797  INFO      eds_loader.connectors.local_fs  Read customers: 3 row(s) from C:\Users\Mohit Patel\AppData\Local\Temp\pytest-of-spmohit\pytest-35\test_read_datasets_none_reads_0\customers.parquet
2026-08-26 12:58:31,819  INFO      eds_loader.connectors.local_fs  Read orders: 2 row(s) from C:\Users\Mohit Patel\AppData\Local\Temp\pytest-of-spmohit\pytest-35\test_read_datasets_none_reads_0\orders.parquet
2026-08-26 12:58:31,825  DEBUG     eds_loader.connectors.local_fs  Auto-discovered 1 parquet file(s) in C:\Users\Mohit Patel\AppData\Local\Temp\pytest-of-spmohit\pytest-35\test_read_datasets_none_ignore0
2026-08-26 12:58:31,841  INFO      eds_loader.connectors.local_fs  Read data: 1 row(s) from C:\Users\Mohit Patel\AppData\Local\Temp\pytest-of-spmohit\pytest-35\test_read_datasets_none_ignore0\data.parquet
2026-08-26 12:58:31,848  DEBUG     eds_loader.connectors.local_fs  Auto-discovered 2 parquet file(s) in C:\Users\Mohit Patel\AppData\Local\Temp\pytest-of-spmohit\pytest-35\test_read_datasets_none_return0
2026-08-26 12:58:31,851  INFO      eds_loader.connectors.local_fs  Read customers: 3 row(s) from C:\Users\Mohit Patel\AppData\Local\Temp\pytest-of-spmohit\pytest-35\test_read_datasets_none_return0\customers.parquet
2026-08-26 12:58:31,853  INFO      eds_loader.connectors.local_fs  Read orders: 2 row(s) from C:\Users\Mohit Patel\AppData\Local\Temp\pytest-of-spmohit\pytest-35\test_read_datasets_none_return0\orders.parquet
2026-08-26 12:58:31,857  DEBUG     eds_loader.connectors.local_fs  Auto-discovered 0 parquet file(s) in C:\Users\Mohit Patel\AppData\Local\Temp\pytest-of-spmohit\pytest-35\test_read_datasets_none_empty_0
2026-08-26 12:58:31,868  INFO      eds_loader.connectors.local_fs  Read customers: 3 row(s) from C:\Users\Mohit Patel\AppData\Local\Temp\pytest-of-spmohit\pytest-35\test_read_datasets_explicit_na0\customers.parquet
2026-08-26 12:58:31,876  INFO      eds_loader.connectors.local_fs  Read customers: 3 row(s) from C:\Users\Mohit Patel\AppData\Local\Temp\pytest-of-spmohit\pytest-35\test_read_datasets_explicit_pr0\customers.parquet
2026-08-26 12:58:31,894  INFO      eds_loader.connectors.local_fs  Read customers: 3 row(s) from C:\Users\Mohit Patel\AppData\Local\Temp\pytest-of-spmohit\pytest-35\test_read_datasets_one_missing0\customers.parquet
2026-08-26 12:58:31,900  INFO      eds_loader.connectors.local_fs  Wrote customers: 3 row(s) to C:\Users\Mohit Patel\AppData\Local\Temp\pytest-of-spmohit\pytest-35\test_write_datasets_creates_di0\deep\nested\dir\customers.parquet
2026-08-26 12:58:31,901  INFO      eds_loader.connectors.local_fs  Wrote orders: 2 row(s) to C:\Users\Mohit Patel\AppData\Local\Temp\pytest-of-spmohit\pytest-35\test_write_datasets_creates_di0\deep\nested\dir\orders.parquet
2026-08-26 12:58:31,907  INFO      eds_loader.connectors.local_fs  Wrote customers: 3 row(s) to C:\Users\Mohit Patel\AppData\Local\Temp\pytest-of-spmohit\pytest-35\test_write_datasets_writes_par0\customers.parquet
2026-08-26 12:58:31,908  INFO      eds_loader.connectors.local_fs  Wrote orders: 2 row(s) to C:\Users\Mohit Patel\AppData\Local\Temp\pytest-of-spmohit\pytest-35\test_write_datasets_writes_par0\orders.parquet
2026-08-26 12:58:31,913  INFO      eds_loader.connectors.local_fs  Wrote customers: 3 row(s) to C:\Users\Mohit Patel\AppData\Local\Temp\pytest-of-spmohit\pytest-35\test_write_datasets_returns_on0\customers.parquet
2026-08-26 12:58:31,915  INFO      eds_loader.connectors.local_fs  Wrote orders: 2 row(s) to C:\Users\Mohit Patel\AppData\Local\Temp\pytest-of-spmohit\pytest-35\test_write_datasets_returns_on0\orders.parquet
2026-08-26 12:58:31,919  INFO      eds_loader.connectors.local_fs  Wrote customers: 3 row(s) to C:\Users\Mohit Patel\AppData\Local\Temp\pytest-of-spmohit\pytest-35\test_write_datasets_result_row0\customers.parquet
2026-08-26 12:58:31,921  INFO      eds_loader.connectors.local_fs  Wrote orders: 2 row(s) to C:\Users\Mohit Patel\AppData\Local\Temp\pytest-of-spmohit\pytest-35\test_write_datasets_result_row0\orders.parquet
2026-08-26 12:58:31,926  INFO      eds_loader.connectors.local_fs  Wrote customers: 3 row(s) to C:\Users\Mohit Patel\AppData\Local\Temp\pytest-of-spmohit\pytest-35\test_write_datasets_result_loc0\customers.parquet
2026-08-26 12:58:31,927  INFO      eds_loader.connectors.local_fs  Wrote orders: 2 row(s) to C:\Users\Mohit Patel\AppData\Local\Temp\pytest-of-spmohit\pytest-35\test_write_datasets_result_loc0\orders.parquet
2026-08-26 12:58:31,933  INFO      eds_loader.connectors.local_fs  Wrote data: 3 row(s) to C:\Users\Mohit Patel\AppData\Local\Temp\pytest-of-spmohit\pytest-35\test_write_datasets_overwrites0\data.parquet
2026-08-26 12:58:31,934  INFO      eds_loader.connectors.local_fs  Wrote data: 1 row(s) to C:\Users\Mohit Patel\AppData\Local\Temp\pytest-of-spmohit\pytest-35\test_write_datasets_overwrites0\data.parquet
2026-08-26 12:58:31,955  INFO      eds_loader.connectors.local_fs  Wrote customers: 3 row(s) to C:\Users\Mohit Patel\AppData\Local\Temp\pytest-of-spmohit\pytest-35\test_write_datasets_writes_sch0\customers.parquet
2026-08-26 12:58:31,956  INFO      eds_loader.connectors.local_fs  Wrote orders: 2 row(s) to C:\Users\Mohit Patel\AppData\Local\Temp\pytest-of-spmohit\pytest-35\test_write_datasets_writes_sch0\orders.parquet
2026-08-26 12:58:31,956  DEBUG     eds_loader.connectors.local_fs  Merging schema.json at target
2026-08-26 12:58:31,982  INFO      eds_loader.connectors.local_fs  Wrote customers: 3 row(s) to C:\Users\Mohit Patel\AppData\Local\Temp\pytest-of-spmohit\pytest-35\test_write_datasets_skips_sche0\customers.parquet
2026-08-26 12:58:31,983  INFO      eds_loader.connectors.local_fs  Wrote orders: 2 row(s) to C:\Users\Mohit Patel\AppData\Local\Temp\pytest-of-spmohit\pytest-35\test_write_datasets_skips_sche0\orders.parquet
2026-08-26 12:58:31,989  INFO      eds_loader.connectors.local_fs  Wrote customers: 3 row(s) to C:\Users\Mohit Patel\AppData\Local\Temp\pytest-of-spmohit\pytest-35\test_write_datasets_merges_sch0\customers.parquet
2026-08-26 12:58:31,991  INFO      eds_loader.connectors.local_fs  Wrote orders: 2 row(s) to C:\Users\Mohit Patel\AppData\Local\Temp\pytest-of-spmohit\pytest-35\test_write_datasets_merges_sch0\orders.parquet
2026-08-26 12:58:31,991  DEBUG     eds_loader.connectors.local_fs  Merging schema.json at target
2026-08-26 12:58:32,000  INFO      eds_loader.connectors.local_fs  Wrote customers: 3 row(s) to C:\Users\Mohit Patel\AppData\Local\Temp\pytest-of-spmohit\pytest-35\test_write_datasets_corrupt_ex0\customers.parquet
2026-08-26 12:58:32,002  INFO      eds_loader.connectors.local_fs  Wrote orders: 2 row(s) to C:\Users\Mohit Patel\AppData\Local\Temp\pytest-of-spmohit\pytest-35\test_write_datasets_corrupt_ex0\orders.parquet
2026-08-26 12:58:32,002  DEBUG     eds_loader.connectors.local_fs  Merging schema.json at target
2026-08-26 12:58:32,025  INFO      eds_loader.connectors.local_fs  Wrote customers: 3 row(s) to C:\Users\Mohit Patel\AppData\Local\Temp\pytest-of-spmohit\pytest-35\test_round_trip_dataframes_mat0\customers.parquet
2026-08-26 12:58:32,026  INFO      eds_loader.connectors.local_fs  Wrote orders: 2 row(s) to C:\Users\Mohit Patel\AppData\Local\Temp\pytest-of-spmohit\pytest-35\test_round_trip_dataframes_mat0\orders.parquet
2026-08-26 12:58:32,027  DEBUG     eds_loader.connectors.local_fs  Merging schema.json at target
2026-08-26 12:58:32,029  INFO      eds_loader.connectors.local_fs  Read customers: 3 row(s) from C:\Users\Mohit Patel\AppData\Local\Temp\pytest-of-spmohit\pytest-35\test_round_trip_dataframes_mat0\customers.parquet
2026-08-26 12:58:32,031  INFO      eds_loader.connectors.local_fs  Read orders: 2 row(s) from C:\Users\Mohit Patel\AppData\Local\Temp\pytest-of-spmohit\pytest-35\test_round_trip_dataframes_mat0\orders.parquet
2026-08-26 12:58:32,037  INFO      eds_loader.connectors.local_fs  Wrote customers: 3 row(s) to C:\Users\Mohit Patel\AppData\Local\Temp\pytest-of-spmohit\pytest-35\test_round_trip_schema_survive0\customers.parquet
2026-08-26 12:58:32,038  INFO      eds_loader.connectors.local_fs  Wrote orders: 2 row(s) to C:\Users\Mohit Patel\AppData\Local\Temp\pytest-of-spmohit\pytest-35\test_round_trip_schema_survive0\orders.parquet
2026-08-26 12:58:32,039  DEBUG     eds_loader.connectors.local_fs  Merging schema.json at target
2026-08-26 12:58:32,039  DEBUG     eds_loader.connectors.local_fs  Reading schema.json from C:\Users\Mohit Patel\AppData\Local\Temp\pytest-of-spmohit\pytest-35\test_round_trip_schema_survive0\schema.json
2026-08-26 12:58:32,041  DEBUG     eds_loader.connectors.local_fs  schema.json parsed: 2 dataset(s)
2026-08-26 12:58:32,047  DEBUG     eds_loader.connectors.local_fs  Reading schema.json from C:\Users\Mohit Patel\AppData\Local\Temp\pytest-of-spmohit\pytest-35\test_integration_local_to_loca0\schema.json
2026-08-26 12:58:32,049  DEBUG     eds_loader.connectors.local_fs  schema.json parsed: 2 dataset(s)
2026-08-26 12:58:32,051  INFO      eds_loader.connectors.local_fs  Read customers: 3 row(s) from C:\Users\Mohit Patel\AppData\Local\Temp\pytest-of-spmohit\pytest-35\test_integration_local_to_loca0\customers.parquet
2026-08-26 12:58:32,053  INFO      eds_loader.connectors.local_fs  Read orders: 2 row(s) from C:\Users\Mohit Patel\AppData\Local\Temp\pytest-of-spmohit\pytest-35\test_integration_local_to_loca0\orders.parquet
2026-08-26 12:58:32,053  INFO      eds_loader.loader  Read 2 dataset(s) from source
2026-08-26 12:58:32,054  INFO      eds_loader.connectors.local_fs  Wrote customers: 3 row(s) to C:\Users\Mohit Patel\AppData\Local\Temp\pytest-of-spmohit\pytest-35\test_integration_local_to_loca0\target\customers.parquet
2026-08-26 12:58:32,055  INFO      eds_loader.connectors.local_fs  Wrote orders: 2 row(s) to C:\Users\Mohit Patel\AppData\Local\Temp\pytest-of-spmohit\pytest-35\test_integration_local_to_loca0\target\orders.parquet
2026-08-26 12:58:32,055  DEBUG     eds_loader.connectors.local_fs  Merging schema.json at target
2026-08-26 12:58:32,056  INFO      eds_loader.loader  Load complete: 5 row(s) written
2026-08-26 12:58:32,063  DEBUG     eds_loader.connectors.local_fs  Reading schema.json from C:\Users\Mohit Patel\AppData\Local\Temp\pytest-of-spmohit\pytest-35\test_integration_table_subset_0\schema.json
2026-08-26 12:58:32,065  DEBUG     eds_loader.connectors.local_fs  schema.json parsed: 2 dataset(s)
2026-08-26 12:58:32,067  INFO      eds_loader.connectors.local_fs  Read customers: 3 row(s) from C:\Users\Mohit Patel\AppData\Local\Temp\pytest-of-spmohit\pytest-35\test_integration_table_subset_0\customers.parquet
2026-08-26 12:58:32,067  INFO      eds_loader.loader  Read 1 dataset(s) from source
2026-08-26 12:58:32,069  INFO      eds_loader.connectors.local_fs  Wrote customers: 3 row(s) to C:\Users\Mohit Patel\AppData\Local\Temp\pytest-of-spmohit\pytest-35\test_integration_table_subset_0\target_subset\customers.parquet
2026-08-26 12:58:32,069  DEBUG     eds_loader.connectors.local_fs  Merging schema.json at target
2026-08-26 12:58:32,071  INFO      eds_loader.loader  Load complete: 3 row(s) written
2026-08-26 12:58:32,078  DEBUG     eds_loader.connectors.local_fs  Reading schema.json from C:\Users\Mohit Patel\AppData\Local\Temp\pytest-of-spmohit\pytest-35\test_integration_schema_json_w0\schema.json
2026-08-26 12:58:32,079  DEBUG     eds_loader.connectors.local_fs  schema.json parsed: 2 dataset(s)
2026-08-26 12:58:32,082  INFO      eds_loader.connectors.local_fs  Read customers: 3 row(s) from C:\Users\Mohit Patel\AppData\Local\Temp\pytest-of-spmohit\pytest-35\test_integration_schema_json_w0\customers.parquet
2026-08-26 12:58:32,084  INFO      eds_loader.connectors.local_fs  Read orders: 2 row(s) from C:\Users\Mohit Patel\AppData\Local\Temp\pytest-of-spmohit\pytest-35\test_integration_schema_json_w0\orders.parquet
2026-08-26 12:58:32,084  INFO      eds_loader.loader  Read 2 dataset(s) from source
2026-08-26 12:58:32,085  INFO      eds_loader.connectors.local_fs  Wrote customers: 3 row(s) to C:\Users\Mohit Patel\AppData\Local\Temp\pytest-of-spmohit\pytest-35\test_integration_schema_json_w0\target_schema\customers.parquet
2026-08-26 12:58:32,086  INFO      eds_loader.connectors.local_fs  Wrote orders: 2 row(s) to C:\Users\Mohit Patel\AppData\Local\Temp\pytest-of-spmohit\pytest-35\test_integration_schema_json_w0\target_schema\orders.parquet
2026-08-26 12:58:32,086  DEBUG     eds_loader.connectors.local_fs  Merging schema.json at target
2026-08-26 12:58:32,087  INFO      eds_loader.loader  Load complete: 5 row(s) written
2026-08-26 12:58:32,094  DEBUG     eds_loader.connectors.local_fs  Reading schema.json from C:\Users\Mohit Patel\AppData\Local\Temp\pytest-of-spmohit\pytest-35\test_integration_schema_json_n0\schema.json
2026-08-26 12:58:32,095  DEBUG     eds_loader.connectors.local_fs  schema.json parsed: 2 dataset(s)
2026-08-26 12:58:32,097  INFO      eds_loader.connectors.local_fs  Read customers: 3 row(s) from C:\Users\Mohit Patel\AppData\Local\Temp\pytest-of-spmohit\pytest-35\test_integration_schema_json_n0\customers.parquet
2026-08-26 12:58:32,103  INFO      eds_loader.connectors.local_fs  Read orders: 2 row(s) from C:\Users\Mohit Patel\AppData\Local\Temp\pytest-of-spmohit\pytest-35\test_integration_schema_json_n0\orders.parquet
2026-08-26 12:58:32,103  INFO      eds_loader.loader  Read 2 dataset(s) from source
2026-08-26 12:58:32,104  INFO      eds_loader.connectors.local_fs  Wrote customers: 3 row(s) to C:\Users\Mohit Patel\AppData\Local\Temp\pytest-of-spmohit\pytest-35\test_integration_schema_json_n0\target_no_schema\customers.parquet
2026-08-26 12:58:32,106  INFO      eds_loader.connectors.local_fs  Wrote orders: 2 row(s) to C:\Users\Mohit Patel\AppData\Local\Temp\pytest-of-spmohit\pytest-35\test_integration_schema_json_n0\target_no_schema\orders.parquet
2026-08-26 12:58:32,106  INFO      eds_loader.loader  Load complete: 5 row(s) written
2026-08-26 12:58:32,120  INFO      eds_loader.connectors.mongodb  Connected to MongoDB localhost:27017/test_db
2026-08-26 12:58:32,120  DEBUG     eds_loader.connectors.mongodb  [customers] dropping existing collection
2026-08-26 12:58:32,120  DEBUG     eds_loader.connectors.mongodb  [customers] inserting 3 document(s)
2026-08-26 12:58:32,120  INFO      eds_loader.connectors.mongodb  [customers] wrote 3 document(s) in 0.00s
2026-08-26 12:58:32,120  DEBUG     eds_loader.connectors.mongodb  [orders] dropping existing collection
2026-08-26 12:58:32,120  DEBUG     eds_loader.connectors.mongodb  [orders] inserting 2 document(s)
2026-08-26 12:58:32,121  INFO      eds_loader.connectors.mongodb  [orders] wrote 2 document(s) in 0.00s
2026-08-26 12:58:32,122  INFO      eds_loader.connectors.mongodb  Connected to MongoDB localhost:27017/test_db
2026-08-26 12:58:32,122  DEBUG     eds_loader.connectors.mongodb  [data] dropping existing collection
2026-08-26 12:58:32,122  DEBUG     eds_loader.connectors.mongodb  [data] inserting 2 document(s)
2026-08-26 12:58:32,122  INFO      eds_loader.connectors.mongodb  [data] wrote 2 document(s) in 0.00s
2026-08-26 12:58:32,124  INFO      eds_loader.connectors.mongodb  Connected to MongoDB localhost:27017/test_db
2026-08-26 12:58:32,124  DEBUG     eds_loader.connectors.mongodb  [t] dropping existing collection
2026-08-26 12:58:32,124  DEBUG     eds_loader.connectors.mongodb  [t] inserting 1 document(s)
2026-08-26 12:58:32,124  INFO      eds_loader.connectors.mongodb  [t] wrote 1 document(s) in 0.00s
2026-08-26 12:58:32,125  INFO      eds_loader.connectors.mongodb  Connected to MongoDB localhost:27017/test_db
2026-08-26 12:58:32,125  DEBUG     eds_loader.connectors.mongodb  [empty] dropping existing collection
2026-08-26 12:58:32,125  INFO      eds_loader.connectors.mongodb  [empty] wrote 0 document(s) in 0.00s
2026-08-26 12:58:32,127  INFO      eds_loader.connectors.mongodb  Connected to MongoDB localhost:27017/test_db
2026-08-26 12:58:32,127  DEBUG     eds_loader.connectors.mongodb  [empty] dropping existing collection
2026-08-26 12:58:32,127  INFO      eds_loader.connectors.mongodb  [empty] wrote 0 document(s) in 0.00s
2026-08-26 12:58:32,128  INFO      eds_loader.connectors.mongodb  Connected to MongoDB localhost:27017/test_db
2026-08-26 12:58:32,129  DEBUG     eds_loader.connectors.mongodb  [customers] dropping existing collection
2026-08-26 12:58:32,129  DEBUG     eds_loader.connectors.mongodb  [customers] inserting 3 document(s)
2026-08-26 12:58:32,129  INFO      eds_loader.connectors.mongodb  [customers] wrote 3 document(s) in 0.00s
2026-08-26 12:58:32,129  DEBUG     eds_loader.connectors.mongodb  [orders] dropping existing collection
2026-08-26 12:58:32,129  DEBUG     eds_loader.connectors.mongodb  [orders] inserting 2 document(s)
2026-08-26 12:58:32,129  INFO      eds_loader.connectors.mongodb  [orders] wrote 2 document(s) in 0.00s
2026-08-26 12:58:32,131  INFO      eds_loader.connectors.mongodb  Connected to MongoDB localhost:27017/test_db
2026-08-26 12:58:32,131  DEBUG     eds_loader.connectors.mongodb  [customers] dropping existing collection
2026-08-26 12:58:32,131  DEBUG     eds_loader.connectors.mongodb  [customers] inserting 3 document(s)
2026-08-26 12:58:32,131  INFO      eds_loader.connectors.mongodb  [customers] wrote 3 document(s) in 0.00s
2026-08-26 12:58:32,132  DEBUG     eds_loader.connectors.mongodb  [orders] dropping existing collection
2026-08-26 12:58:32,132  DEBUG     eds_loader.connectors.mongodb  [orders] inserting 2 document(s)
2026-08-26 12:58:32,132  INFO      eds_loader.connectors.mongodb  [orders] wrote 2 document(s) in 0.00s
2026-08-26 12:58:32,134  INFO      eds_loader.connectors.mongodb  Connected to MongoDB mgserver:27020/mydb
2026-08-26 12:58:32,134  DEBUG     eds_loader.connectors.mongodb  [tbl] dropping existing collection
2026-08-26 12:58:32,135  DEBUG     eds_loader.connectors.mongodb  [tbl] inserting 1 document(s)
2026-08-26 12:58:32,135  INFO      eds_loader.connectors.mongodb  [tbl] wrote 1 document(s) in 0.00s
2026-08-26 12:58:32,136  INFO      eds_loader.connectors.mongodb  Connected to MongoDB localhost:27017/test_db
2026-08-26 12:58:32,136  DEBUG     eds_loader.connectors.mongodb  [z] dropping existing collection
2026-08-26 12:58:32,136  DEBUG     eds_loader.connectors.mongodb  [z] inserting 1 document(s)
2026-08-26 12:58:32,136  INFO      eds_loader.connectors.mongodb  [z] wrote 1 document(s) in 0.00s
2026-08-26 12:58:32,137  DEBUG     eds_loader.connectors.mongodb  [a] dropping existing collection
2026-08-26 12:58:32,137  DEBUG     eds_loader.connectors.mongodb  [a] inserting 1 document(s)
2026-08-26 12:58:32,137  INFO      eds_loader.connectors.mongodb  [a] wrote 1 document(s) in 0.00s
2026-08-26 12:58:32,138  INFO      eds_loader.connectors.mongodb  Connected to MongoDB localhost:27017/test_db
2026-08-26 12:58:32,138  DEBUG     eds_loader.connectors.mongodb  [orders] dropping existing collection
2026-08-26 12:58:32,138  DEBUG     eds_loader.connectors.mongodb  [orders] inserting 1 document(s)
2026-08-26 12:58:32,139  DEBUG     eds_loader.connectors.mongodb  [orders] creating indexes from schema metadata
2026-08-26 12:58:32,139  INFO      eds_loader.connectors.mongodb  [orders] wrote 1 document(s) in 0.00s
2026-08-26 12:58:32,139  DEBUG     eds_loader.connectors.mongodb  [customers] dropping existing collection
2026-08-26 12:58:32,139  DEBUG     eds_loader.connectors.mongodb  [customers] inserting 1 document(s)
2026-08-26 12:58:32,139  DEBUG     eds_loader.connectors.mongodb  [customers] creating indexes from schema metadata
2026-08-26 12:58:32,139  INFO      eds_loader.connectors.mongodb  [customers] wrote 1 document(s) in 0.00s
2026-08-26 12:58:32,144  INFO      eds_loader.connectors.mongodb  Connected to MongoDB localhost:27017/test_db
2026-08-26 12:58:32,144  DEBUG     eds_loader.connectors.mongodb  [customers] dropping existing collection
2026-08-26 12:58:32,145  DEBUG     eds_loader.connectors.mongodb  [customers] inserting 1 document(s)
2026-08-26 12:58:32,145  DEBUG     eds_loader.connectors.mongodb  [customers] creating indexes from schema metadata
2026-08-26 12:58:32,145  INFO      eds_loader.connectors.mongodb  [customers] wrote 1 document(s) in 0.00s
2026-08-26 12:58:32,146  INFO      eds_loader.connectors.mongodb  Connected to MongoDB localhost:27017/test_db
2026-08-26 12:58:32,146  DEBUG     eds_loader.connectors.mongodb  [customers] dropping existing collection
2026-08-26 12:58:32,147  DEBUG     eds_loader.connectors.mongodb  [customers] inserting 1 document(s)
2026-08-26 12:58:32,147  DEBUG     eds_loader.connectors.mongodb  [customers] creating indexes from schema metadata
2026-08-26 12:58:32,147  INFO      eds_loader.connectors.mongodb  [customers] wrote 1 document(s) in 0.00s
2026-08-26 12:58:32,148  INFO      eds_loader.connectors.mongodb  Connected to MongoDB localhost:27017/test_db
2026-08-26 12:58:32,148  DEBUG     eds_loader.connectors.mongodb  [orders] dropping existing collection
2026-08-26 12:58:32,149  DEBUG     eds_loader.connectors.mongodb  [orders] inserting 1 document(s)
2026-08-26 12:58:32,149  DEBUG     eds_loader.connectors.mongodb  [orders] creating indexes from schema metadata
2026-08-26 12:58:32,149  INFO      eds_loader.connectors.mongodb  [orders] wrote 1 document(s) in 0.00s
2026-08-26 12:58:32,152  INFO      eds_loader.connectors.mongodb  Connected to MongoDB localhost:27017/test_db
2026-08-26 12:58:32,152  DEBUG     eds_loader.connectors.mongodb  [customers] dropping existing collection
2026-08-26 12:58:32,152  DEBUG     eds_loader.connectors.mongodb  [customers] inserting 1 document(s)
2026-08-26 12:58:32,152  INFO      eds_loader.connectors.mongodb  [customers] wrote 1 document(s) in 0.00s
2026-08-26 12:58:32,156  INFO      eds_loader.connectors.mongodb  Connected to MongoDB localhost:27017/test_db
2026-08-26 12:58:32,156  DEBUG     eds_loader.connectors.mongodb  [t] dropping existing collection
2026-08-26 12:58:32,156  ERROR     eds_loader.connectors.mongodb  [t] write failed: network error
2026-08-26 12:58:32,158  INFO      eds_loader.connectors.mongodb  Connected to MongoDB localhost:27017/test_db
2026-08-26 12:58:32,158  DEBUG     eds_loader.connectors.mongodb  [t] dropping existing collection
2026-08-26 12:58:32,158  DEBUG     eds_loader.connectors.mongodb  [t] inserting 1 document(s)
2026-08-26 12:58:32,158  ERROR     eds_loader.connectors.mongodb  [t] write failed: duplicate key
2026-08-26 12:58:32,169  DEBUG     eds_loader.connectors.local_fs  Reading schema.json from C:\Users\Mohit Patel\AppData\Local\Temp\pytest-of-spmohit\pytest-35\test_integration_local_fs_to_m0\source\schema.json
2026-08-26 12:58:32,186  DEBUG     eds_loader.connectors.local_fs  schema.json parsed: 2 dataset(s)
2026-08-26 12:58:32,187  INFO      eds_loader.connectors.local_fs  Read customers: 3 row(s) from C:\Users\Mohit Patel\AppData\Local\Temp\pytest-of-spmohit\pytest-35\test_integration_local_fs_to_m0\source\customers.parquet
2026-08-26 12:58:32,206  INFO      eds_loader.connectors.local_fs  Read orders: 2 row(s) from C:\Users\Mohit Patel\AppData\Local\Temp\pytest-of-spmohit\pytest-35\test_integration_local_fs_to_m0\source\orders.parquet
2026-08-26 12:58:32,206  INFO      eds_loader.loader  Read 2 dataset(s) from source
2026-08-26 12:58:32,206  INFO      eds_loader.connectors.mongodb  Connected to MongoDB localhost:27017/test_db
2026-08-26 12:58:32,206  DEBUG     eds_loader.connectors.mongodb  [customers] dropping existing collection
2026-08-26 12:58:32,207  DEBUG     eds_loader.connectors.mongodb  [customers] inserting 3 document(s)
2026-08-26 12:58:32,207  DEBUG     eds_loader.connectors.mongodb  [customers] creating indexes from schema metadata
2026-08-26 12:58:32,207  INFO      eds_loader.connectors.mongodb  [customers] wrote 3 document(s) in 0.00s
2026-08-26 12:58:32,207  DEBUG     eds_loader.connectors.mongodb  [orders] dropping existing collection
2026-08-26 12:58:32,207  DEBUG     eds_loader.connectors.mongodb  [orders] inserting 2 document(s)
2026-08-26 12:58:32,208  DEBUG     eds_loader.connectors.mongodb  [orders] creating indexes from schema metadata
2026-08-26 12:58:32,208  INFO      eds_loader.connectors.mongodb  [orders] wrote 2 document(s) in 0.00s
2026-08-26 12:58:32,208  INFO      eds_loader.loader  Load complete: 5 row(s) written
2026-08-26 12:58:32,217  DEBUG     eds_loader.connectors.local_fs  Reading schema.json from C:\Users\Mohit Patel\AppData\Local\Temp\pytest-of-spmohit\pytest-35\test_integration_enforce_false0\source2\schema.json
2026-08-26 12:58:32,218  DEBUG     eds_loader.connectors.local_fs  schema.json parsed: 2 dataset(s)
2026-08-26 12:58:32,220  INFO      eds_loader.connectors.local_fs  Read customers: 3 row(s) from C:\Users\Mohit Patel\AppData\Local\Temp\pytest-of-spmohit\pytest-35\test_integration_enforce_false0\source2\customers.parquet
2026-08-26 12:58:32,222  INFO      eds_loader.connectors.local_fs  Read orders: 2 row(s) from C:\Users\Mohit Patel\AppData\Local\Temp\pytest-of-spmohit\pytest-35\test_integration_enforce_false0\source2\orders.parquet
2026-08-26 12:58:32,222  INFO      eds_loader.loader  Read 2 dataset(s) from source
2026-08-26 12:58:32,222  INFO      eds_loader.connectors.mongodb  Connected to MongoDB localhost:27017/test_db
2026-08-26 12:58:32,222  DEBUG     eds_loader.connectors.mongodb  [customers] dropping existing collection
2026-08-26 12:58:32,223  DEBUG     eds_loader.connectors.mongodb  [customers] inserting 3 document(s)
2026-08-26 12:58:32,223  INFO      eds_loader.connectors.mongodb  [customers] wrote 3 document(s) in 0.00s
2026-08-26 12:58:32,223  DEBUG     eds_loader.connectors.mongodb  [orders] dropping existing collection
2026-08-26 12:58:32,223  DEBUG     eds_loader.connectors.mongodb  [orders] inserting 2 document(s)
2026-08-26 12:58:32,223  INFO      eds_loader.connectors.mongodb  [orders] wrote 2 document(s) in 0.00s
2026-08-26 12:58:32,223  INFO      eds_loader.loader  Load complete: 5 row(s) written
2026-08-26 12:58:32,235  INFO      eds_loader.connectors._sql_base  Connected to test_user@localhost:3306/test_db
2026-08-26 12:58:32,235  DEBUG     eds_loader.connectors._sql_base  Ensuring namespace exists: CREATE DATABASE IF NOT EXISTS `test_db`
2026-08-26 12:58:32,235  DEBUG     eds_loader.connectors._sql_base  [t] DROP TABLE IF EXISTS `test_db`.`t`
2026-08-26 12:58:32,235  DEBUG     eds_loader.connectors._sql_base  [t] CREATE TABLE `test_db`.`t` (
    `id` BIGINT
)
2026-08-26 12:58:32,235  DEBUG     eds_loader.connectors._sql_base  [t] inserting 1 row(s)
2026-08-26 12:58:32,236  INFO      eds_loader.connectors._sql_base  [t] wrote 1 row(s) in 0.00s
2026-08-26 12:58:32,237  INFO      eds_loader.connectors._sql_base  Connected to test_user@localhost:3306/test_db
2026-08-26 12:58:32,237  DEBUG     eds_loader.connectors._sql_base  Ensuring namespace exists: CREATE DATABASE IF NOT EXISTS `test_db`
2026-08-26 12:58:32,238  DEBUG     eds_loader.connectors._sql_base  [t] DROP TABLE IF EXISTS `test_db`.`t`
2026-08-26 12:58:32,238  DEBUG     eds_loader.connectors._sql_base  [t] CREATE TABLE `test_db`.`t` (
    `id` BIGINT
)
2026-08-26 12:58:32,238  DEBUG     eds_loader.connectors._sql_base  [t] inserting 1 row(s)
2026-08-26 12:58:32,238  INFO      eds_loader.connectors._sql_base  [t] wrote 1 row(s) in 0.00s
2026-08-26 12:58:32,239  INFO      eds_loader.connectors._sql_base  Connected to test_user@localhost:3306/test_db
2026-08-26 12:58:32,240  DEBUG     eds_loader.connectors._sql_base  Ensuring namespace exists: CREATE DATABASE IF NOT EXISTS `test_db`
2026-08-26 12:58:32,240  DEBUG     eds_loader.connectors._sql_base  [t] DROP TABLE IF EXISTS `test_db`.`t`
2026-08-26 12:58:32,240  ERROR     eds_loader.connectors._sql_base  [t] write failed: DB down
2026-08-26 12:58:32,241  INFO      eds_loader.connectors._sql_base  Connected to test_user@localhost:3306/eds_db
2026-08-26 12:58:32,242  DEBUG     eds_loader.connectors._sql_base  Ensuring namespace exists: CREATE DATABASE IF NOT EXISTS `eds_db`
2026-08-26 12:58:32,242  DEBUG     eds_loader.connectors._sql_base  [customers] DROP TABLE IF EXISTS `eds_db`.`customers`
2026-08-26 12:58:32,242  DEBUG     eds_loader.connectors._sql_base  [customers] CREATE TABLE `eds_db`.`customers` (
    `id` BIGINT
)
2026-08-26 12:58:32,242  DEBUG     eds_loader.connectors._sql_base  [customers] inserting 1 row(s)
2026-08-26 12:58:32,242  INFO      eds_loader.connectors._sql_base  [customers] wrote 1 row(s) in 0.00s
2026-08-26 12:58:32,244  INFO      eds_loader.connectors._sql_base  Connected to test_user@localhost:3306/eds_db
2026-08-26 12:58:32,244  DEBUG     eds_loader.connectors._sql_base  Table write order (FK-sorted): customers, orders
2026-08-26 12:58:32,244  DEBUG     eds_loader.connectors._sql_base  Ensuring namespace exists: CREATE DATABASE IF NOT EXISTS `eds_db`
2026-08-26 12:58:32,244  DEBUG     eds_loader.connectors._sql_base  [customers] DROP TABLE IF EXISTS `eds_db`.`customers`
2026-08-26 12:58:32,244  DEBUG     eds_loader.connectors._sql_base  [customers] CREATE TABLE `eds_db`.`customers` (
    `customer_id` BIGINT PRIMARY KEY,
    `name` TEXT
)
2026-08-26 12:58:32,244  DEBUG     eds_loader.connectors._sql_base  [customers] inserting 2 row(s)
2026-08-26 12:58:32,245  INFO      eds_loader.connectors._sql_base  [customers] wrote 2 row(s) in 0.00s
2026-08-26 12:58:32,245  DEBUG     eds_loader.connectors._sql_base  [orders] DROP TABLE IF EXISTS `eds_db`.`orders`
2026-08-26 12:58:32,245  DEBUG     eds_loader.connectors._sql_base  [orders] CREATE TABLE `eds_db`.`orders` (
    `order_id` BIGINT PRIMARY KEY,
    `customer_id` BIGINT NOT NULL REFERENCES `eds_db`.`customers`(`customer_id`)
)
2026-08-26 12:58:32,245  DEBUG     eds_loader.connectors._sql_base  [orders] inserting 1 row(s)
2026-08-26 12:58:32,245  INFO      eds_loader.connectors._sql_base  [orders] wrote 1 row(s) in 0.00s
2026-08-26 12:58:32,247  INFO      eds_loader.connectors._sql_base  Connected to test_user@localhost:3306/test_db
2026-08-26 12:58:32,247  DEBUG     eds_loader.connectors._sql_base  Ensuring namespace exists: CREATE DATABASE IF NOT EXISTS `test_db`
2026-08-26 12:58:32,247  DEBUG     eds_loader.connectors._sql_base  [t] DROP TABLE IF EXISTS `test_db`.`t`
2026-08-26 12:58:32,247  DEBUG     eds_loader.connectors._sql_base  [t] CREATE TABLE `test_db`.`t` (
    `id` BIGINT
)
2026-08-26 12:58:32,247  DEBUG     eds_loader.connectors._sql_base  [t] inserting 1 row(s)
2026-08-26 12:58:32,248  INFO      eds_loader.connectors._sql_base  [t] wrote 1 row(s) in 0.00s
2026-08-26 12:58:32,250  INFO      eds_loader.connectors._sql_base  Connected to test_user@srv:3306/db
2026-08-26 12:58:32,250  DEBUG     eds_loader.connectors._sql_base  Ensuring namespace exists: CREATE DATABASE IF NOT EXISTS `db`
2026-08-26 12:58:32,250  DEBUG     eds_loader.connectors._sql_base  [tbl] DROP TABLE IF EXISTS `db`.`tbl`
2026-08-26 12:58:32,250  DEBUG     eds_loader.connectors._sql_base  [tbl] CREATE TABLE `db`.`tbl` (
    `id` BIGINT
)
2026-08-26 12:58:32,251  DEBUG     eds_loader.connectors._sql_base  [tbl] inserting 1 row(s)
2026-08-26 12:58:32,251  INFO      eds_loader.connectors._sql_base  [tbl] wrote 1 row(s) in 0.00s
2026-08-26 12:58:32,252  INFO      eds_loader.connectors._sql_base  Connected to test_user@localhost:3306/test_db
2026-08-26 12:58:32,252  DEBUG     eds_loader.connectors._sql_base  Table write order (FK-sorted): customers, orders
2026-08-26 12:58:32,252  DEBUG     eds_loader.connectors._sql_base  Ensuring namespace exists: CREATE DATABASE IF NOT EXISTS `test_db`
2026-08-26 12:58:32,253  DEBUG     eds_loader.connectors._sql_base  [customers] DROP TABLE IF EXISTS `test_db`.`customers`
2026-08-26 12:58:32,253  DEBUG     eds_loader.connectors._sql_base  [customers] CREATE TABLE `test_db`.`customers` (
    `customer_id` BIGINT PRIMARY KEY,
    `name` TEXT
)
2026-08-26 12:58:32,253  DEBUG     eds_loader.connectors._sql_base  [customers] inserting 2 row(s)
2026-08-26 12:58:32,253  INFO      eds_loader.connectors._sql_base  [customers] wrote 2 row(s) in 0.00s
2026-08-26 12:58:32,253  DEBUG     eds_loader.connectors._sql_base  [orders] DROP TABLE IF EXISTS `test_db`.`orders`
2026-08-26 12:58:32,253  DEBUG     eds_loader.connectors._sql_base  [orders] CREATE TABLE `test_db`.`orders` (
    `order_id` BIGINT PRIMARY KEY,
    `customer_id` BIGINT NOT NULL REFERENCES `test_db`.`customers`(`customer_id`)
)
2026-08-26 12:58:32,254  DEBUG     eds_loader.connectors._sql_base  [orders] inserting 1 row(s)
2026-08-26 12:58:32,254  INFO      eds_loader.connectors._sql_base  [orders] wrote 1 row(s) in 0.00s
2026-08-26 12:58:32,268  DEBUG     eds_loader.connectors.local_fs  Reading schema.json from C:\Users\Mohit Patel\AppData\Local\Temp\pytest-of-spmohit\pytest-35\test_integration_local_fs_to_m1\source\schema.json
2026-08-26 12:58:32,286  DEBUG     eds_loader.connectors.local_fs  schema.json parsed: 2 dataset(s)
2026-08-26 12:58:32,304  INFO      eds_loader.connectors.local_fs  Read customers: 2 row(s) from C:\Users\Mohit Patel\AppData\Local\Temp\pytest-of-spmohit\pytest-35\test_integration_local_fs_to_m1\source\customers.parquet
2026-08-26 12:58:32,306  INFO      eds_loader.connectors.local_fs  Read orders: 1 row(s) from C:\Users\Mohit Patel\AppData\Local\Temp\pytest-of-spmohit\pytest-35\test_integration_local_fs_to_m1\source\orders.parquet
2026-08-26 12:58:32,306  INFO      eds_loader.loader  Read 2 dataset(s) from source
2026-08-26 12:58:32,309  INFO      eds_loader.connectors._sql_base  Connected to test_user@localhost:3306/test_db
2026-08-26 12:58:32,309  DEBUG     eds_loader.connectors._sql_base  Table write order (FK-sorted): customers, orders
2026-08-26 12:58:32,309  DEBUG     eds_loader.connectors._sql_base  Ensuring namespace exists: CREATE DATABASE IF NOT EXISTS `test_db`
2026-08-26 12:58:32,310  DEBUG     eds_loader.connectors._sql_base  [customers] DROP TABLE IF EXISTS `test_db`.`customers`
2026-08-26 12:58:32,310  DEBUG     eds_loader.connectors._sql_base  [customers] CREATE TABLE `test_db`.`customers` (
    `customer_id` BIGINT PRIMARY KEY,
    `name` TEXT
)
2026-08-26 12:58:32,310  DEBUG     eds_loader.connectors._sql_base  [customers] inserting 2 row(s)
2026-08-26 12:58:32,310  INFO      eds_loader.connectors._sql_base  [customers] wrote 2 row(s) in 0.00s
2026-08-26 12:58:32,310  DEBUG     eds_loader.connectors._sql_base  [orders] DROP TABLE IF EXISTS `test_db`.`orders`
2026-08-26 12:58:32,310  DEBUG     eds_loader.connectors._sql_base  [orders] CREATE TABLE `test_db`.`orders` (
    `order_id` BIGINT PRIMARY KEY,
    `customer_id` BIGINT NOT NULL REFERENCES `test_db`.`customers`(`customer_id`)
)
2026-08-26 12:58:32,310  DEBUG     eds_loader.connectors._sql_base  [orders] inserting 1 row(s)
2026-08-26 12:58:32,310  INFO      eds_loader.connectors._sql_base  [orders] wrote 1 row(s) in 0.00s
2026-08-26 12:58:32,311  INFO      eds_loader.loader  Load complete: 3 row(s) written
2026-08-26 12:58:32,329  INFO      eds_loader.connectors._sql_base  Connected to test_user@localhost:5432/test_db
2026-08-26 12:58:32,329  DEBUG     eds_loader.connectors._sql_base  Ensuring namespace exists: CREATE SCHEMA IF NOT EXISTS "public"
2026-08-26 12:58:32,330  DEBUG     eds_loader.connectors._sql_base  [customers] DROP TABLE IF EXISTS "public"."customers" CASCADE
2026-08-26 12:58:32,330  DEBUG     eds_loader.connectors._sql_base  [customers] CREATE TABLE "public"."customers" (
    "customer_id" BIGINT,
    "name" TEXT
)
2026-08-26 12:58:32,330  DEBUG     eds_loader.connectors._sql_base  [customers] inserting 3 row(s)
2026-08-26 12:58:32,330  INFO      eds_loader.connectors._sql_base  [customers] wrote 3 row(s) in 0.00s
2026-08-26 12:58:32,331  DEBUG     eds_loader.connectors._sql_base  [orders] DROP TABLE IF EXISTS "public"."orders" CASCADE
2026-08-26 12:58:32,331  DEBUG     eds_loader.connectors._sql_base  [orders] CREATE TABLE "public"."orders" (
    "order_id" BIGINT,
    "customer_id" BIGINT,
    "amount" DOUBLE PRECISION
)
2026-08-26 12:58:32,331  DEBUG     eds_loader.connectors._sql_base  [orders] inserting 2 row(s)
2026-08-26 12:58:32,331  INFO      eds_loader.connectors._sql_base  [orders] wrote 2 row(s) in 0.00s
2026-08-26 12:58:32,332  INFO      eds_loader.connectors._sql_base  Connected to test_user@localhost:5432/test_db
2026-08-26 12:58:32,332  DEBUG     eds_loader.connectors._sql_base  Ensuring namespace exists: CREATE SCHEMA IF NOT EXISTS "public"
2026-08-26 12:58:32,333  DEBUG     eds_loader.connectors._sql_base  [customers] DROP TABLE IF EXISTS "public"."customers" CASCADE
2026-08-26 12:58:32,333  DEBUG     eds_loader.connectors._sql_base  [customers] CREATE TABLE "public"."customers" (
    "id" BIGINT
)
2026-08-26 12:58:32,333  DEBUG     eds_loader.connectors._sql_base  [customers] inserting 1 row(s)
2026-08-26 12:58:32,334  INFO      eds_loader.connectors._sql_base  [customers] wrote 1 row(s) in 0.00s
2026-08-26 12:58:32,336  INFO      eds_loader.connectors._sql_base  Connected to test_user@localhost:5432/test_db
2026-08-26 12:58:32,336  DEBUG     eds_loader.connectors._sql_base  Ensuring namespace exists: CREATE SCHEMA IF NOT EXISTS "public"
2026-08-26 12:58:32,336  DEBUG     eds_loader.connectors._sql_base  [tbl] DROP TABLE IF EXISTS "public"."tbl" CASCADE
2026-08-26 12:58:32,336  DEBUG     eds_loader.connectors._sql_base  [tbl] CREATE TABLE "public"."tbl" (
    "a" BIGINT
)
2026-08-26 12:58:32,337  DEBUG     eds_loader.connectors._sql_base  [tbl] inserting 1 row(s)
2026-08-26 12:58:32,337  INFO      eds_loader.connectors._sql_base  [tbl] wrote 1 row(s) in 0.00s
2026-08-26 12:58:32,338  INFO      eds_loader.connectors._sql_base  Connected to test_user@localhost:5432/test_db
2026-08-26 12:58:32,338  DEBUG     eds_loader.connectors._sql_base  Ensuring namespace exists: CREATE SCHEMA IF NOT EXISTS "public"
2026-08-26 12:58:32,339  DEBUG     eds_loader.connectors._sql_base  [data] DROP TABLE IF EXISTS "public"."data" CASCADE
2026-08-26 12:58:32,339  DEBUG     eds_loader.connectors._sql_base  [data] CREATE TABLE "public"."data" (
    "id" BIGINT,
    "val" TEXT
)
2026-08-26 12:58:32,339  DEBUG     eds_loader.connectors._sql_base  [data] inserting 3 row(s)
2026-08-26 12:58:32,339  INFO      eds_loader.connectors._sql_base  [data] wrote 3 row(s) in 0.00s
2026-08-26 12:58:32,340  INFO      eds_loader.connectors._sql_base  Connected to test_user@localhost:5432/test_db
2026-08-26 12:58:32,340  DEBUG     eds_loader.connectors._sql_base  Ensuring namespace exists: CREATE SCHEMA IF NOT EXISTS "public"
2026-08-26 12:58:32,341  DEBUG     eds_loader.connectors._sql_base  [customers] DROP TABLE IF EXISTS "public"."customers" CASCADE
2026-08-26 12:58:32,341  DEBUG     eds_loader.connectors._sql_base  [customers] CREATE TABLE "public"."customers" (
    "customer_id" BIGINT,
    "name" TEXT
)
2026-08-26 12:58:32,341  DEBUG     eds_loader.connectors._sql_base  [customers] inserting 3 row(s)
2026-08-26 12:58:32,341  INFO      eds_loader.connectors._sql_base  [customers] wrote 3 row(s) in 0.00s
2026-08-26 12:58:32,341  DEBUG     eds_loader.connectors._sql_base  [orders] DROP TABLE IF EXISTS "public"."orders" CASCADE
2026-08-26 12:58:32,341  DEBUG     eds_loader.connectors._sql_base  [orders] CREATE TABLE "public"."orders" (
    "order_id" BIGINT,
    "customer_id" BIGINT,
    "amount" DOUBLE PRECISION
)
2026-08-26 12:58:32,341  DEBUG     eds_loader.connectors._sql_base  [orders] inserting 2 row(s)
2026-08-26 12:58:32,342  INFO      eds_loader.connectors._sql_base  [orders] wrote 2 row(s) in 0.00s
2026-08-26 12:58:32,343  INFO      eds_loader.connectors._sql_base  Connected to test_user@localhost:5432/test_db
2026-08-26 12:58:32,343  DEBUG     eds_loader.connectors._sql_base  Ensuring namespace exists: CREATE SCHEMA IF NOT EXISTS "public"
2026-08-26 12:58:32,343  DEBUG     eds_loader.connectors._sql_base  [customers] DROP TABLE IF EXISTS "public"."customers" CASCADE
2026-08-26 12:58:32,343  DEBUG     eds_loader.connectors._sql_base  [customers] CREATE TABLE "public"."customers" (
    "customer_id" BIGINT,
    "name" TEXT
)
2026-08-26 12:58:32,343  DEBUG     eds_loader.connectors._sql_base  [customers] inserting 3 row(s)
2026-08-26 12:58:32,344  INFO      eds_loader.connectors._sql_base  [customers] wrote 3 row(s) in 0.00s
2026-08-26 12:58:32,344  DEBUG     eds_loader.connectors._sql_base  [orders] DROP TABLE IF EXISTS "public"."orders" CASCADE
2026-08-26 12:58:32,344  DEBUG     eds_loader.connectors._sql_base  [orders] CREATE TABLE "public"."orders" (
    "order_id" BIGINT,
    "customer_id" BIGINT,
    "amount" DOUBLE PRECISION
)
2026-08-26 12:58:32,344  DEBUG     eds_loader.connectors._sql_base  [orders] inserting 2 row(s)
2026-08-26 12:58:32,344  INFO      eds_loader.connectors._sql_base  [orders] wrote 2 row(s) in 0.00s
2026-08-26 12:58:32,345  INFO      eds_loader.connectors._sql_base  Connected to test_user@localhost:5432/test_db
2026-08-26 12:58:32,345  DEBUG     eds_loader.connectors._sql_base  Ensuring namespace exists: CREATE SCHEMA IF NOT EXISTS "public"
2026-08-26 12:58:32,346  DEBUG     eds_loader.connectors._sql_base  [customers] DROP TABLE IF EXISTS "public"."customers" CASCADE
2026-08-26 12:58:32,346  DEBUG     eds_loader.connectors._sql_base  [customers] CREATE TABLE "public"."customers" (
    "customer_id" BIGINT,
    "name" TEXT
)
2026-08-26 12:58:32,346  DEBUG     eds_loader.connectors._sql_base  [customers] inserting 3 row(s)
2026-08-26 12:58:32,346  INFO      eds_loader.connectors._sql_base  [customers] wrote 3 row(s) in 0.00s
2026-08-26 12:58:32,346  DEBUG     eds_loader.connectors._sql_base  [orders] DROP TABLE IF EXISTS "public"."orders" CASCADE
2026-08-26 12:58:32,346  DEBUG     eds_loader.connectors._sql_base  [orders] CREATE TABLE "public"."orders" (
    "order_id" BIGINT,
    "customer_id" BIGINT,
    "amount" DOUBLE PRECISION
)
2026-08-26 12:58:32,346  DEBUG     eds_loader.connectors._sql_base  [orders] inserting 2 row(s)
2026-08-26 12:58:32,346  INFO      eds_loader.connectors._sql_base  [orders] wrote 2 row(s) in 0.00s
2026-08-26 12:58:32,348  INFO      eds_loader.connectors._sql_base  Connected to test_user@dbserver:5433/mydb
2026-08-26 12:58:32,348  DEBUG     eds_loader.connectors._sql_base  Ensuring namespace exists: CREATE SCHEMA IF NOT EXISTS "public"
2026-08-26 12:58:32,348  DEBUG     eds_loader.connectors._sql_base  [tbl] DROP TABLE IF EXISTS "public"."tbl" CASCADE
2026-08-26 12:58:32,349  DEBUG     eds_loader.connectors._sql_base  [tbl] CREATE TABLE "public"."tbl" (
    "id" BIGINT
)
2026-08-26 12:58:32,349  DEBUG     eds_loader.connectors._sql_base  [tbl] inserting 1 row(s)
2026-08-26 12:58:32,349  INFO      eds_loader.connectors._sql_base  [tbl] wrote 1 row(s) in 0.00s
2026-08-26 12:58:32,351  INFO      eds_loader.connectors._sql_base  Connected to test_user@localhost:5432/test_db
2026-08-26 12:58:32,351  DEBUG     eds_loader.connectors._sql_base  Table write order (FK-sorted): customers, orders
2026-08-26 12:58:32,351  DEBUG     eds_loader.connectors._sql_base  Ensuring namespace exists: CREATE SCHEMA IF NOT EXISTS "public"
2026-08-26 12:58:32,352  DEBUG     eds_loader.connectors._sql_base  [customers] DROP TABLE IF EXISTS "public"."customers" CASCADE
2026-08-26 12:58:32,352  DEBUG     eds_loader.connectors._sql_base  [customers] CREATE TABLE "public"."customers" (
    "customer_id" BIGINT PRIMARY KEY,
    "name" TEXT UNIQUE
)
2026-08-26 12:58:32,352  DEBUG     eds_loader.connectors._sql_base  [customers] inserting 3 row(s)
2026-08-26 12:58:32,352  INFO      eds_loader.connectors._sql_base  [customers] wrote 3 row(s) in 0.00s
2026-08-26 12:58:32,352  DEBUG     eds_loader.connectors._sql_base  [orders] DROP TABLE IF EXISTS "public"."orders" CASCADE
2026-08-26 12:58:32,352  DEBUG     eds_loader.connectors._sql_base  [orders] CREATE TABLE "public"."orders" (
    "order_id" BIGINT PRIMARY KEY,
    "customer_id" BIGINT NOT NULL REFERENCES "public"."customers"("customer_id"),
    "amount" DOUBLE PRECISION
)
2026-08-26 12:58:32,352  DEBUG     eds_loader.connectors._sql_base  [orders] inserting 2 row(s)
2026-08-26 12:58:32,352  INFO      eds_loader.connectors._sql_base  [orders] wrote 2 row(s) in 0.00s
2026-08-26 12:58:32,354  INFO      eds_loader.connectors._sql_base  Connected to test_user@localhost:5432/test_db
2026-08-26 12:58:32,354  DEBUG     eds_loader.connectors._sql_base  Table write order (FK-sorted): customers, orders
2026-08-26 12:58:32,354  DEBUG     eds_loader.connectors._sql_base  Ensuring namespace exists: CREATE SCHEMA IF NOT EXISTS "public"
2026-08-26 12:58:32,354  DEBUG     eds_loader.connectors._sql_base  [customers] DROP TABLE IF EXISTS "public"."customers" CASCADE
2026-08-26 12:58:32,354  DEBUG     eds_loader.connectors._sql_base  [customers] CREATE TABLE "public"."customers" (
    "customer_id" BIGINT PRIMARY KEY,
    "name" TEXT UNIQUE
)
2026-08-26 12:58:32,354  DEBUG     eds_loader.connectors._sql_base  [customers] inserting 3 row(s)
2026-08-26 12:58:32,354  INFO      eds_loader.connectors._sql_base  [customers] wrote 3 row(s) in 0.00s
2026-08-26 12:58:32,354  DEBUG     eds_loader.connectors._sql_base  [orders] DROP TABLE IF EXISTS "public"."orders" CASCADE
2026-08-26 12:58:32,355  DEBUG     eds_loader.connectors._sql_base  [orders] CREATE TABLE "public"."orders" (
    "order_id" BIGINT PRIMARY KEY,
    "customer_id" BIGINT NOT NULL REFERENCES "public"."customers"("customer_id"),
    "amount" DOUBLE PRECISION
)
2026-08-26 12:58:32,355  DEBUG     eds_loader.connectors._sql_base  [orders] inserting 2 row(s)
2026-08-26 12:58:32,355  INFO      eds_loader.connectors._sql_base  [orders] wrote 2 row(s) in 0.00s
2026-08-26 12:58:32,357  INFO      eds_loader.connectors._sql_base  Connected to test_user@localhost:5432/test_db
2026-08-26 12:58:32,357  DEBUG     eds_loader.connectors._sql_base  Ensuring namespace exists: CREATE SCHEMA IF NOT EXISTS "public"
2026-08-26 12:58:32,357  DEBUG     eds_loader.connectors._sql_base  [empty] DROP TABLE IF EXISTS "public"."empty" CASCADE
2026-08-26 12:58:32,357  DEBUG     eds_loader.connectors._sql_base  [empty] CREATE TABLE "public"."empty" (
    "id" BIGINT
)
2026-08-26 12:58:32,357  DEBUG     eds_loader.connectors._sql_base  [empty] inserting 0 row(s)
2026-08-26 12:58:32,357  INFO      eds_loader.connectors._sql_base  [empty] wrote 0 row(s) in 0.00s
2026-08-26 12:58:32,359  INFO      eds_loader.connectors._sql_base  Connected to test_user@localhost:5432/test_db
2026-08-26 12:58:32,359  DEBUG     eds_loader.connectors._sql_base  Ensuring namespace exists: CREATE SCHEMA IF NOT EXISTS "public"
2026-08-26 12:58:32,359  DEBUG     eds_loader.connectors._sql_base  [tbl] DROP TABLE IF EXISTS "public"."tbl" CASCADE
2026-08-26 12:58:32,359  DEBUG     eds_loader.connectors._sql_base  [tbl] CREATE TABLE "public"."tbl" (
    "id" BIGINT
)
2026-08-26 12:58:32,359  ERROR     eds_loader.connectors._sql_base  [tbl] write failed: DB error
2026-08-26 12:58:32,361  INFO      eds_loader.connectors._sql_base  Connected to test_user@localhost:5432/test_db
2026-08-26 12:58:32,361  DEBUG     eds_loader.connectors._sql_base  Ensuring namespace exists: CREATE SCHEMA IF NOT EXISTS "public"
2026-08-26 12:58:32,361  DEBUG     eds_loader.connectors._sql_base  [tbl] DROP TABLE IF EXISTS "public"."tbl" CASCADE
2026-08-26 12:58:32,361  DEBUG     eds_loader.connectors._sql_base  [tbl] CREATE TABLE "public"."tbl" (
    "id" BIGINT
)
2026-08-26 12:58:32,361  ERROR     eds_loader.connectors._sql_base  [tbl] write failed: oops
2026-08-26 12:58:32,376  DEBUG     eds_loader.connectors.local_fs  Reading schema.json from C:\Users\Mohit Patel\AppData\Local\Temp\pytest-of-spmohit\pytest-35\test_integration_local_fs_to_p0\source\schema.json
2026-08-26 12:58:32,377  DEBUG     eds_loader.connectors.local_fs  schema.json parsed: 2 dataset(s)
2026-08-26 12:58:32,379  INFO      eds_loader.connectors.local_fs  Read customers: 3 row(s) from C:\Users\Mohit Patel\AppData\Local\Temp\pytest-of-spmohit\pytest-35\test_integration_local_fs_to_p0\source\customers.parquet
2026-08-26 12:58:32,381  INFO      eds_loader.connectors.local_fs  Read orders: 2 row(s) from C:\Users\Mohit Patel\AppData\Local\Temp\pytest-of-spmohit\pytest-35\test_integration_local_fs_to_p0\source\orders.parquet
2026-08-26 12:58:32,381  INFO      eds_loader.loader  Read 2 dataset(s) from source
2026-08-26 12:58:32,381  INFO      eds_loader.connectors._sql_base  Connected to test_user@localhost:5432/test_db
2026-08-26 12:58:32,381  DEBUG     eds_loader.connectors._sql_base  Table write order (FK-sorted): customers, orders
2026-08-26 12:58:32,381  DEBUG     eds_loader.connectors._sql_base  Ensuring namespace exists: CREATE SCHEMA IF NOT EXISTS "public"
2026-08-26 12:58:32,382  DEBUG     eds_loader.connectors._sql_base  [customers] DROP TABLE IF EXISTS "public"."customers" CASCADE
2026-08-26 12:58:32,385  DEBUG     eds_loader.connectors._sql_base  [customers] CREATE TABLE "public"."customers" (
    "customer_id" BIGINT PRIMARY KEY,
    "name" TEXT UNIQUE
)
2026-08-26 12:58:32,385  DEBUG     eds_loader.connectors._sql_base  [customers] inserting 3 row(s)
2026-08-26 12:58:32,386  INFO      eds_loader.connectors._sql_base  [customers] wrote 3 row(s) in 0.00s
2026-08-26 12:58:32,386  DEBUG     eds_loader.connectors._sql_base  [orders] DROP TABLE IF EXISTS "public"."orders" CASCADE
2026-08-26 12:58:32,386  DEBUG     eds_loader.connectors._sql_base  [orders] CREATE TABLE "public"."orders" (
    "order_id" BIGINT PRIMARY KEY,
    "customer_id" BIGINT NOT NULL REFERENCES "public"."customers"("customer_id"),
    "amount" DOUBLE PRECISION
)
2026-08-26 12:58:32,386  DEBUG     eds_loader.connectors._sql_base  [orders] inserting 2 row(s)
2026-08-26 12:58:32,386  INFO      eds_loader.connectors._sql_base  [orders] wrote 2 row(s) in 0.00s
2026-08-26 12:58:32,386  INFO      eds_loader.loader  Load complete: 5 row(s) written
2026-08-26 12:58:32,396  DEBUG     eds_loader.connectors.local_fs  Reading schema.json from C:\Users\Mohit Patel\AppData\Local\Temp\pytest-of-spmohit\pytest-35\test_integration_enforce_false1\source2\schema.json
2026-08-26 12:58:32,398  DEBUG     eds_loader.connectors.local_fs  schema.json parsed: 2 dataset(s)
2026-08-26 12:58:32,401  INFO      eds_loader.connectors.local_fs  Read customers: 3 row(s) from C:\Users\Mohit Patel\AppData\Local\Temp\pytest-of-spmohit\pytest-35\test_integration_enforce_false1\source2\customers.parquet
2026-08-26 12:58:32,404  INFO      eds_loader.connectors.local_fs  Read orders: 2 row(s) from C:\Users\Mohit Patel\AppData\Local\Temp\pytest-of-spmohit\pytest-35\test_integration_enforce_false1\source2\orders.parquet
2026-08-26 12:58:32,404  INFO      eds_loader.loader  Read 2 dataset(s) from source
2026-08-26 12:58:32,404  INFO      eds_loader.connectors._sql_base  Connected to test_user@localhost:5432/test_db
2026-08-26 12:58:32,404  DEBUG     eds_loader.connectors._sql_base  Ensuring namespace exists: CREATE SCHEMA IF NOT EXISTS "public"
2026-08-26 12:58:32,404  DEBUG     eds_loader.connectors._sql_base  [customers] DROP TABLE IF EXISTS "public"."customers" CASCADE
2026-08-26 12:58:32,405  DEBUG     eds_loader.connectors._sql_base  [customers] CREATE TABLE "public"."customers" (
    "customer_id" BIGINT,
    "name" TEXT
)
2026-08-26 12:58:32,405  DEBUG     eds_loader.connectors._sql_base  [customers] inserting 3 row(s)
2026-08-26 12:58:32,405  INFO      eds_loader.connectors._sql_base  [customers] wrote 3 row(s) in 0.00s
2026-08-26 12:58:32,405  DEBUG     eds_loader.connectors._sql_base  [orders] DROP TABLE IF EXISTS "public"."orders" CASCADE
2026-08-26 12:58:32,405  DEBUG     eds_loader.connectors._sql_base  [orders] CREATE TABLE "public"."orders" (
    "order_id" BIGINT,
    "customer_id" BIGINT,
    "amount" DOUBLE PRECISION
)
2026-08-26 12:58:32,405  DEBUG     eds_loader.connectors._sql_base  [orders] inserting 2 row(s)
2026-08-26 12:58:32,405  INFO      eds_loader.connectors._sql_base  [orders] wrote 2 row(s) in 0.00s
2026-08-26 12:58:32,405  INFO      eds_loader.loader  Load complete: 5 row(s) written
2026-08-26 12:58:32,419  INFO      eds_loader.connectors.remote_fs  Connected to SFTP testuser@test.example.com:22
2026-08-26 12:58:32,422  INFO      eds_loader.connectors.remote_fs  Connected to SFTP testuser@test.example.com:22
2026-08-26 12:58:32,490  INFO      eds_loader.connectors.remote_fs  Connected to SFTP testuser@test.example.com:22
2026-08-26 12:58:32,504  DEBUG     eds_loader.connectors.remote_fs  Listing remote directory: /data/eds
2026-08-26 12:58:32,504  DEBUG     eds_loader.connectors.remote_fs  Found 2 .parquet file(s) in /data/eds
2026-08-26 12:58:32,505  INFO      eds_loader.connectors.remote_fs  Downloaded customers: 2 row(s) from /data/eds/customers.parquet
2026-08-26 12:58:32,507  INFO      eds_loader.connectors.remote_fs  Downloaded orders: 1 row(s) from /data/eds/orders.parquet
2026-08-26 12:58:32,510  DEBUG     eds_loader.connectors.remote_fs  Listing remote directory: /data/eds
2026-08-26 12:58:32,510  DEBUG     eds_loader.connectors.remote_fs  Found 1 .parquet file(s) in /data/eds
2026-08-26 12:58:32,511  INFO      eds_loader.connectors.remote_fs  Downloaded data: 1 row(s) from /data/eds/data.parquet
2026-08-26 12:58:32,513  DEBUG     eds_loader.connectors.remote_fs  Listing remote directory: /data/eds
2026-08-26 12:58:32,515  INFO      eds_loader.connectors.remote_fs  Downloaded customers: 2 row(s) from /data/eds/customers.parquet
2026-08-26 12:58:32,518  INFO      eds_loader.connectors.remote_fs  Downloaded my_table: 3 row(s) from /data/eds/my_table.parquet
2026-08-26 12:58:32,550  DEBUG     eds_loader.connectors.remote_fs  Listing remote directory: /data/eds
2026-08-26 12:58:32,551  DEBUG     eds_loader.connectors.remote_fs  Found 0 .parquet file(s) in /data/eds
2026-08-26 12:58:32,561  INFO      eds_loader.connectors.remote_fs  Downloaded customers: 2 row(s) from /data/eds/customers.parquet
2026-08-26 12:58:32,562  INFO      eds_loader.connectors.remote_fs  Downloaded orders: 1 row(s) from /data/eds/orders.parquet
2026-08-26 12:58:32,562  INFO      eds_loader.loader  Read 2 dataset(s) from source
2026-08-26 12:58:32,563  INFO      eds_loader.connectors.local_fs  Wrote customers: 2 row(s) to C:\Users\Mohit Patel\AppData\Local\Temp\pytest-of-spmohit\pytest-35\test_integration_remote_fs_sou0\remote_to_local_target\customers.parquet
2026-08-26 12:58:32,564  INFO      eds_loader.connectors.local_fs  Wrote orders: 1 row(s) to C:\Users\Mohit Patel\AppData\Local\Temp\pytest-of-spmohit\pytest-35\test_integration_remote_fs_sou0\remote_to_local_target\orders.parquet
2026-08-26 12:58:32,564  DEBUG     eds_loader.connectors.local_fs  Merging schema.json at target
2026-08-26 12:58:32,565  INFO      eds_loader.loader  Load complete: 3 row(s) written
2026-08-26 12:58:32,570  INFO      eds_loader.connectors.remote_fs  Downloaded customers: 2 row(s) from /data/eds/customers.parquet
2026-08-26 12:58:32,570  INFO      eds_loader.loader  Read 1 dataset(s) from source
2026-08-26 12:58:32,572  INFO      eds_loader.connectors.local_fs  Wrote customers: 2 row(s) to C:\Users\Mohit Patel\AppData\Local\Temp\pytest-of-spmohit\pytest-35\test_integration_table_subset_1\subset_target\customers.parquet
2026-08-26 12:58:32,572  DEBUG     eds_loader.connectors.local_fs  Merging schema.json at target
2026-08-26 12:58:32,572  INFO      eds_loader.loader  Load complete: 2 row(s) written
2026-08-26 12:58:32,604  INFO      eds_loader.loader  Read 2 dataset(s) from source
2026-08-26 12:58:32,606  INFO      eds_loader.connectors.local_fs  Wrote customers: 2 row(s) to C:\Users\Mohit Patel\AppData\Local\Temp\pytest-of-spmohit\pytest-35\test_integration_s3_source_via0\target\customers.parquet
2026-08-26 12:58:32,608  INFO      eds_loader.connectors.local_fs  Wrote orders: 1 row(s) to C:\Users\Mohit Patel\AppData\Local\Temp\pytest-of-spmohit\pytest-35\test_integration_s3_source_via0\target\orders.parquet
2026-08-26 12:58:32,608  DEBUG     eds_loader.connectors.local_fs  Merging schema.json at target
2026-08-26 12:58:32,608  INFO      eds_loader.loader  Load complete: 3 row(s) written
2026-08-26 12:58:32,646  INFO      eds_loader.connectors._sql_base  Connected to testuser@testhost:9999/testdb
2026-08-26 12:58:32,646  DEBUG     eds_loader.connectors._sql_base  Ensuring namespace exists: CREATE DATABASE IF NOT EXISTS [testdb]
2026-08-26 12:58:32,647  DEBUG     eds_loader.connectors._sql_base  [t] DROP TABLE IF EXISTS [testdb].[t]
2026-08-26 12:58:32,648  DEBUG     eds_loader.connectors._sql_base  [t] CREATE TABLE [testdb].[t] (
    [id] INT
)
2026-08-26 12:58:32,648  DEBUG     eds_loader.connectors._sql_base  [t] inserting 1 row(s)
2026-08-26 12:58:32,648  INFO      eds_loader.connectors._sql_base  [t] wrote 1 row(s) in 0.00s
2026-08-26 12:58:32,649  INFO      eds_loader.connectors._sql_base  Connected to testuser@testhost:9999/testdb
2026-08-26 12:58:32,650  DEBUG     eds_loader.connectors._sql_base  [t] DROP TABLE IF EXISTS [testdb].[t]
2026-08-26 12:58:32,650  DEBUG     eds_loader.connectors._sql_base  [t] CREATE TABLE [testdb].[t] (
    [id] INT
)
2026-08-26 12:58:32,650  DEBUG     eds_loader.connectors._sql_base  [t] inserting 1 row(s)
2026-08-26 12:58:32,651  INFO      eds_loader.connectors._sql_base  [t] wrote 1 row(s) in 0.00s
2026-08-26 12:58:32,652  INFO      eds_loader.connectors._sql_base  Connected to testuser@testhost:9999/testdb
2026-08-26 12:58:32,653  DEBUG     eds_loader.connectors._sql_base  [t] DROP TABLE IF EXISTS [testdb].[t]
2026-08-26 12:58:32,653  ERROR     eds_loader.connectors._sql_base  [t] write failed: DB down
2026-08-26 12:58:32,654  INFO      eds_loader.connectors._sql_base  Connected to testuser@testhost:9999/testdb
2026-08-26 12:58:32,655  DEBUG     eds_loader.connectors._sql_base  [a] DROP TABLE IF EXISTS [testdb].[a]
2026-08-26 12:58:32,655  DEBUG     eds_loader.connectors._sql_base  [a] CREATE TABLE [testdb].[a] (
    [id] INT
)
2026-08-26 12:58:32,655  DEBUG     eds_loader.connectors._sql_base  [a] inserting 1 row(s)
2026-08-26 12:58:32,655  INFO      eds_loader.connectors._sql_base  [a] wrote 1 row(s) in 0.00s
2026-08-26 12:58:32,655  DEBUG     eds_loader.connectors._sql_base  [b] DROP TABLE IF EXISTS [testdb].[b]
2026-08-26 12:58:32,656  DEBUG     eds_loader.connectors._sql_base  [b] CREATE TABLE [testdb].[b] (
    [id] INT
)
2026-08-26 12:58:32,656  DEBUG     eds_loader.connectors._sql_base  [b] inserting 1 row(s)
2026-08-26 12:58:32,656  INFO      eds_loader.connectors._sql_base  [b] wrote 1 row(s) in 0.00s
2026-08-26 12:58:32,657  INFO      eds_loader.connectors._sql_base  Connected to testuser@testhost:9999/testdb
2026-08-26 12:58:32,658  DEBUG     eds_loader.connectors._sql_base  [z] DROP TABLE IF EXISTS [testdb].[z]
2026-08-26 12:58:32,658  DEBUG     eds_loader.connectors._sql_base  [z] CREATE TABLE [testdb].[z] (
    [id] INT
)
2026-08-26 12:58:32,658  DEBUG     eds_loader.connectors._sql_base  [z] inserting 1 row(s)
2026-08-26 12:58:32,658  INFO      eds_loader.connectors._sql_base  [z] wrote 1 row(s) in 0.00s
2026-08-26 12:58:32,660  DEBUG     eds_loader.connectors._sql_base  [a] DROP TABLE IF EXISTS [testdb].[a]
2026-08-26 12:58:32,660  DEBUG     eds_loader.connectors._sql_base  [a] CREATE TABLE [testdb].[a] (
    [id] INT
)
2026-08-26 12:58:32,660  DEBUG     eds_loader.connectors._sql_base  [a] inserting 1 row(s)
2026-08-26 12:58:32,660  INFO      eds_loader.connectors._sql_base  [a] wrote 1 row(s) in 0.00s
2026-08-26 12:58:32,662  INFO      eds_loader.connectors._sql_base  Connected to testuser@testhost:9999/testdb
2026-08-26 12:58:32,663  DEBUG     eds_loader.connectors._sql_base  [tbl] DROP TABLE IF EXISTS [testdb].[tbl]
2026-08-26 12:58:32,663  DEBUG     eds_loader.connectors._sql_base  [tbl] CREATE TABLE [testdb].[tbl] (
    [id] INT
)
2026-08-26 12:58:32,663  DEBUG     eds_loader.connectors._sql_base  [tbl] inserting 1 row(s)
2026-08-26 12:58:32,663  INFO      eds_loader.connectors._sql_base  [tbl] wrote 1 row(s) in 0.00s
2026-08-26 12:58:32,665  INFO      eds_loader.connectors._sql_base  Connected to testuser@testhost:9999/testdb
2026-08-26 12:58:32,665  DEBUG     eds_loader.connectors._sql_base  [t] DROP TABLE IF EXISTS [testdb].[t]
2026-08-26 12:58:32,666  DEBUG     eds_loader.connectors._sql_base  [t] CREATE TABLE [testdb].[t] (
    [id] INT
)
2026-08-26 12:58:32,666  DEBUG     eds_loader.connectors._sql_base  [t] inserting 3 row(s)
2026-08-26 12:58:32,666  INFO      eds_loader.connectors._sql_base  [t] wrote 3 row(s) in 0.00s
2026-08-26 12:58:32,667  INFO      eds_loader.connectors._sql_base  Connected to testuser@testhost:9999/testdb
2026-08-26 12:58:32,668  DEBUG     eds_loader.connectors._sql_base  [t] DROP TABLE IF EXISTS [testdb].[t]
2026-08-26 12:58:32,668  DEBUG     eds_loader.connectors._sql_base  [t] CREATE TABLE [testdb].[t] (
    [id] INT
)
2026-08-26 12:58:32,668  ERROR     eds_loader.connectors._sql_base  [t] write failed: syntax error
2026-08-26 12:58:32,669  INFO      eds_loader.connectors._sql_base  Connected to testuser@testhost:9999/testdb
2026-08-26 12:58:32,670  DEBUG     eds_loader.connectors._sql_base  [t] DROP TABLE IF EXISTS [testdb].[t]
2026-08-26 12:58:32,670  DEBUG     eds_loader.connectors._sql_base  [t] CREATE TABLE [testdb].[t] (
    [id] INT
)
2026-08-26 12:58:32,670  ERROR     eds_loader.connectors._sql_base  [t] write failed: oops
2026-08-26 13:07:37,846  INFO      eds_loader.cli.main  eds-loader run invoked (config=C:\Users\Mohit Patel\AppData\Local\Temp\pytest-of-spmohit\pytest-36\test_run_exits_zero_on_success0\loader.yaml, dry_run=False)
2026-08-26 13:07:37,867  INFO      eds_loader.cli.main  Config loaded: source=local_fs target=local_fs tables=(all) enforce_constraints=True schema_required=True
2026-08-26 13:07:37,868  DEBUG     eds_loader.connectors.local_fs  Reading schema.json from C:\Users\Mohit Patel\AppData\Local\Temp\pytest-of-spmohit\pytest-36\test_run_exits_zero_on_success0\source\schema.json
2026-08-26 13:07:37,869  DEBUG     eds_loader.connectors.local_fs  schema.json parsed: 2 dataset(s)
2026-08-26 13:07:37,871  INFO      eds_loader.connectors.local_fs  Read customers: 3 row(s) from C:\Users\Mohit Patel\AppData\Local\Temp\pytest-of-spmohit\pytest-36\test_run_exits_zero_on_success0\source\customers.parquet
2026-08-26 13:07:37,873  INFO      eds_loader.connectors.local_fs  Read orders: 2 row(s) from C:\Users\Mohit Patel\AppData\Local\Temp\pytest-of-spmohit\pytest-36\test_run_exits_zero_on_success0\source\orders.parquet
2026-08-26 13:07:37,873  INFO      eds_loader.loader  Read 2 dataset(s) from source
2026-08-26 13:07:37,876  INFO      eds_loader.connectors.local_fs  Wrote customers: 3 row(s) to C:\Users\Mohit Patel\AppData\Local\Temp\pytest-of-spmohit\pytest-36\test_run_exits_zero_on_success0\target\customers.parquet
2026-08-26 13:07:37,877  INFO      eds_loader.connectors.local_fs  Wrote orders: 2 row(s) to C:\Users\Mohit Patel\AppData\Local\Temp\pytest-of-spmohit\pytest-36\test_run_exits_zero_on_success0\target\orders.parquet
2026-08-26 13:07:37,877  DEBUG     eds_loader.connectors.local_fs  Merging schema.json at target
2026-08-26 13:07:37,878  INFO      eds_loader.loader  Load complete: 5 row(s) written
2026-08-26 13:07:37,878  INFO      eds_loader.cli.main  Run complete: 5 row(s) across 2 table(s) in 0.0s
2026-08-26 13:07:37,890  INFO      eds_loader.cli.main  eds-loader run invoked (config=C:\Users\Mohit Patel\AppData\Local\Temp\pytest-of-spmohit\pytest-36\test_run_prints_table_with_row0\loader.yaml, dry_run=False)
2026-08-26 13:07:37,908  INFO      eds_loader.cli.main  Config loaded: source=local_fs target=local_fs tables=(all) enforce_constraints=True schema_required=True
2026-08-26 13:07:37,909  DEBUG     eds_loader.connectors.local_fs  Reading schema.json from C:\Users\Mohit Patel\AppData\Local\Temp\pytest-of-spmohit\pytest-36\test_run_prints_table_with_row0\source\schema.json
2026-08-26 13:07:37,910  DEBUG     eds_loader.connectors.local_fs  schema.json parsed: 2 dataset(s)
2026-08-26 13:07:37,912  INFO      eds_loader.connectors.local_fs  Read customers: 3 row(s) from C:\Users\Mohit Patel\AppData\Local\Temp\pytest-of-spmohit\pytest-36\test_run_prints_table_with_row0\source\customers.parquet
2026-08-26 13:07:37,913  INFO      eds_loader.connectors.local_fs  Read orders: 2 row(s) from C:\Users\Mohit Patel\AppData\Local\Temp\pytest-of-spmohit\pytest-36\test_run_prints_table_with_row0\source\orders.parquet
2026-08-26 13:07:37,914  INFO      eds_loader.loader  Read 2 dataset(s) from source
2026-08-26 13:07:37,915  INFO      eds_loader.connectors.local_fs  Wrote customers: 3 row(s) to C:\Users\Mohit Patel\AppData\Local\Temp\pytest-of-spmohit\pytest-36\test_run_prints_table_with_row0\target\customers.parquet
2026-08-26 13:07:37,916  INFO      eds_loader.connectors.local_fs  Wrote orders: 2 row(s) to C:\Users\Mohit Patel\AppData\Local\Temp\pytest-of-spmohit\pytest-36\test_run_prints_table_with_row0\target\orders.parquet
2026-08-26 13:07:37,916  DEBUG     eds_loader.connectors.local_fs  Merging schema.json at target
2026-08-26 13:07:37,917  INFO      eds_loader.loader  Load complete: 5 row(s) written
2026-08-26 13:07:37,917  INFO      eds_loader.cli.main  Run complete: 5 row(s) across 2 table(s) in 0.0s
2026-08-26 13:07:37,928  INFO      eds_loader.cli.main  eds-loader run invoked (config=C:\Users\Mohit Patel\AppData\Local\Temp\pytest-of-spmohit\pytest-36\test_run_prints_timing_in_seco0\loader.yaml, dry_run=False)
2026-08-26 13:07:37,939  INFO      eds_loader.cli.main  Config loaded: source=local_fs target=local_fs tables=(all) enforce_constraints=True schema_required=True
2026-08-26 13:07:37,940  DEBUG     eds_loader.connectors.local_fs  Reading schema.json from C:\Users\Mohit Patel\AppData\Local\Temp\pytest-of-spmohit\pytest-36\test_run_prints_timing_in_seco0\source\schema.json
2026-08-26 13:07:37,941  DEBUG     eds_loader.connectors.local_fs  schema.json parsed: 2 dataset(s)
2026-08-26 13:07:37,942  INFO      eds_loader.connectors.local_fs  Read customers: 3 row(s) from C:\Users\Mohit Patel\AppData\Local\Temp\pytest-of-spmohit\pytest-36\test_run_prints_timing_in_seco0\source\customers.parquet
2026-08-26 13:07:37,944  INFO      eds_loader.connectors.local_fs  Read orders: 2 row(s) from C:\Users\Mohit Patel\AppData\Local\Temp\pytest-of-spmohit\pytest-36\test_run_prints_timing_in_seco0\source\orders.parquet
2026-08-26 13:07:37,944  INFO      eds_loader.loader  Read 2 dataset(s) from source
2026-08-26 13:07:37,945  INFO      eds_loader.connectors.local_fs  Wrote customers: 3 row(s) to C:\Users\Mohit Patel\AppData\Local\Temp\pytest-of-spmohit\pytest-36\test_run_prints_timing_in_seco0\target\customers.parquet
2026-08-26 13:07:37,946  INFO      eds_loader.connectors.local_fs  Wrote orders: 2 row(s) to C:\Users\Mohit Patel\AppData\Local\Temp\pytest-of-spmohit\pytest-36\test_run_prints_timing_in_seco0\target\orders.parquet
2026-08-26 13:07:37,946  DEBUG     eds_loader.connectors.local_fs  Merging schema.json at target
2026-08-26 13:07:37,947  INFO      eds_loader.loader  Load complete: 5 row(s) written
2026-08-26 13:07:37,947  INFO      eds_loader.cli.main  Run complete: 5 row(s) across 2 table(s) in 0.0s
2026-08-26 13:07:37,960  INFO      eds_loader.cli.main  eds-loader run invoked (config=C:\Users\Mohit Patel\AppData\Local\Temp\pytest-of-spmohit\pytest-36\test_run_table_has_location_co0\loader.yaml, dry_run=False)
2026-08-26 13:07:37,968  INFO      eds_loader.cli.main  Config loaded: source=local_fs target=local_fs tables=(all) enforce_constraints=True schema_required=True
2026-08-26 13:07:37,968  DEBUG     eds_loader.connectors.local_fs  Reading schema.json from C:\Users\Mohit Patel\AppData\Local\Temp\pytest-of-spmohit\pytest-36\test_run_table_has_location_co0\source\schema.json
2026-08-26 13:07:37,970  DEBUG     eds_loader.connectors.local_fs  schema.json parsed: 2 dataset(s)
2026-08-26 13:07:37,973  INFO      eds_loader.connectors.local_fs  Read customers: 3 row(s) from C:\Users\Mohit Patel\AppData\Local\Temp\pytest-of-spmohit\pytest-36\test_run_table_has_location_co0\source\customers.parquet
2026-08-26 13:07:37,976  INFO      eds_loader.connectors.local_fs  Read orders: 2 row(s) from C:\Users\Mohit Patel\AppData\Local\Temp\pytest-of-spmohit\pytest-36\test_run_table_has_location_co0\source\orders.parquet
2026-08-26 13:07:37,976  INFO      eds_loader.loader  Read 2 dataset(s) from source
2026-08-26 13:07:37,977  INFO      eds_loader.connectors.local_fs  Wrote customers: 3 row(s) to C:\Users\Mohit Patel\AppData\Local\Temp\pytest-of-spmohit\pytest-36\test_run_table_has_location_co0\target\customers.parquet
2026-08-26 13:07:37,978  INFO      eds_loader.connectors.local_fs  Wrote orders: 2 row(s) to C:\Users\Mohit Patel\AppData\Local\Temp\pytest-of-spmohit\pytest-36\test_run_table_has_location_co0\target\orders.parquet
2026-08-26 13:07:37,978  DEBUG     eds_loader.connectors.local_fs  Merging schema.json at target
2026-08-26 13:07:37,979  INFO      eds_loader.loader  Load complete: 5 row(s) written
2026-08-26 13:07:37,979  INFO      eds_loader.cli.main  Run complete: 5 row(s) across 2 table(s) in 0.0s
2026-08-26 13:07:37,988  INFO      eds_loader.cli.main  eds-loader run invoked (config=C:\Users\Mohit Patel\AppData\Local\Temp\pytest-of-spmohit\pytest-36\test_run_missing_config_exits_0\nope.yaml, dry_run=False)
2026-08-26 13:07:37,988  ERROR     eds_loader.cli.main  Config parse failed: Config file not found: C:\Users\Mohit Patel\AppData\Local\Temp\pytest-of-spmohit\pytest-36\test_run_missing_config_exits_0\nope.yaml
2026-08-26 13:07:37,997  INFO      eds_loader.cli.main  eds-loader run invoked (config=C:\Users\Mohit Patel\AppData\Local\Temp\pytest-of-spmohit\pytest-36\test_run_invalid_yaml_exits_20\loader.yaml, dry_run=False)
2026-08-26 13:07:37,998  ERROR     eds_loader.cli.main  Config parse failed: Config file C:\Users\Mohit Patel\AppData\Local\Temp\pytest-of-spmohit\pytest-36\test_run_invalid_yaml_exits_20\loader.yaml is not valid YAML: while parsing a flow sequence
  in "<unicode string>", line 1, column 9:
    source: [unclosed
            ^
expected ',' or ']', but got '<stream end>'
  in "<unicode string>", line 1, column 18:
    source: [unclosed
                     ^
2026-08-26 13:07:38,008  INFO      eds_loader.cli.main  eds-loader run invoked (config=C:\Users\Mohit Patel\AppData\Local\Temp\pytest-of-spmohit\pytest-36\test_run_unknown_connector_kin0\loader.yaml, dry_run=False)
2026-08-26 13:07:38,010  INFO      eds_loader.cli.main  Config loaded: source=nosuchdb target=local_fs tables=(all) enforce_constraints=True schema_required=True
2026-08-26 13:07:38,011  ERROR     eds_loader.cli.main  Configuration error: Unknown connector kind 'nosuchdb'.
Known connectors: azure_blob, bigquery, elasticsearch, gcs, local_fs, mongodb, mssql, mysql, oracle, postgres, remote_fs, s3.
Run `eds-loader connectors` to see install status.
2026-08-26 13:07:38,022  INFO      eds_loader.cli.main  eds-loader run invoked (config=C:\Users\Mohit Patel\AppData\Local\Temp\pytest-of-spmohit\pytest-36\test_run_load_error_exits_30\loader.yaml, dry_run=False)
2026-08-26 13:07:38,039  INFO      eds_loader.cli.main  Config loaded: source=local_fs target=local_fs tables=(all) enforce_constraints=True schema_required=True
2026-08-26 13:07:38,039  ERROR     eds_loader.cli.main  Load failed after 0.0s: disk full
2026-08-26 13:07:38,052  INFO      eds_loader.cli.main  eds-loader run invoked (config=C:\Users\Mohit Patel\AppData\Local\Temp\pytest-of-spmohit\pytest-36\test_dry_run_exits_zero0\loader.yaml, dry_run=True)
2026-08-26 13:07:38,072  INFO      eds_loader.cli.main  Config loaded: source=local_fs target=local_fs tables=(all) enforce_constraints=True schema_required=True
2026-08-26 13:07:38,072  DEBUG     eds_loader.connectors.local_fs  Reading schema.json from C:\Users\Mohit Patel\AppData\Local\Temp\pytest-of-spmohit\pytest-36\test_dry_run_exits_zero0\source\schema.json
2026-08-26 13:07:38,073  DEBUG     eds_loader.connectors.local_fs  schema.json parsed: 2 dataset(s)
2026-08-26 13:07:38,074  INFO      eds_loader.cli.main  Dry-run: reading ['customers', 'orders'] dataset(s) from source
2026-08-26 13:07:38,076  INFO      eds_loader.connectors.local_fs  Read customers: 3 row(s) from C:\Users\Mohit Patel\AppData\Local\Temp\pytest-of-spmohit\pytest-36\test_dry_run_exits_zero0\source\customers.parquet
2026-08-26 13:07:38,078  INFO      eds_loader.connectors.local_fs  Read orders: 2 row(s) from C:\Users\Mohit Patel\AppData\Local\Temp\pytest-of-spmohit\pytest-36\test_dry_run_exits_zero0\source\orders.parquet
2026-08-26 13:07:38,078  INFO      eds_loader.cli.main  Dry-run complete: 5 row(s) across 2 dataset(s)
2026-08-26 13:07:38,088  INFO      eds_loader.cli.main  eds-loader run invoked (config=C:\Users\Mohit Patel\AppData\Local\Temp\pytest-of-spmohit\pytest-36\test_dry_run_shows_dataset_nam0\loader.yaml, dry_run=True)
2026-08-26 13:07:38,100  INFO      eds_loader.cli.main  Config loaded: source=local_fs target=local_fs tables=(all) enforce_constraints=True schema_required=True
2026-08-26 13:07:38,100  DEBUG     eds_loader.connectors.local_fs  Reading schema.json from C:\Users\Mohit Patel\AppData\Local\Temp\pytest-of-spmohit\pytest-36\test_dry_run_shows_dataset_nam0\source\schema.json
2026-08-26 13:07:38,102  DEBUG     eds_loader.connectors.local_fs  schema.json parsed: 2 dataset(s)
2026-08-26 13:07:38,102  INFO      eds_loader.cli.main  Dry-run: reading ['customers', 'orders'] dataset(s) from source
2026-08-26 13:07:38,103  INFO      eds_loader.connectors.local_fs  Read customers: 3 row(s) from C:\Users\Mohit Patel\AppData\Local\Temp\pytest-of-spmohit\pytest-36\test_dry_run_shows_dataset_nam0\source\customers.parquet
2026-08-26 13:07:38,105  INFO      eds_loader.connectors.local_fs  Read orders: 2 row(s) from C:\Users\Mohit Patel\AppData\Local\Temp\pytest-of-spmohit\pytest-36\test_dry_run_shows_dataset_nam0\source\orders.parquet
2026-08-26 13:07:38,105  INFO      eds_loader.cli.main  Dry-run complete: 5 row(s) across 2 dataset(s)
2026-08-26 13:07:38,117  INFO      eds_loader.cli.main  eds-loader run invoked (config=C:\Users\Mohit Patel\AppData\Local\Temp\pytest-of-spmohit\pytest-36\test_dry_run_shows_total_rows0\loader.yaml, dry_run=True)
2026-08-26 13:07:38,135  INFO      eds_loader.cli.main  Config loaded: source=local_fs target=local_fs tables=(all) enforce_constraints=True schema_required=True
2026-08-26 13:07:38,135  DEBUG     eds_loader.connectors.local_fs  Reading schema.json from C:\Users\Mohit Patel\AppData\Local\Temp\pytest-of-spmohit\pytest-36\test_dry_run_shows_total_rows0\source\schema.json
2026-08-26 13:07:38,136  DEBUG     eds_loader.connectors.local_fs  schema.json parsed: 2 dataset(s)
2026-08-26 13:07:38,136  INFO      eds_loader.cli.main  Dry-run: reading ['customers', 'orders'] dataset(s) from source
2026-08-26 13:07:38,138  INFO      eds_loader.connectors.local_fs  Read customers: 3 row(s) from C:\Users\Mohit Patel\AppData\Local\Temp\pytest-of-spmohit\pytest-36\test_dry_run_shows_total_rows0\source\customers.parquet
2026-08-26 13:07:38,140  INFO      eds_loader.connectors.local_fs  Read orders: 2 row(s) from C:\Users\Mohit Patel\AppData\Local\Temp\pytest-of-spmohit\pytest-36\test_dry_run_shows_total_rows0\source\orders.parquet
2026-08-26 13:07:38,140  INFO      eds_loader.cli.main  Dry-run complete: 5 row(s) across 2 dataset(s)
2026-08-26 13:07:38,153  INFO      eds_loader.cli.main  eds-loader run invoked (config=C:\Users\Mohit Patel\AppData\Local\Temp\pytest-of-spmohit\pytest-36\test_dry_run_does_not_write_ta0\loader.yaml, dry_run=True)
2026-08-26 13:07:38,174  INFO      eds_loader.cli.main  Config loaded: source=local_fs target=local_fs tables=(all) enforce_constraints=True schema_required=True
2026-08-26 13:07:38,174  DEBUG     eds_loader.connectors.local_fs  Reading schema.json from C:\Users\Mohit Patel\AppData\Local\Temp\pytest-of-spmohit\pytest-36\test_dry_run_does_not_write_ta0\source\schema.json
2026-08-26 13:07:38,175  DEBUG     eds_loader.connectors.local_fs  schema.json parsed: 2 dataset(s)
2026-08-26 13:07:38,175  INFO      eds_loader.cli.main  Dry-run: reading ['customers', 'orders'] dataset(s) from source
2026-08-26 13:07:38,177  INFO      eds_loader.connectors.local_fs  Read customers: 3 row(s) from C:\Users\Mohit Patel\AppData\Local\Temp\pytest-of-spmohit\pytest-36\test_dry_run_does_not_write_ta0\source\customers.parquet
2026-08-26 13:07:38,179  INFO      eds_loader.connectors.local_fs  Read orders: 2 row(s) from C:\Users\Mohit Patel\AppData\Local\Temp\pytest-of-spmohit\pytest-36\test_dry_run_does_not_write_ta0\source\orders.parquet
2026-08-26 13:07:38,179  INFO      eds_loader.cli.main  Dry-run complete: 5 row(s) across 2 dataset(s)
2026-08-26 13:07:38,193  INFO      eds_loader.cli.main  eds-loader run invoked (config=C:\Users\Mohit Patel\AppData\Local\Temp\pytest-of-spmohit\pytest-36\test_dry_run_shows_dry_run_hea0\loader.yaml, dry_run=True)
2026-08-26 13:07:38,208  INFO      eds_loader.cli.main  Config loaded: source=local_fs target=local_fs tables=(all) enforce_constraints=True schema_required=True
2026-08-26 13:07:38,208  DEBUG     eds_loader.connectors.local_fs  Reading schema.json from C:\Users\Mohit Patel\AppData\Local\Temp\pytest-of-spmohit\pytest-36\test_dry_run_shows_dry_run_hea0\source\schema.json
2026-08-26 13:07:38,209  DEBUG     eds_loader.connectors.local_fs  schema.json parsed: 2 dataset(s)
2026-08-26 13:07:38,209  INFO      eds_loader.cli.main  Dry-run: reading ['customers', 'orders'] dataset(s) from source
2026-08-26 13:07:38,211  INFO      eds_loader.connectors.local_fs  Read customers: 3 row(s) from C:\Users\Mohit Patel\AppData\Local\Temp\pytest-of-spmohit\pytest-36\test_dry_run_shows_dry_run_hea0\source\customers.parquet
2026-08-26 13:07:38,213  INFO      eds_loader.connectors.local_fs  Read orders: 2 row(s) from C:\Users\Mohit Patel\AppData\Local\Temp\pytest-of-spmohit\pytest-36\test_dry_run_shows_dry_run_hea0\source\orders.parquet
2026-08-26 13:07:38,213  INFO      eds_loader.cli.main  Dry-run complete: 5 row(s) across 2 dataset(s)
2026-08-26 13:07:38,226  INFO      eds_loader.cli.main  eds-loader run invoked (config=C:\Users\Mohit Patel\AppData\Local\Temp\pytest-of-spmohit\pytest-36\test_dry_run_source_error_exit0\loader.yaml, dry_run=True)
2026-08-26 13:07:38,245  INFO      eds_loader.cli.main  Config loaded: source=local_fs target=local_fs tables=(all) enforce_constraints=True schema_required=True
2026-08-26 13:07:38,245  ERROR     eds_loader.cli.main  Dry-run read failed: source down
2026-08-26 13:07:38,275  DEBUG     eds_loader.connectors.local_fs  Reading schema.json from C:\Users\Mohit Patel\AppData\Local\Temp\pytest-of-spmohit\pytest-36\test_validate_good_config_exit0\source\schema.json
2026-08-26 13:07:38,276  DEBUG     eds_loader.connectors.local_fs  schema.json parsed: 2 dataset(s)
2026-08-26 13:07:38,297  DEBUG     eds_loader.connectors.local_fs  Reading schema.json from C:\Users\Mohit Patel\AppData\Local\Temp\pytest-of-spmohit\pytest-36\test_validate_prints_checkmark0\source\schema.json
2026-08-26 13:07:38,298  DEBUG     eds_loader.connectors.local_fs  schema.json parsed: 2 dataset(s)
2026-08-26 13:07:38,329  DEBUG     eds_loader.connectors.local_fs  Reading schema.json from C:\Users\Mohit Patel\AppData\Local\Temp\pytest-of-spmohit\pytest-36\test_validate_shows_dataset_co0\source\schema.json
2026-08-26 13:07:38,331  DEBUG     eds_loader.connectors.local_fs  schema.json parsed: 2 dataset(s)
2026-08-26 13:07:38,416  DEBUG     eds_loader.connectors.local_fs  Reading schema.json from C:\Users\Mohit Patel\AppData\Local\Temp\pytest-of-spmohit\pytest-36\test_validate_shows_connector_0\source\schema.json
2026-08-26 13:07:38,417  DEBUG     eds_loader.connectors.local_fs  schema.json parsed: 2 dataset(s)
2026-08-26 13:07:38,769  INFO      eds_loader.loader  Read 2 dataset(s) from source
2026-08-26 13:07:38,771  INFO      eds_loader.connectors.local_fs  Wrote customers: 3 row(s) to C:\Users\Mohit Patel\AppData\Local\Temp\pytest-of-spmohit\pytest-36\test_integration_gcs_source_vi0\target\customers.parquet
2026-08-26 13:07:38,772  INFO      eds_loader.connectors.local_fs  Wrote orders: 2 row(s) to C:\Users\Mohit Patel\AppData\Local\Temp\pytest-of-spmohit\pytest-36\test_integration_gcs_source_vi0\target\orders.parquet
2026-08-26 13:07:38,772  DEBUG     eds_loader.connectors.local_fs  Merging schema.json at target
2026-08-26 13:07:38,773  INFO      eds_loader.loader  Load complete: 5 row(s) written
2026-08-26 13:07:38,775  INFO      eds_loader.loader  Read 2 dataset(s) from source
2026-08-26 13:07:38,776  INFO      eds_loader.loader  Load complete: 3 row(s) written
2026-08-26 13:07:38,778  INFO      eds_loader.loader  Read 2 dataset(s) from source
2026-08-26 13:07:38,778  INFO      eds_loader.loader  Load complete: 3 row(s) written
2026-08-26 13:07:38,780  INFO      eds_loader.loader  Read 2 dataset(s) from source
2026-08-26 13:07:38,780  INFO      eds_loader.loader  Load complete: 3 row(s) written
2026-08-26 13:07:38,782  INFO      eds_loader.loader  Read 2 dataset(s) from source
2026-08-26 13:07:38,782  INFO      eds_loader.loader  Load complete: 3 row(s) written
2026-08-26 13:07:38,784  INFO      eds_loader.loader  Read 1 dataset(s) from source
2026-08-26 13:07:38,784  INFO      eds_loader.loader  Load complete: 1 row(s) written
2026-08-26 13:07:38,802  DEBUG     eds_loader.connectors.local_fs  Reading schema.json from C:\Users\Mohit Patel\AppData\Local\Temp\pytest-of-spmohit\pytest-36\test_read_schema_metadata_retu0\schema.json
2026-08-26 13:07:38,822  DEBUG     eds_loader.connectors.local_fs  schema.json parsed: 2 dataset(s)
2026-08-26 13:07:38,828  DEBUG     eds_loader.connectors.local_fs  Reading schema.json from C:\Users\Mohit Patel\AppData\Local\Temp\pytest-of-spmohit\pytest-36\test_read_schema_metadata_cont0\schema.json
2026-08-26 13:07:38,829  DEBUG     eds_loader.connectors.local_fs  schema.json parsed: 2 dataset(s)
2026-08-26 13:07:38,835  DEBUG     eds_loader.connectors.local_fs  Reading schema.json from C:\Users\Mohit Patel\AppData\Local\Temp\pytest-of-spmohit\pytest-36\test_read_schema_metadata_corr0\schema.json
2026-08-26 13:07:38,840  DEBUG     eds_loader.connectors.local_fs  Reading schema.json from C:\Users\Mohit Patel\AppData\Local\Temp\pytest-of-spmohit\pytest-36\test_read_schema_metadata_empt0\schema.json
2026-08-26 13:07:38,848  DEBUG     eds_loader.connectors.local_fs  Auto-discovered 2 parquet file(s) in C:\Users\Mohit Patel\AppData\Local\Temp\pytest-of-spmohit\pytest-36\test_read_datasets_none_reads_0
2026-08-26 13:07:38,851  INFO      eds_loader.connectors.local_fs  Read customers: 3 row(s) from C:\Users\Mohit Patel\AppData\Local\Temp\pytest-of-spmohit\pytest-36\test_read_datasets_none_reads_0\customers.parquet
2026-08-26 13:07:38,852  INFO      eds_loader.connectors.local_fs  Read orders: 2 row(s) from C:\Users\Mohit Patel\AppData\Local\Temp\pytest-of-spmohit\pytest-36\test_read_datasets_none_reads_0\orders.parquet
2026-08-26 13:07:38,859  DEBUG     eds_loader.connectors.local_fs  Auto-discovered 1 parquet file(s) in C:\Users\Mohit Patel\AppData\Local\Temp\pytest-of-spmohit\pytest-36\test_read_datasets_none_ignore0
2026-08-26 13:07:38,861  INFO      eds_loader.connectors.local_fs  Read data: 1 row(s) from C:\Users\Mohit Patel\AppData\Local\Temp\pytest-of-spmohit\pytest-36\test_read_datasets_none_ignore0\data.parquet
2026-08-26 13:07:38,868  DEBUG     eds_loader.connectors.local_fs  Auto-discovered 2 parquet file(s) in C:\Users\Mohit Patel\AppData\Local\Temp\pytest-of-spmohit\pytest-36\test_read_datasets_none_return0
2026-08-26 13:07:38,870  INFO      eds_loader.connectors.local_fs  Read customers: 3 row(s) from C:\Users\Mohit Patel\AppData\Local\Temp\pytest-of-spmohit\pytest-36\test_read_datasets_none_return0\customers.parquet
2026-08-26 13:07:38,872  INFO      eds_loader.connectors.local_fs  Read orders: 2 row(s) from C:\Users\Mohit Patel\AppData\Local\Temp\pytest-of-spmohit\pytest-36\test_read_datasets_none_return0\orders.parquet
2026-08-26 13:07:38,877  DEBUG     eds_loader.connectors.local_fs  Auto-discovered 0 parquet file(s) in C:\Users\Mohit Patel\AppData\Local\Temp\pytest-of-spmohit\pytest-36\test_read_datasets_none_empty_0
2026-08-26 13:07:38,886  INFO      eds_loader.connectors.local_fs  Read customers: 3 row(s) from C:\Users\Mohit Patel\AppData\Local\Temp\pytest-of-spmohit\pytest-36\test_read_datasets_explicit_na0\customers.parquet
2026-08-26 13:07:38,896  INFO      eds_loader.connectors.local_fs  Read customers: 3 row(s) from C:\Users\Mohit Patel\AppData\Local\Temp\pytest-of-spmohit\pytest-36\test_read_datasets_explicit_pr0\customers.parquet
2026-08-26 13:07:38,912  INFO      eds_loader.connectors.local_fs  Read customers: 3 row(s) from C:\Users\Mohit Patel\AppData\Local\Temp\pytest-of-spmohit\pytest-36\test_read_datasets_one_missing0\customers.parquet
2026-08-26 13:07:38,918  INFO      eds_loader.connectors.local_fs  Wrote customers: 3 row(s) to C:\Users\Mohit Patel\AppData\Local\Temp\pytest-of-spmohit\pytest-36\test_write_datasets_creates_di0\deep\nested\dir\customers.parquet
2026-08-26 13:07:38,919  INFO      eds_loader.connectors.local_fs  Wrote orders: 2 row(s) to C:\Users\Mohit Patel\AppData\Local\Temp\pytest-of-spmohit\pytest-36\test_write_datasets_creates_di0\deep\nested\dir\orders.parquet
2026-08-26 13:07:38,925  INFO      eds_loader.connectors.local_fs  Wrote customers: 3 row(s) to C:\Users\Mohit Patel\AppData\Local\Temp\pytest-of-spmohit\pytest-36\test_write_datasets_writes_par0\customers.parquet
2026-08-26 13:07:38,927  INFO      eds_loader.connectors.local_fs  Wrote orders: 2 row(s) to C:\Users\Mohit Patel\AppData\Local\Temp\pytest-of-spmohit\pytest-36\test_write_datasets_writes_par0\orders.parquet
2026-08-26 13:07:38,931  INFO      eds_loader.connectors.local_fs  Wrote customers: 3 row(s) to C:\Users\Mohit Patel\AppData\Local\Temp\pytest-of-spmohit\pytest-36\test_write_datasets_returns_on0\customers.parquet
2026-08-26 13:07:38,932  INFO      eds_loader.connectors.local_fs  Wrote orders: 2 row(s) to C:\Users\Mohit Patel\AppData\Local\Temp\pytest-of-spmohit\pytest-36\test_write_datasets_returns_on0\orders.parquet
2026-08-26 13:07:38,938  INFO      eds_loader.connectors.local_fs  Wrote customers: 3 row(s) to C:\Users\Mohit Patel\AppData\Local\Temp\pytest-of-spmohit\pytest-36\test_write_datasets_result_row0\customers.parquet
2026-08-26 13:07:38,939  INFO      eds_loader.connectors.local_fs  Wrote orders: 2 row(s) to C:\Users\Mohit Patel\AppData\Local\Temp\pytest-of-spmohit\pytest-36\test_write_datasets_result_row0\orders.parquet
2026-08-26 13:07:38,945  INFO      eds_loader.connectors.local_fs  Wrote customers: 3 row(s) to C:\Users\Mohit Patel\AppData\Local\Temp\pytest-of-spmohit\pytest-36\test_write_datasets_result_loc0\customers.parquet
2026-08-26 13:07:38,946  INFO      eds_loader.connectors.local_fs  Wrote orders: 2 row(s) to C:\Users\Mohit Patel\AppData\Local\Temp\pytest-of-spmohit\pytest-36\test_write_datasets_result_loc0\orders.parquet
2026-08-26 13:07:38,951  INFO      eds_loader.connectors.local_fs  Wrote data: 3 row(s) to C:\Users\Mohit Patel\AppData\Local\Temp\pytest-of-spmohit\pytest-36\test_write_datasets_overwrites0\data.parquet
2026-08-26 13:07:38,952  INFO      eds_loader.connectors.local_fs  Wrote data: 1 row(s) to C:\Users\Mohit Patel\AppData\Local\Temp\pytest-of-spmohit\pytest-36\test_write_datasets_overwrites0\data.parquet
2026-08-26 13:07:38,961  INFO      eds_loader.connectors.local_fs  Wrote customers: 3 row(s) to C:\Users\Mohit Patel\AppData\Local\Temp\pytest-of-spmohit\pytest-36\test_write_datasets_writes_sch0\customers.parquet
2026-08-26 13:07:38,963  INFO      eds_loader.connectors.local_fs  Wrote orders: 2 row(s) to C:\Users\Mohit Patel\AppData\Local\Temp\pytest-of-spmohit\pytest-36\test_write_datasets_writes_sch0\orders.parquet
2026-08-26 13:07:38,963  DEBUG     eds_loader.connectors.local_fs  Merging schema.json at target
2026-08-26 13:07:38,970  INFO      eds_loader.connectors.local_fs  Wrote customers: 3 row(s) to C:\Users\Mohit Patel\AppData\Local\Temp\pytest-of-spmohit\pytest-36\test_write_datasets_skips_sche0\customers.parquet
2026-08-26 13:07:38,971  INFO      eds_loader.connectors.local_fs  Wrote orders: 2 row(s) to C:\Users\Mohit Patel\AppData\Local\Temp\pytest-of-spmohit\pytest-36\test_write_datasets_skips_sche0\orders.parquet
2026-08-26 13:07:38,979  INFO      eds_loader.connectors.local_fs  Wrote customers: 3 row(s) to C:\Users\Mohit Patel\AppData\Local\Temp\pytest-of-spmohit\pytest-36\test_write_datasets_merges_sch0\customers.parquet
2026-08-26 13:07:38,981  INFO      eds_loader.connectors.local_fs  Wrote orders: 2 row(s) to C:\Users\Mohit Patel\AppData\Local\Temp\pytest-of-spmohit\pytest-36\test_write_datasets_merges_sch0\orders.parquet
2026-08-26 13:07:38,981  DEBUG     eds_loader.connectors.local_fs  Merging schema.json at target
2026-08-26 13:07:38,992  INFO      eds_loader.connectors.local_fs  Wrote customers: 3 row(s) to C:\Users\Mohit Patel\AppData\Local\Temp\pytest-of-spmohit\pytest-36\test_write_datasets_corrupt_ex0\customers.parquet
2026-08-26 13:07:38,993  INFO      eds_loader.connectors.local_fs  Wrote orders: 2 row(s) to C:\Users\Mohit Patel\AppData\Local\Temp\pytest-of-spmohit\pytest-36\test_write_datasets_corrupt_ex0\orders.parquet
2026-08-26 13:07:38,993  DEBUG     eds_loader.connectors.local_fs  Merging schema.json at target
2026-08-26 13:07:39,001  INFO      eds_loader.connectors.local_fs  Wrote customers: 3 row(s) to C:\Users\Mohit Patel\AppData\Local\Temp\pytest-of-spmohit\pytest-36\test_round_trip_dataframes_mat0\customers.parquet
2026-08-26 13:07:39,002  INFO      eds_loader.connectors.local_fs  Wrote orders: 2 row(s) to C:\Users\Mohit Patel\AppData\Local\Temp\pytest-of-spmohit\pytest-36\test_round_trip_dataframes_mat0\orders.parquet
2026-08-26 13:07:39,002  DEBUG     eds_loader.connectors.local_fs  Merging schema.json at target
2026-08-26 13:07:39,006  INFO      eds_loader.connectors.local_fs  Read customers: 3 row(s) from C:\Users\Mohit Patel\AppData\Local\Temp\pytest-of-spmohit\pytest-36\test_round_trip_dataframes_mat0\customers.parquet
2026-08-26 13:07:39,008  INFO      eds_loader.connectors.local_fs  Read orders: 2 row(s) from C:\Users\Mohit Patel\AppData\Local\Temp\pytest-of-spmohit\pytest-36\test_round_trip_dataframes_mat0\orders.parquet
2026-08-26 13:07:39,014  INFO      eds_loader.connectors.local_fs  Wrote customers: 3 row(s) to C:\Users\Mohit Patel\AppData\Local\Temp\pytest-of-spmohit\pytest-36\test_round_trip_schema_survive0\customers.parquet
2026-08-26 13:07:39,016  INFO      eds_loader.connectors.local_fs  Wrote orders: 2 row(s) to C:\Users\Mohit Patel\AppData\Local\Temp\pytest-of-spmohit\pytest-36\test_round_trip_schema_survive0\orders.parquet
2026-08-26 13:07:39,016  DEBUG     eds_loader.connectors.local_fs  Merging schema.json at target
2026-08-26 13:07:39,017  DEBUG     eds_loader.connectors.local_fs  Reading schema.json from C:\Users\Mohit Patel\AppData\Local\Temp\pytest-of-spmohit\pytest-36\test_round_trip_schema_survive0\schema.json
2026-08-26 13:07:39,018  DEBUG     eds_loader.connectors.local_fs  schema.json parsed: 2 dataset(s)
2026-08-26 13:07:39,028  DEBUG     eds_loader.connectors.local_fs  Reading schema.json from C:\Users\Mohit Patel\AppData\Local\Temp\pytest-of-spmohit\pytest-36\test_integration_local_to_loca0\schema.json
2026-08-26 13:07:39,029  DEBUG     eds_loader.connectors.local_fs  schema.json parsed: 2 dataset(s)
2026-08-26 13:07:39,034  INFO      eds_loader.connectors.local_fs  Read customers: 3 row(s) from C:\Users\Mohit Patel\AppData\Local\Temp\pytest-of-spmohit\pytest-36\test_integration_local_to_loca0\customers.parquet
2026-08-26 13:07:39,037  INFO      eds_loader.connectors.local_fs  Read orders: 2 row(s) from C:\Users\Mohit Patel\AppData\Local\Temp\pytest-of-spmohit\pytest-36\test_integration_local_to_loca0\orders.parquet
2026-08-26 13:07:39,038  INFO      eds_loader.loader  Read 2 dataset(s) from source
2026-08-26 13:07:39,039  INFO      eds_loader.connectors.local_fs  Wrote customers: 3 row(s) to C:\Users\Mohit Patel\AppData\Local\Temp\pytest-of-spmohit\pytest-36\test_integration_local_to_loca0\target\customers.parquet
2026-08-26 13:07:39,041  INFO      eds_loader.connectors.local_fs  Wrote orders: 2 row(s) to C:\Users\Mohit Patel\AppData\Local\Temp\pytest-of-spmohit\pytest-36\test_integration_local_to_loca0\target\orders.parquet
2026-08-26 13:07:39,041  DEBUG     eds_loader.connectors.local_fs  Merging schema.json at target
2026-08-26 13:07:39,042  INFO      eds_loader.loader  Load complete: 5 row(s) written
2026-08-26 13:07:39,049  DEBUG     eds_loader.connectors.local_fs  Reading schema.json from C:\Users\Mohit Patel\AppData\Local\Temp\pytest-of-spmohit\pytest-36\test_integration_table_subset_0\schema.json
2026-08-26 13:07:39,051  DEBUG     eds_loader.connectors.local_fs  schema.json parsed: 2 dataset(s)
2026-08-26 13:07:39,054  INFO      eds_loader.connectors.local_fs  Read customers: 3 row(s) from C:\Users\Mohit Patel\AppData\Local\Temp\pytest-of-spmohit\pytest-36\test_integration_table_subset_0\customers.parquet
2026-08-26 13:07:39,054  INFO      eds_loader.loader  Read 1 dataset(s) from source
2026-08-26 13:07:39,056  INFO      eds_loader.connectors.local_fs  Wrote customers: 3 row(s) to C:\Users\Mohit Patel\AppData\Local\Temp\pytest-of-spmohit\pytest-36\test_integration_table_subset_0\target_subset\customers.parquet
2026-08-26 13:07:39,056  DEBUG     eds_loader.connectors.local_fs  Merging schema.json at target
2026-08-26 13:07:39,057  INFO      eds_loader.loader  Load complete: 3 row(s) written
2026-08-26 13:07:39,064  DEBUG     eds_loader.connectors.local_fs  Reading schema.json from C:\Users\Mohit Patel\AppData\Local\Temp\pytest-of-spmohit\pytest-36\test_integration_schema_json_w0\schema.json
2026-08-26 13:07:39,065  DEBUG     eds_loader.connectors.local_fs  schema.json parsed: 2 dataset(s)
2026-08-26 13:07:39,068  INFO      eds_loader.connectors.local_fs  Read customers: 3 row(s) from C:\Users\Mohit Patel\AppData\Local\Temp\pytest-of-spmohit\pytest-36\test_integration_schema_json_w0\customers.parquet
2026-08-26 13:07:39,070  INFO      eds_loader.connectors.local_fs  Read orders: 2 row(s) from C:\Users\Mohit Patel\AppData\Local\Temp\pytest-of-spmohit\pytest-36\test_integration_schema_json_w0\orders.parquet
2026-08-26 13:07:39,070  INFO      eds_loader.loader  Read 2 dataset(s) from source
2026-08-26 13:07:39,072  INFO      eds_loader.connectors.local_fs  Wrote customers: 3 row(s) to C:\Users\Mohit Patel\AppData\Local\Temp\pytest-of-spmohit\pytest-36\test_integration_schema_json_w0\target_schema\customers.parquet
2026-08-26 13:07:39,073  INFO      eds_loader.connectors.local_fs  Wrote orders: 2 row(s) to C:\Users\Mohit Patel\AppData\Local\Temp\pytest-of-spmohit\pytest-36\test_integration_schema_json_w0\target_schema\orders.parquet
2026-08-26 13:07:39,073  DEBUG     eds_loader.connectors.local_fs  Merging schema.json at target
2026-08-26 13:07:39,074  INFO      eds_loader.loader  Load complete: 5 row(s) written
2026-08-26 13:07:39,082  DEBUG     eds_loader.connectors.local_fs  Reading schema.json from C:\Users\Mohit Patel\AppData\Local\Temp\pytest-of-spmohit\pytest-36\test_integration_schema_json_n0\schema.json
2026-08-26 13:07:39,082  DEBUG     eds_loader.connectors.local_fs  schema.json parsed: 2 dataset(s)
2026-08-26 13:07:39,084  INFO      eds_loader.connectors.local_fs  Read customers: 3 row(s) from C:\Users\Mohit Patel\AppData\Local\Temp\pytest-of-spmohit\pytest-36\test_integration_schema_json_n0\customers.parquet
2026-08-26 13:07:39,087  INFO      eds_loader.connectors.local_fs  Read orders: 2 row(s) from C:\Users\Mohit Patel\AppData\Local\Temp\pytest-of-spmohit\pytest-36\test_integration_schema_json_n0\orders.parquet
2026-08-26 13:07:39,087  INFO      eds_loader.loader  Read 2 dataset(s) from source
2026-08-26 13:07:39,089  INFO      eds_loader.connectors.local_fs  Wrote customers: 3 row(s) to C:\Users\Mohit Patel\AppData\Local\Temp\pytest-of-spmohit\pytest-36\test_integration_schema_json_n0\target_no_schema\customers.parquet
2026-08-26 13:07:39,090  INFO      eds_loader.connectors.local_fs  Wrote orders: 2 row(s) to C:\Users\Mohit Patel\AppData\Local\Temp\pytest-of-spmohit\pytest-36\test_integration_schema_json_n0\target_no_schema\orders.parquet
2026-08-26 13:07:39,090  INFO      eds_loader.loader  Load complete: 5 row(s) written
2026-08-26 13:07:39,103  INFO      eds_loader.connectors.mongodb  Connected to MongoDB localhost:27017/test_db
2026-08-26 13:07:39,103  DEBUG     eds_loader.connectors.mongodb  [customers] dropping existing collection
2026-08-26 13:07:39,104  DEBUG     eds_loader.connectors.mongodb  [customers] inserting 3 document(s)
2026-08-26 13:07:39,104  INFO      eds_loader.connectors.mongodb  [customers] wrote 3 document(s) in 0.00s
2026-08-26 13:07:39,104  DEBUG     eds_loader.connectors.mongodb  [orders] dropping existing collection
2026-08-26 13:07:39,104  DEBUG     eds_loader.connectors.mongodb  [orders] inserting 2 document(s)
2026-08-26 13:07:39,104  INFO      eds_loader.connectors.mongodb  [orders] wrote 2 document(s) in 0.00s
2026-08-26 13:07:39,106  INFO      eds_loader.connectors.mongodb  Connected to MongoDB localhost:27017/test_db
2026-08-26 13:07:39,106  DEBUG     eds_loader.connectors.mongodb  [data] dropping existing collection
2026-08-26 13:07:39,106  DEBUG     eds_loader.connectors.mongodb  [data] inserting 2 document(s)
2026-08-26 13:07:39,106  INFO      eds_loader.connectors.mongodb  [data] wrote 2 document(s) in 0.00s
2026-08-26 13:07:39,108  INFO      eds_loader.connectors.mongodb  Connected to MongoDB localhost:27017/test_db
2026-08-26 13:07:39,108  DEBUG     eds_loader.connectors.mongodb  [t] dropping existing collection
2026-08-26 13:07:39,108  DEBUG     eds_loader.connectors.mongodb  [t] inserting 1 document(s)
2026-08-26 13:07:39,108  INFO      eds_loader.connectors.mongodb  [t] wrote 1 document(s) in 0.00s
2026-08-26 13:07:39,110  INFO      eds_loader.connectors.mongodb  Connected to MongoDB localhost:27017/test_db
2026-08-26 13:07:39,110  DEBUG     eds_loader.connectors.mongodb  [empty] dropping existing collection
2026-08-26 13:07:39,110  INFO      eds_loader.connectors.mongodb  [empty] wrote 0 document(s) in 0.00s
2026-08-26 13:07:39,111  INFO      eds_loader.connectors.mongodb  Connected to MongoDB localhost:27017/test_db
2026-08-26 13:07:39,111  DEBUG     eds_loader.connectors.mongodb  [empty] dropping existing collection
2026-08-26 13:07:39,112  INFO      eds_loader.connectors.mongodb  [empty] wrote 0 document(s) in 0.00s
2026-08-26 13:07:39,113  INFO      eds_loader.connectors.mongodb  Connected to MongoDB localhost:27017/test_db
2026-08-26 13:07:39,114  DEBUG     eds_loader.connectors.mongodb  [customers] dropping existing collection
2026-08-26 13:07:39,114  DEBUG     eds_loader.connectors.mongodb  [customers] inserting 3 document(s)
2026-08-26 13:07:39,114  INFO      eds_loader.connectors.mongodb  [customers] wrote 3 document(s) in 0.00s
2026-08-26 13:07:39,114  DEBUG     eds_loader.connectors.mongodb  [orders] dropping existing collection
2026-08-26 13:07:39,115  DEBUG     eds_loader.connectors.mongodb  [orders] inserting 2 document(s)
2026-08-26 13:07:39,115  INFO      eds_loader.connectors.mongodb  [orders] wrote 2 document(s) in 0.00s
2026-08-26 13:07:39,117  INFO      eds_loader.connectors.mongodb  Connected to MongoDB localhost:27017/test_db
2026-08-26 13:07:39,117  DEBUG     eds_loader.connectors.mongodb  [customers] dropping existing collection
2026-08-26 13:07:39,117  DEBUG     eds_loader.connectors.mongodb  [customers] inserting 3 document(s)
2026-08-26 13:07:39,117  INFO      eds_loader.connectors.mongodb  [customers] wrote 3 document(s) in 0.00s
2026-08-26 13:07:39,117  DEBUG     eds_loader.connectors.mongodb  [orders] dropping existing collection
2026-08-26 13:07:39,117  DEBUG     eds_loader.connectors.mongodb  [orders] inserting 2 document(s)
2026-08-26 13:07:39,118  INFO      eds_loader.connectors.mongodb  [orders] wrote 2 document(s) in 0.00s
2026-08-26 13:07:39,119  INFO      eds_loader.connectors.mongodb  Connected to MongoDB mgserver:27020/mydb
2026-08-26 13:07:39,119  DEBUG     eds_loader.connectors.mongodb  [tbl] dropping existing collection
2026-08-26 13:07:39,119  DEBUG     eds_loader.connectors.mongodb  [tbl] inserting 1 document(s)
2026-08-26 13:07:39,119  INFO      eds_loader.connectors.mongodb  [tbl] wrote 1 document(s) in 0.00s
2026-08-26 13:07:39,121  INFO      eds_loader.connectors.mongodb  Connected to MongoDB localhost:27017/test_db
2026-08-26 13:07:39,121  DEBUG     eds_loader.connectors.mongodb  [z] dropping existing collection
2026-08-26 13:07:39,121  DEBUG     eds_loader.connectors.mongodb  [z] inserting 1 document(s)
2026-08-26 13:07:39,121  INFO      eds_loader.connectors.mongodb  [z] wrote 1 document(s) in 0.00s
2026-08-26 13:07:39,121  DEBUG     eds_loader.connectors.mongodb  [a] dropping existing collection
2026-08-26 13:07:39,122  DEBUG     eds_loader.connectors.mongodb  [a] inserting 1 document(s)
2026-08-26 13:07:39,122  INFO      eds_loader.connectors.mongodb  [a] wrote 1 document(s) in 0.00s
2026-08-26 13:07:39,123  INFO      eds_loader.connectors.mongodb  Connected to MongoDB localhost:27017/test_db
2026-08-26 13:07:39,124  DEBUG     eds_loader.connectors.mongodb  [orders] dropping existing collection
2026-08-26 13:07:39,124  DEBUG     eds_loader.connectors.mongodb  [orders] inserting 1 document(s)
2026-08-26 13:07:39,124  DEBUG     eds_loader.connectors.mongodb  [orders] creating indexes from schema metadata
2026-08-26 13:07:39,124  INFO      eds_loader.connectors.mongodb  [orders] wrote 1 document(s) in 0.00s
2026-08-26 13:07:39,124  DEBUG     eds_loader.connectors.mongodb  [customers] dropping existing collection
2026-08-26 13:07:39,124  DEBUG     eds_loader.connectors.mongodb  [customers] inserting 1 document(s)
2026-08-26 13:07:39,124  DEBUG     eds_loader.connectors.mongodb  [customers] creating indexes from schema metadata
2026-08-26 13:07:39,125  INFO      eds_loader.connectors.mongodb  [customers] wrote 1 document(s) in 0.00s
2026-08-26 13:07:39,131  INFO      eds_loader.connectors.mongodb  Connected to MongoDB localhost:27017/test_db
2026-08-26 13:07:39,131  DEBUG     eds_loader.connectors.mongodb  [customers] dropping existing collection
2026-08-26 13:07:39,132  DEBUG     eds_loader.connectors.mongodb  [customers] inserting 1 document(s)
2026-08-26 13:07:39,132  DEBUG     eds_loader.connectors.mongodb  [customers] creating indexes from schema metadata
2026-08-26 13:07:39,133  INFO      eds_loader.connectors.mongodb  [customers] wrote 1 document(s) in 0.00s
2026-08-26 13:07:39,134  INFO      eds_loader.connectors.mongodb  Connected to MongoDB localhost:27017/test_db
2026-08-26 13:07:39,134  DEBUG     eds_loader.connectors.mongodb  [customers] dropping existing collection
2026-08-26 13:07:39,135  DEBUG     eds_loader.connectors.mongodb  [customers] inserting 1 document(s)
2026-08-26 13:07:39,135  DEBUG     eds_loader.connectors.mongodb  [customers] creating indexes from schema metadata
2026-08-26 13:07:39,135  INFO      eds_loader.connectors.mongodb  [customers] wrote 1 document(s) in 0.00s
2026-08-26 13:07:39,136  INFO      eds_loader.connectors.mongodb  Connected to MongoDB localhost:27017/test_db
2026-08-26 13:07:39,137  DEBUG     eds_loader.connectors.mongodb  [orders] dropping existing collection
2026-08-26 13:07:39,137  DEBUG     eds_loader.connectors.mongodb  [orders] inserting 1 document(s)
2026-08-26 13:07:39,137  DEBUG     eds_loader.connectors.mongodb  [orders] creating indexes from schema metadata
2026-08-26 13:07:39,138  INFO      eds_loader.connectors.mongodb  [orders] wrote 1 document(s) in 0.00s
2026-08-26 13:07:39,141  INFO      eds_loader.connectors.mongodb  Connected to MongoDB localhost:27017/test_db
2026-08-26 13:07:39,141  DEBUG     eds_loader.connectors.mongodb  [customers] dropping existing collection
2026-08-26 13:07:39,142  DEBUG     eds_loader.connectors.mongodb  [customers] inserting 1 document(s)
2026-08-26 13:07:39,142  INFO      eds_loader.connectors.mongodb  [customers] wrote 1 document(s) in 0.00s
2026-08-26 13:07:39,147  INFO      eds_loader.connectors.mongodb  Connected to MongoDB localhost:27017/test_db
2026-08-26 13:07:39,147  DEBUG     eds_loader.connectors.mongodb  [t] dropping existing collection
2026-08-26 13:07:39,147  ERROR     eds_loader.connectors.mongodb  [t] write failed: network error
2026-08-26 13:07:39,149  INFO      eds_loader.connectors.mongodb  Connected to MongoDB localhost:27017/test_db
2026-08-26 13:07:39,149  DEBUG     eds_loader.connectors.mongodb  [t] dropping existing collection
2026-08-26 13:07:39,149  DEBUG     eds_loader.connectors.mongodb  [t] inserting 1 document(s)
2026-08-26 13:07:39,149  ERROR     eds_loader.connectors.mongodb  [t] write failed: duplicate key
2026-08-26 13:07:39,160  DEBUG     eds_loader.connectors.local_fs  Reading schema.json from C:\Users\Mohit Patel\AppData\Local\Temp\pytest-of-spmohit\pytest-36\test_integration_local_fs_to_m0\source\schema.json
2026-08-26 13:07:39,161  DEBUG     eds_loader.connectors.local_fs  schema.json parsed: 2 dataset(s)
2026-08-26 13:07:39,164  INFO      eds_loader.connectors.local_fs  Read customers: 3 row(s) from C:\Users\Mohit Patel\AppData\Local\Temp\pytest-of-spmohit\pytest-36\test_integration_local_fs_to_m0\source\customers.parquet
2026-08-26 13:07:39,166  INFO      eds_loader.connectors.local_fs  Read orders: 2 row(s) from C:\Users\Mohit Patel\AppData\Local\Temp\pytest-of-spmohit\pytest-36\test_integration_local_fs_to_m0\source\orders.parquet
2026-08-26 13:07:39,166  INFO      eds_loader.loader  Read 2 dataset(s) from source
2026-08-26 13:07:39,166  INFO      eds_loader.connectors.mongodb  Connected to MongoDB localhost:27017/test_db
2026-08-26 13:07:39,166  DEBUG     eds_loader.connectors.mongodb  [customers] dropping existing collection
2026-08-26 13:07:39,167  DEBUG     eds_loader.connectors.mongodb  [customers] inserting 3 document(s)
2026-08-26 13:07:39,167  DEBUG     eds_loader.connectors.mongodb  [customers] creating indexes from schema metadata
2026-08-26 13:07:39,167  INFO      eds_loader.connectors.mongodb  [customers] wrote 3 document(s) in 0.00s
2026-08-26 13:07:39,167  DEBUG     eds_loader.connectors.mongodb  [orders] dropping existing collection
2026-08-26 13:07:39,168  DEBUG     eds_loader.connectors.mongodb  [orders] inserting 2 document(s)
2026-08-26 13:07:39,168  DEBUG     eds_loader.connectors.mongodb  [orders] creating indexes from schema metadata
2026-08-26 13:07:39,168  INFO      eds_loader.connectors.mongodb  [orders] wrote 2 document(s) in 0.00s
2026-08-26 13:07:39,168  INFO      eds_loader.loader  Load complete: 5 row(s) written
2026-08-26 13:07:39,178  DEBUG     eds_loader.connectors.local_fs  Reading schema.json from C:\Users\Mohit Patel\AppData\Local\Temp\pytest-of-spmohit\pytest-36\test_integration_enforce_false0\source2\schema.json
2026-08-26 13:07:39,179  DEBUG     eds_loader.connectors.local_fs  schema.json parsed: 2 dataset(s)
2026-08-26 13:07:39,181  INFO      eds_loader.connectors.local_fs  Read customers: 3 row(s) from C:\Users\Mohit Patel\AppData\Local\Temp\pytest-of-spmohit\pytest-36\test_integration_enforce_false0\source2\customers.parquet
2026-08-26 13:07:39,184  INFO      eds_loader.connectors.local_fs  Read orders: 2 row(s) from C:\Users\Mohit Patel\AppData\Local\Temp\pytest-of-spmohit\pytest-36\test_integration_enforce_false0\source2\orders.parquet
2026-08-26 13:07:39,184  INFO      eds_loader.loader  Read 2 dataset(s) from source
2026-08-26 13:07:39,184  INFO      eds_loader.connectors.mongodb  Connected to MongoDB localhost:27017/test_db
2026-08-26 13:07:39,184  DEBUG     eds_loader.connectors.mongodb  [customers] dropping existing collection
2026-08-26 13:07:39,185  DEBUG     eds_loader.connectors.mongodb  [customers] inserting 3 document(s)
2026-08-26 13:07:39,185  INFO      eds_loader.connectors.mongodb  [customers] wrote 3 document(s) in 0.00s
2026-08-26 13:07:39,185  DEBUG     eds_loader.connectors.mongodb  [orders] dropping existing collection
2026-08-26 13:07:39,186  DEBUG     eds_loader.connectors.mongodb  [orders] inserting 2 document(s)
2026-08-26 13:07:39,186  INFO      eds_loader.connectors.mongodb  [orders] wrote 2 document(s) in 0.00s
2026-08-26 13:07:39,186  INFO      eds_loader.loader  Load complete: 5 row(s) written
2026-08-26 13:07:39,207  INFO      eds_loader.connectors._sql_base  Connected to test_user@localhost:3306/test_db
2026-08-26 13:07:39,207  DEBUG     eds_loader.connectors._sql_base  Ensuring namespace exists: CREATE DATABASE IF NOT EXISTS `test_db`
2026-08-26 13:07:39,207  DEBUG     eds_loader.connectors._sql_base  [t] DROP TABLE IF EXISTS `test_db`.`t`
2026-08-26 13:07:39,207  DEBUG     eds_loader.connectors._sql_base  [t] CREATE TABLE `test_db`.`t` (
    `id` BIGINT
)
2026-08-26 13:07:39,207  DEBUG     eds_loader.connectors._sql_base  [t] inserting 1 row(s)
2026-08-26 13:07:39,208  INFO      eds_loader.connectors._sql_base  [t] wrote 1 row(s) in 0.00s
2026-08-26 13:07:39,209  INFO      eds_loader.connectors._sql_base  Connected to test_user@localhost:3306/test_db
2026-08-26 13:07:39,209  DEBUG     eds_loader.connectors._sql_base  Ensuring namespace exists: CREATE DATABASE IF NOT EXISTS `test_db`
2026-08-26 13:07:39,210  DEBUG     eds_loader.connectors._sql_base  [t] DROP TABLE IF EXISTS `test_db`.`t`
2026-08-26 13:07:39,210  DEBUG     eds_loader.connectors._sql_base  [t] CREATE TABLE `test_db`.`t` (
    `id` BIGINT
)
2026-08-26 13:07:39,210  DEBUG     eds_loader.connectors._sql_base  [t] inserting 1 row(s)
2026-08-26 13:07:39,210  INFO      eds_loader.connectors._sql_base  [t] wrote 1 row(s) in 0.00s
2026-08-26 13:07:39,212  INFO      eds_loader.connectors._sql_base  Connected to test_user@localhost:3306/test_db
2026-08-26 13:07:39,213  DEBUG     eds_loader.connectors._sql_base  Ensuring namespace exists: CREATE DATABASE IF NOT EXISTS `test_db`
2026-08-26 13:07:39,213  DEBUG     eds_loader.connectors._sql_base  [t] DROP TABLE IF EXISTS `test_db`.`t`
2026-08-26 13:07:39,213  ERROR     eds_loader.connectors._sql_base  [t] write failed: DB down
2026-08-26 13:07:39,215  INFO      eds_loader.connectors._sql_base  Connected to test_user@localhost:3306/eds_db
2026-08-26 13:07:39,215  DEBUG     eds_loader.connectors._sql_base  Ensuring namespace exists: CREATE DATABASE IF NOT EXISTS `eds_db`
2026-08-26 13:07:39,215  DEBUG     eds_loader.connectors._sql_base  [customers] DROP TABLE IF EXISTS `eds_db`.`customers`
2026-08-26 13:07:39,215  DEBUG     eds_loader.connectors._sql_base  [customers] CREATE TABLE `eds_db`.`customers` (
    `id` BIGINT
)
2026-08-26 13:07:39,215  DEBUG     eds_loader.connectors._sql_base  [customers] inserting 1 row(s)
2026-08-26 13:07:39,215  INFO      eds_loader.connectors._sql_base  [customers] wrote 1 row(s) in 0.00s
2026-08-26 13:07:39,217  INFO      eds_loader.connectors._sql_base  Connected to test_user@localhost:3306/eds_db
2026-08-26 13:07:39,217  DEBUG     eds_loader.connectors._sql_base  Table write order (FK-sorted): customers, orders
2026-08-26 13:07:39,217  DEBUG     eds_loader.connectors._sql_base  Ensuring namespace exists: CREATE DATABASE IF NOT EXISTS `eds_db`
2026-08-26 13:07:39,218  DEBUG     eds_loader.connectors._sql_base  [customers] DROP TABLE IF EXISTS `eds_db`.`customers`
2026-08-26 13:07:39,218  DEBUG     eds_loader.connectors._sql_base  [customers] CREATE TABLE `eds_db`.`customers` (
    `customer_id` BIGINT PRIMARY KEY,
    `name` TEXT
)
2026-08-26 13:07:39,218  DEBUG     eds_loader.connectors._sql_base  [customers] inserting 2 row(s)
2026-08-26 13:07:39,218  INFO      eds_loader.connectors._sql_base  [customers] wrote 2 row(s) in 0.00s
2026-08-26 13:07:39,218  DEBUG     eds_loader.connectors._sql_base  [orders] DROP TABLE IF EXISTS `eds_db`.`orders`
2026-08-26 13:07:39,218  DEBUG     eds_loader.connectors._sql_base  [orders] CREATE TABLE `eds_db`.`orders` (
    `order_id` BIGINT PRIMARY KEY,
    `customer_id` BIGINT NOT NULL REFERENCES `eds_db`.`customers`(`customer_id`)
)
2026-08-26 13:07:39,218  DEBUG     eds_loader.connectors._sql_base  [orders] inserting 1 row(s)
2026-08-26 13:07:39,218  INFO      eds_loader.connectors._sql_base  [orders] wrote 1 row(s) in 0.00s
2026-08-26 13:07:39,220  INFO      eds_loader.connectors._sql_base  Connected to test_user@localhost:3306/test_db
2026-08-26 13:07:39,221  DEBUG     eds_loader.connectors._sql_base  Ensuring namespace exists: CREATE DATABASE IF NOT EXISTS `test_db`
2026-08-26 13:07:39,221  DEBUG     eds_loader.connectors._sql_base  [t] DROP TABLE IF EXISTS `test_db`.`t`
2026-08-26 13:07:39,221  DEBUG     eds_loader.connectors._sql_base  [t] CREATE TABLE `test_db`.`t` (
    `id` BIGINT
)
2026-08-26 13:07:39,221  DEBUG     eds_loader.connectors._sql_base  [t] inserting 1 row(s)
2026-08-26 13:07:39,221  INFO      eds_loader.connectors._sql_base  [t] wrote 1 row(s) in 0.00s
2026-08-26 13:07:39,224  INFO      eds_loader.connectors._sql_base  Connected to test_user@srv:3306/db
2026-08-26 13:07:39,224  DEBUG     eds_loader.connectors._sql_base  Ensuring namespace exists: CREATE DATABASE IF NOT EXISTS `db`
2026-08-26 13:07:39,224  DEBUG     eds_loader.connectors._sql_base  [tbl] DROP TABLE IF EXISTS `db`.`tbl`
2026-08-26 13:07:39,224  DEBUG     eds_loader.connectors._sql_base  [tbl] CREATE TABLE `db`.`tbl` (
    `id` BIGINT
)
2026-08-26 13:07:39,224  DEBUG     eds_loader.connectors._sql_base  [tbl] inserting 1 row(s)
2026-08-26 13:07:39,225  INFO      eds_loader.connectors._sql_base  [tbl] wrote 1 row(s) in 0.00s
2026-08-26 13:07:39,227  INFO      eds_loader.connectors._sql_base  Connected to test_user@localhost:3306/test_db
2026-08-26 13:07:39,227  DEBUG     eds_loader.connectors._sql_base  Table write order (FK-sorted): customers, orders
2026-08-26 13:07:39,227  DEBUG     eds_loader.connectors._sql_base  Ensuring namespace exists: CREATE DATABASE IF NOT EXISTS `test_db`
2026-08-26 13:07:39,228  DEBUG     eds_loader.connectors._sql_base  [customers] DROP TABLE IF EXISTS `test_db`.`customers`
2026-08-26 13:07:39,228  DEBUG     eds_loader.connectors._sql_base  [customers] CREATE TABLE `test_db`.`customers` (
    `customer_id` BIGINT PRIMARY KEY,
    `name` TEXT
)
2026-08-26 13:07:39,228  DEBUG     eds_loader.connectors._sql_base  [customers] inserting 2 row(s)
2026-08-26 13:07:39,228  INFO      eds_loader.connectors._sql_base  [customers] wrote 2 row(s) in 0.00s
2026-08-26 13:07:39,228  DEBUG     eds_loader.connectors._sql_base  [orders] DROP TABLE IF EXISTS `test_db`.`orders`
2026-08-26 13:07:39,228  DEBUG     eds_loader.connectors._sql_base  [orders] CREATE TABLE `test_db`.`orders` (
    `order_id` BIGINT PRIMARY KEY,
    `customer_id` BIGINT NOT NULL REFERENCES `test_db`.`customers`(`customer_id`)
)
2026-08-26 13:07:39,228  DEBUG     eds_loader.connectors._sql_base  [orders] inserting 1 row(s)
2026-08-26 13:07:39,229  INFO      eds_loader.connectors._sql_base  [orders] wrote 1 row(s) in 0.00s
2026-08-26 13:07:39,245  DEBUG     eds_loader.connectors.local_fs  Reading schema.json from C:\Users\Mohit Patel\AppData\Local\Temp\pytest-of-spmohit\pytest-36\test_integration_local_fs_to_m1\source\schema.json
2026-08-26 13:07:39,247  DEBUG     eds_loader.connectors.local_fs  schema.json parsed: 2 dataset(s)
2026-08-26 13:07:39,263  INFO      eds_loader.connectors.local_fs  Read customers: 2 row(s) from C:\Users\Mohit Patel\AppData\Local\Temp\pytest-of-spmohit\pytest-36\test_integration_local_fs_to_m1\source\customers.parquet
2026-08-26 13:07:39,265  INFO      eds_loader.connectors.local_fs  Read orders: 1 row(s) from C:\Users\Mohit Patel\AppData\Local\Temp\pytest-of-spmohit\pytest-36\test_integration_local_fs_to_m1\source\orders.parquet
2026-08-26 13:07:39,265  INFO      eds_loader.loader  Read 2 dataset(s) from source
2026-08-26 13:07:39,268  INFO      eds_loader.connectors._sql_base  Connected to test_user@localhost:3306/test_db
2026-08-26 13:07:39,268  DEBUG     eds_loader.connectors._sql_base  Table write order (FK-sorted): customers, orders
2026-08-26 13:07:39,268  DEBUG     eds_loader.connectors._sql_base  Ensuring namespace exists: CREATE DATABASE IF NOT EXISTS `test_db`
2026-08-26 13:07:39,269  DEBUG     eds_loader.connectors._sql_base  [customers] DROP TABLE IF EXISTS `test_db`.`customers`
2026-08-26 13:07:39,269  DEBUG     eds_loader.connectors._sql_base  [customers] CREATE TABLE `test_db`.`customers` (
    `customer_id` BIGINT PRIMARY KEY,
    `name` TEXT
)
2026-08-26 13:07:39,269  DEBUG     eds_loader.connectors._sql_base  [customers] inserting 2 row(s)
2026-08-26 13:07:39,269  INFO      eds_loader.connectors._sql_base  [customers] wrote 2 row(s) in 0.00s
2026-08-26 13:07:39,269  DEBUG     eds_loader.connectors._sql_base  [orders] DROP TABLE IF EXISTS `test_db`.`orders`
2026-08-26 13:07:39,269  DEBUG     eds_loader.connectors._sql_base  [orders] CREATE TABLE `test_db`.`orders` (
    `order_id` BIGINT PRIMARY KEY,
    `customer_id` BIGINT NOT NULL REFERENCES `test_db`.`customers`(`customer_id`)
)
2026-08-26 13:07:39,269  DEBUG     eds_loader.connectors._sql_base  [orders] inserting 1 row(s)
2026-08-26 13:07:39,269  INFO      eds_loader.connectors._sql_base  [orders] wrote 1 row(s) in 0.00s
2026-08-26 13:07:39,269  INFO      eds_loader.loader  Load complete: 3 row(s) written
2026-08-26 13:07:39,291  INFO      eds_loader.connectors._sql_base  Connected to test_user@localhost:5432/test_db
2026-08-26 13:07:39,292  DEBUG     eds_loader.connectors._sql_base  Ensuring namespace exists: CREATE SCHEMA IF NOT EXISTS "public"
2026-08-26 13:07:39,292  DEBUG     eds_loader.connectors._sql_base  [customers] DROP TABLE IF EXISTS "public"."customers" CASCADE
2026-08-26 13:07:39,292  DEBUG     eds_loader.connectors._sql_base  [customers] CREATE TABLE "public"."customers" (
    "customer_id" BIGINT,
    "name" TEXT
)
2026-08-26 13:07:39,292  DEBUG     eds_loader.connectors._sql_base  [customers] inserting 3 row(s)
2026-08-26 13:07:39,293  INFO      eds_loader.connectors._sql_base  [customers] wrote 3 row(s) in 0.00s
2026-08-26 13:07:39,293  DEBUG     eds_loader.connectors._sql_base  [orders] DROP TABLE IF EXISTS "public"."orders" CASCADE
2026-08-26 13:07:39,293  DEBUG     eds_loader.connectors._sql_base  [orders] CREATE TABLE "public"."orders" (
    "order_id" BIGINT,
    "customer_id" BIGINT,
    "amount" DOUBLE PRECISION
)
2026-08-26 13:07:39,293  DEBUG     eds_loader.connectors._sql_base  [orders] inserting 2 row(s)
2026-08-26 13:07:39,293  INFO      eds_loader.connectors._sql_base  [orders] wrote 2 row(s) in 0.00s
2026-08-26 13:07:39,295  INFO      eds_loader.connectors._sql_base  Connected to test_user@localhost:5432/test_db
2026-08-26 13:07:39,295  DEBUG     eds_loader.connectors._sql_base  Ensuring namespace exists: CREATE SCHEMA IF NOT EXISTS "public"
2026-08-26 13:07:39,295  DEBUG     eds_loader.connectors._sql_base  [customers] DROP TABLE IF EXISTS "public"."customers" CASCADE
2026-08-26 13:07:39,295  DEBUG     eds_loader.connectors._sql_base  [customers] CREATE TABLE "public"."customers" (
    "id" BIGINT
)
2026-08-26 13:07:39,295  DEBUG     eds_loader.connectors._sql_base  [customers] inserting 1 row(s)
2026-08-26 13:07:39,296  INFO      eds_loader.connectors._sql_base  [customers] wrote 1 row(s) in 0.00s
2026-08-26 13:07:39,297  INFO      eds_loader.connectors._sql_base  Connected to test_user@localhost:5432/test_db
2026-08-26 13:07:39,297  DEBUG     eds_loader.connectors._sql_base  Ensuring namespace exists: CREATE SCHEMA IF NOT EXISTS "public"
2026-08-26 13:07:39,298  DEBUG     eds_loader.connectors._sql_base  [tbl] DROP TABLE IF EXISTS "public"."tbl" CASCADE
2026-08-26 13:07:39,298  DEBUG     eds_loader.connectors._sql_base  [tbl] CREATE TABLE "public"."tbl" (
    "a" BIGINT
)
2026-08-26 13:07:39,298  DEBUG     eds_loader.connectors._sql_base  [tbl] inserting 1 row(s)
2026-08-26 13:07:39,298  INFO      eds_loader.connectors._sql_base  [tbl] wrote 1 row(s) in 0.00s
2026-08-26 13:07:39,300  INFO      eds_loader.connectors._sql_base  Connected to test_user@localhost:5432/test_db
2026-08-26 13:07:39,300  DEBUG     eds_loader.connectors._sql_base  Ensuring namespace exists: CREATE SCHEMA IF NOT EXISTS "public"
2026-08-26 13:07:39,300  DEBUG     eds_loader.connectors._sql_base  [data] DROP TABLE IF EXISTS "public"."data" CASCADE
2026-08-26 13:07:39,300  DEBUG     eds_loader.connectors._sql_base  [data] CREATE TABLE "public"."data" (
    "id" BIGINT,
    "val" TEXT
)
2026-08-26 13:07:39,300  DEBUG     eds_loader.connectors._sql_base  [data] inserting 3 row(s)
2026-08-26 13:07:39,300  INFO      eds_loader.connectors._sql_base  [data] wrote 3 row(s) in 0.00s
2026-08-26 13:07:39,302  INFO      eds_loader.connectors._sql_base  Connected to test_user@localhost:5432/test_db
2026-08-26 13:07:39,302  DEBUG     eds_loader.connectors._sql_base  Ensuring namespace exists: CREATE SCHEMA IF NOT EXISTS "public"
2026-08-26 13:07:39,303  DEBUG     eds_loader.connectors._sql_base  [customers] DROP TABLE IF EXISTS "public"."customers" CASCADE
2026-08-26 13:07:39,303  DEBUG     eds_loader.connectors._sql_base  [customers] CREATE TABLE "public"."customers" (
    "customer_id" BIGINT,
    "name" TEXT
)
2026-08-26 13:07:39,303  DEBUG     eds_loader.connectors._sql_base  [customers] inserting 3 row(s)
2026-08-26 13:07:39,304  INFO      eds_loader.connectors._sql_base  [customers] wrote 3 row(s) in 0.00s
2026-08-26 13:07:39,304  DEBUG     eds_loader.connectors._sql_base  [orders] DROP TABLE IF EXISTS "public"."orders" CASCADE
2026-08-26 13:07:39,304  DEBUG     eds_loader.connectors._sql_base  [orders] CREATE TABLE "public"."orders" (
    "order_id" BIGINT,
    "customer_id" BIGINT,
    "amount" DOUBLE PRECISION
)
2026-08-26 13:07:39,304  DEBUG     eds_loader.connectors._sql_base  [orders] inserting 2 row(s)
2026-08-26 13:07:39,304  INFO      eds_loader.connectors._sql_base  [orders] wrote 2 row(s) in 0.00s
2026-08-26 13:07:39,307  INFO      eds_loader.connectors._sql_base  Connected to test_user@localhost:5432/test_db
2026-08-26 13:07:39,307  DEBUG     eds_loader.connectors._sql_base  Ensuring namespace exists: CREATE SCHEMA IF NOT EXISTS "public"
2026-08-26 13:07:39,308  DEBUG     eds_loader.connectors._sql_base  [customers] DROP TABLE IF EXISTS "public"."customers" CASCADE
2026-08-26 13:07:39,308  DEBUG     eds_loader.connectors._sql_base  [customers] CREATE TABLE "public"."customers" (
    "customer_id" BIGINT,
    "name" TEXT
)
2026-08-26 13:07:39,308  DEBUG     eds_loader.connectors._sql_base  [customers] inserting 3 row(s)
2026-08-26 13:07:39,308  INFO      eds_loader.connectors._sql_base  [customers] wrote 3 row(s) in 0.00s
2026-08-26 13:07:39,308  DEBUG     eds_loader.connectors._sql_base  [orders] DROP TABLE IF EXISTS "public"."orders" CASCADE
2026-08-26 13:07:39,308  DEBUG     eds_loader.connectors._sql_base  [orders] CREATE TABLE "public"."orders" (
    "order_id" BIGINT,
    "customer_id" BIGINT,
    "amount" DOUBLE PRECISION
)
2026-08-26 13:07:39,308  DEBUG     eds_loader.connectors._sql_base  [orders] inserting 2 row(s)
2026-08-26 13:07:39,308  INFO      eds_loader.connectors._sql_base  [orders] wrote 2 row(s) in 0.00s
2026-08-26 13:07:39,310  INFO      eds_loader.connectors._sql_base  Connected to test_user@localhost:5432/test_db
2026-08-26 13:07:39,310  DEBUG     eds_loader.connectors._sql_base  Ensuring namespace exists: CREATE SCHEMA IF NOT EXISTS "public"
2026-08-26 13:07:39,310  DEBUG     eds_loader.connectors._sql_base  [customers] DROP TABLE IF EXISTS "public"."customers" CASCADE
2026-08-26 13:07:39,311  DEBUG     eds_loader.connectors._sql_base  [customers] CREATE TABLE "public"."customers" (
    "customer_id" BIGINT,
    "name" TEXT
)
2026-08-26 13:07:39,311  DEBUG     eds_loader.connectors._sql_base  [customers] inserting 3 row(s)
2026-08-26 13:07:39,311  INFO      eds_loader.connectors._sql_base  [customers] wrote 3 row(s) in 0.00s
2026-08-26 13:07:39,311  DEBUG     eds_loader.connectors._sql_base  [orders] DROP TABLE IF EXISTS "public"."orders" CASCADE
2026-08-26 13:07:39,311  DEBUG     eds_loader.connectors._sql_base  [orders] CREATE TABLE "public"."orders" (
    "order_id" BIGINT,
    "customer_id" BIGINT,
    "amount" DOUBLE PRECISION
)
2026-08-26 13:07:39,311  DEBUG     eds_loader.connectors._sql_base  [orders] inserting 2 row(s)
2026-08-26 13:07:39,311  INFO      eds_loader.connectors._sql_base  [orders] wrote 2 row(s) in 0.00s
2026-08-26 13:07:39,313  INFO      eds_loader.connectors._sql_base  Connected to test_user@dbserver:5433/mydb
2026-08-26 13:07:39,313  DEBUG     eds_loader.connectors._sql_base  Ensuring namespace exists: CREATE SCHEMA IF NOT EXISTS "public"
2026-08-26 13:07:39,313  DEBUG     eds_loader.connectors._sql_base  [tbl] DROP TABLE IF EXISTS "public"."tbl" CASCADE
2026-08-26 13:07:39,313  DEBUG     eds_loader.connectors._sql_base  [tbl] CREATE TABLE "public"."tbl" (
    "id" BIGINT
)
2026-08-26 13:07:39,313  DEBUG     eds_loader.connectors._sql_base  [tbl] inserting 1 row(s)
2026-08-26 13:07:39,314  INFO      eds_loader.connectors._sql_base  [tbl] wrote 1 row(s) in 0.00s
2026-08-26 13:07:39,315  INFO      eds_loader.connectors._sql_base  Connected to test_user@localhost:5432/test_db
2026-08-26 13:07:39,315  DEBUG     eds_loader.connectors._sql_base  Table write order (FK-sorted): customers, orders
2026-08-26 13:07:39,315  DEBUG     eds_loader.connectors._sql_base  Ensuring namespace exists: CREATE SCHEMA IF NOT EXISTS "public"
2026-08-26 13:07:39,316  DEBUG     eds_loader.connectors._sql_base  [customers] DROP TABLE IF EXISTS "public"."customers" CASCADE
2026-08-26 13:07:39,316  DEBUG     eds_loader.connectors._sql_base  [customers] CREATE TABLE "public"."customers" (
    "customer_id" BIGINT PRIMARY KEY,
    "name" TEXT UNIQUE
)
2026-08-26 13:07:39,316  DEBUG     eds_loader.connectors._sql_base  [customers] inserting 3 row(s)
2026-08-26 13:07:39,316  INFO      eds_loader.connectors._sql_base  [customers] wrote 3 row(s) in 0.00s
2026-08-26 13:07:39,316  DEBUG     eds_loader.connectors._sql_base  [orders] DROP TABLE IF EXISTS "public"."orders" CASCADE
2026-08-26 13:07:39,316  DEBUG     eds_loader.connectors._sql_base  [orders] CREATE TABLE "public"."orders" (
    "order_id" BIGINT PRIMARY KEY,
    "customer_id" BIGINT NOT NULL REFERENCES "public"."customers"("customer_id"),
    "amount" DOUBLE PRECISION
)
2026-08-26 13:07:39,316  DEBUG     eds_loader.connectors._sql_base  [orders] inserting 2 row(s)
2026-08-26 13:07:39,316  INFO      eds_loader.connectors._sql_base  [orders] wrote 2 row(s) in 0.00s
2026-08-26 13:07:39,318  INFO      eds_loader.connectors._sql_base  Connected to test_user@localhost:5432/test_db
2026-08-26 13:07:39,318  DEBUG     eds_loader.connectors._sql_base  Table write order (FK-sorted): customers, orders
2026-08-26 13:07:39,318  DEBUG     eds_loader.connectors._sql_base  Ensuring namespace exists: CREATE SCHEMA IF NOT EXISTS "public"
2026-08-26 13:07:39,319  DEBUG     eds_loader.connectors._sql_base  [customers] DROP TABLE IF EXISTS "public"."customers" CASCADE
2026-08-26 13:07:39,319  DEBUG     eds_loader.connectors._sql_base  [customers] CREATE TABLE "public"."customers" (
    "customer_id" BIGINT PRIMARY KEY,
    "name" TEXT UNIQUE
)
2026-08-26 13:07:39,319  DEBUG     eds_loader.connectors._sql_base  [customers] inserting 3 row(s)
2026-08-26 13:07:39,319  INFO      eds_loader.connectors._sql_base  [customers] wrote 3 row(s) in 0.00s
2026-08-26 13:07:39,319  DEBUG     eds_loader.connectors._sql_base  [orders] DROP TABLE IF EXISTS "public"."orders" CASCADE
2026-08-26 13:07:39,319  DEBUG     eds_loader.connectors._sql_base  [orders] CREATE TABLE "public"."orders" (
    "order_id" BIGINT PRIMARY KEY,
    "customer_id" BIGINT NOT NULL REFERENCES "public"."customers"("customer_id"),
    "amount" DOUBLE PRECISION
)
2026-08-26 13:07:39,319  DEBUG     eds_loader.connectors._sql_base  [orders] inserting 2 row(s)
2026-08-26 13:07:39,319  INFO      eds_loader.connectors._sql_base  [orders] wrote 2 row(s) in 0.00s
2026-08-26 13:07:39,321  INFO      eds_loader.connectors._sql_base  Connected to test_user@localhost:5432/test_db
2026-08-26 13:07:39,322  DEBUG     eds_loader.connectors._sql_base  Ensuring namespace exists: CREATE SCHEMA IF NOT EXISTS "public"
2026-08-26 13:07:39,322  DEBUG     eds_loader.connectors._sql_base  [empty] DROP TABLE IF EXISTS "public"."empty" CASCADE
2026-08-26 13:07:39,322  DEBUG     eds_loader.connectors._sql_base  [empty] CREATE TABLE "public"."empty" (
    "id" BIGINT
)
2026-08-26 13:07:39,322  DEBUG     eds_loader.connectors._sql_base  [empty] inserting 0 row(s)
2026-08-26 13:07:39,322  INFO      eds_loader.connectors._sql_base  [empty] wrote 0 row(s) in 0.00s
2026-08-26 13:07:39,324  INFO      eds_loader.connectors._sql_base  Connected to test_user@localhost:5432/test_db
2026-08-26 13:07:39,324  DEBUG     eds_loader.connectors._sql_base  Ensuring namespace exists: CREATE SCHEMA IF NOT EXISTS "public"
2026-08-26 13:07:39,325  DEBUG     eds_loader.connectors._sql_base  [tbl] DROP TABLE IF EXISTS "public"."tbl" CASCADE
2026-08-26 13:07:39,325  DEBUG     eds_loader.connectors._sql_base  [tbl] CREATE TABLE "public"."tbl" (
    "id" BIGINT
)
2026-08-26 13:07:39,325  ERROR     eds_loader.connectors._sql_base  [tbl] write failed: DB error
2026-08-26 13:07:39,328  INFO      eds_loader.connectors._sql_base  Connected to test_user@localhost:5432/test_db
2026-08-26 13:07:39,328  DEBUG     eds_loader.connectors._sql_base  Ensuring namespace exists: CREATE SCHEMA IF NOT EXISTS "public"
2026-08-26 13:07:39,328  DEBUG     eds_loader.connectors._sql_base  [tbl] DROP TABLE IF EXISTS "public"."tbl" CASCADE
2026-08-26 13:07:39,328  DEBUG     eds_loader.connectors._sql_base  [tbl] CREATE TABLE "public"."tbl" (
    "id" BIGINT
)
2026-08-26 13:07:39,328  ERROR     eds_loader.connectors._sql_base  [tbl] write failed: oops
2026-08-26 13:07:39,346  DEBUG     eds_loader.connectors.local_fs  Reading schema.json from C:\Users\Mohit Patel\AppData\Local\Temp\pytest-of-spmohit\pytest-36\test_integration_local_fs_to_p0\source\schema.json
2026-08-26 13:07:39,349  DEBUG     eds_loader.connectors.local_fs  schema.json parsed: 2 dataset(s)
2026-08-26 13:07:39,352  INFO      eds_loader.connectors.local_fs  Read customers: 3 row(s) from C:\Users\Mohit Patel\AppData\Local\Temp\pytest-of-spmohit\pytest-36\test_integration_local_fs_to_p0\source\customers.parquet
2026-08-26 13:07:39,354  INFO      eds_loader.connectors.local_fs  Read orders: 2 row(s) from C:\Users\Mohit Patel\AppData\Local\Temp\pytest-of-spmohit\pytest-36\test_integration_local_fs_to_p0\source\orders.parquet
2026-08-26 13:07:39,355  INFO      eds_loader.loader  Read 2 dataset(s) from source
2026-08-26 13:07:39,355  INFO      eds_loader.connectors._sql_base  Connected to test_user@localhost:5432/test_db
2026-08-26 13:07:39,355  DEBUG     eds_loader.connectors._sql_base  Table write order (FK-sorted): customers, orders
2026-08-26 13:07:39,355  DEBUG     eds_loader.connectors._sql_base  Ensuring namespace exists: CREATE SCHEMA IF NOT EXISTS "public"
2026-08-26 13:07:39,356  DEBUG     eds_loader.connectors._sql_base  [customers] DROP TABLE IF EXISTS "public"."customers" CASCADE
2026-08-26 13:07:39,359  DEBUG     eds_loader.connectors._sql_base  [customers] CREATE TABLE "public"."customers" (
    "customer_id" BIGINT PRIMARY KEY,
    "name" TEXT UNIQUE
)
2026-08-26 13:07:39,359  DEBUG     eds_loader.connectors._sql_base  [customers] inserting 3 row(s)
2026-08-26 13:07:39,359  INFO      eds_loader.connectors._sql_base  [customers] wrote 3 row(s) in 0.00s
2026-08-26 13:07:39,359  DEBUG     eds_loader.connectors._sql_base  [orders] DROP TABLE IF EXISTS "public"."orders" CASCADE
2026-08-26 13:07:39,359  DEBUG     eds_loader.connectors._sql_base  [orders] CREATE TABLE "public"."orders" (
    "order_id" BIGINT PRIMARY KEY,
    "customer_id" BIGINT NOT NULL REFERENCES "public"."customers"("customer_id"),
    "amount" DOUBLE PRECISION
)
2026-08-26 13:07:39,360  DEBUG     eds_loader.connectors._sql_base  [orders] inserting 2 row(s)
2026-08-26 13:07:39,360  INFO      eds_loader.connectors._sql_base  [orders] wrote 2 row(s) in 0.00s
2026-08-26 13:07:39,360  INFO      eds_loader.loader  Load complete: 5 row(s) written
2026-08-26 13:07:39,369  DEBUG     eds_loader.connectors.local_fs  Reading schema.json from C:\Users\Mohit Patel\AppData\Local\Temp\pytest-of-spmohit\pytest-36\test_integration_enforce_false1\source2\schema.json
2026-08-26 13:07:39,370  DEBUG     eds_loader.connectors.local_fs  schema.json parsed: 2 dataset(s)
2026-08-26 13:07:39,373  INFO      eds_loader.connectors.local_fs  Read customers: 3 row(s) from C:\Users\Mohit Patel\AppData\Local\Temp\pytest-of-spmohit\pytest-36\test_integration_enforce_false1\source2\customers.parquet
2026-08-26 13:07:39,376  INFO      eds_loader.connectors.local_fs  Read orders: 2 row(s) from C:\Users\Mohit Patel\AppData\Local\Temp\pytest-of-spmohit\pytest-36\test_integration_enforce_false1\source2\orders.parquet
2026-08-26 13:07:39,376  INFO      eds_loader.loader  Read 2 dataset(s) from source
2026-08-26 13:07:39,376  INFO      eds_loader.connectors._sql_base  Connected to test_user@localhost:5432/test_db
2026-08-26 13:07:39,377  DEBUG     eds_loader.connectors._sql_base  Ensuring namespace exists: CREATE SCHEMA IF NOT EXISTS "public"
2026-08-26 13:07:39,377  DEBUG     eds_loader.connectors._sql_base  [customers] DROP TABLE IF EXISTS "public"."customers" CASCADE
2026-08-26 13:07:39,377  DEBUG     eds_loader.connectors._sql_base  [customers] CREATE TABLE "public"."customers" (
    "customer_id" BIGINT,
    "name" TEXT
)
2026-08-26 13:07:39,377  DEBUG     eds_loader.connectors._sql_base  [customers] inserting 3 row(s)
2026-08-26 13:07:39,378  INFO      eds_loader.connectors._sql_base  [customers] wrote 3 row(s) in 0.00s
2026-08-26 13:07:39,378  DEBUG     eds_loader.connectors._sql_base  [orders] DROP TABLE IF EXISTS "public"."orders" CASCADE
2026-08-26 13:07:39,378  DEBUG     eds_loader.connectors._sql_base  [orders] CREATE TABLE "public"."orders" (
    "order_id" BIGINT,
    "customer_id" BIGINT,
    "amount" DOUBLE PRECISION
)
2026-08-26 13:07:39,378  DEBUG     eds_loader.connectors._sql_base  [orders] inserting 2 row(s)
2026-08-26 13:07:39,378  INFO      eds_loader.connectors._sql_base  [orders] wrote 2 row(s) in 0.00s
2026-08-26 13:07:39,378  INFO      eds_loader.loader  Load complete: 5 row(s) written
2026-08-26 13:07:39,392  INFO      eds_loader.connectors.remote_fs  Connected to SFTP testuser@test.example.com:22
2026-08-26 13:07:39,394  INFO      eds_loader.connectors.remote_fs  Connected to SFTP testuser@test.example.com:22
2026-08-26 13:07:39,442  INFO      eds_loader.connectors.remote_fs  Connected to SFTP testuser@test.example.com:22
2026-08-26 13:07:39,457  DEBUG     eds_loader.connectors.remote_fs  Listing remote directory: /data/eds
2026-08-26 13:07:39,458  DEBUG     eds_loader.connectors.remote_fs  Found 2 .parquet file(s) in /data/eds
2026-08-26 13:07:39,460  INFO      eds_loader.connectors.remote_fs  Downloaded customers: 2 row(s) from /data/eds/customers.parquet
2026-08-26 13:07:39,461  INFO      eds_loader.connectors.remote_fs  Downloaded orders: 1 row(s) from /data/eds/orders.parquet
2026-08-26 13:07:39,464  DEBUG     eds_loader.connectors.remote_fs  Listing remote directory: /data/eds
2026-08-26 13:07:39,464  DEBUG     eds_loader.connectors.remote_fs  Found 1 .parquet file(s) in /data/eds
2026-08-26 13:07:39,465  INFO      eds_loader.connectors.remote_fs  Downloaded data: 1 row(s) from /data/eds/data.parquet
2026-08-26 13:07:39,466  DEBUG     eds_loader.connectors.remote_fs  Listing remote directory: /data/eds
2026-08-26 13:07:39,468  INFO      eds_loader.connectors.remote_fs  Downloaded customers: 2 row(s) from /data/eds/customers.parquet
2026-08-26 13:07:39,471  INFO      eds_loader.connectors.remote_fs  Downloaded my_table: 3 row(s) from /data/eds/my_table.parquet
2026-08-26 13:07:39,508  DEBUG     eds_loader.connectors.remote_fs  Listing remote directory: /data/eds
2026-08-26 13:07:39,508  DEBUG     eds_loader.connectors.remote_fs  Found 0 .parquet file(s) in /data/eds
2026-08-26 13:07:39,518  INFO      eds_loader.connectors.remote_fs  Downloaded customers: 2 row(s) from /data/eds/customers.parquet
2026-08-26 13:07:39,519  INFO      eds_loader.connectors.remote_fs  Downloaded orders: 1 row(s) from /data/eds/orders.parquet
2026-08-26 13:07:39,519  INFO      eds_loader.loader  Read 2 dataset(s) from source
2026-08-26 13:07:39,521  INFO      eds_loader.connectors.local_fs  Wrote customers: 2 row(s) to C:\Users\Mohit Patel\AppData\Local\Temp\pytest-of-spmohit\pytest-36\test_integration_remote_fs_sou0\remote_to_local_target\customers.parquet
2026-08-26 13:07:39,522  INFO      eds_loader.connectors.local_fs  Wrote orders: 1 row(s) to C:\Users\Mohit Patel\AppData\Local\Temp\pytest-of-spmohit\pytest-36\test_integration_remote_fs_sou0\remote_to_local_target\orders.parquet
2026-08-26 13:07:39,523  DEBUG     eds_loader.connectors.local_fs  Merging schema.json at target
2026-08-26 13:07:39,524  INFO      eds_loader.loader  Load complete: 3 row(s) written
2026-08-26 13:07:39,529  INFO      eds_loader.connectors.remote_fs  Downloaded customers: 2 row(s) from /data/eds/customers.parquet
2026-08-26 13:07:39,529  INFO      eds_loader.loader  Read 1 dataset(s) from source
2026-08-26 13:07:39,531  INFO      eds_loader.connectors.local_fs  Wrote customers: 2 row(s) to C:\Users\Mohit Patel\AppData\Local\Temp\pytest-of-spmohit\pytest-36\test_integration_table_subset_1\subset_target\customers.parquet
2026-08-26 13:07:39,531  DEBUG     eds_loader.connectors.local_fs  Merging schema.json at target
2026-08-26 13:07:39,532  INFO      eds_loader.loader  Load complete: 2 row(s) written
2026-08-26 13:07:39,567  INFO      eds_loader.loader  Read 2 dataset(s) from source
2026-08-26 13:07:39,569  INFO      eds_loader.connectors.local_fs  Wrote customers: 2 row(s) to C:\Users\Mohit Patel\AppData\Local\Temp\pytest-of-spmohit\pytest-36\test_integration_s3_source_via0\target\customers.parquet
2026-08-26 13:07:39,571  INFO      eds_loader.connectors.local_fs  Wrote orders: 1 row(s) to C:\Users\Mohit Patel\AppData\Local\Temp\pytest-of-spmohit\pytest-36\test_integration_s3_source_via0\target\orders.parquet
2026-08-26 13:07:39,571  DEBUG     eds_loader.connectors.local_fs  Merging schema.json at target
2026-08-26 13:07:39,571  INFO      eds_loader.loader  Load complete: 3 row(s) written
2026-08-26 13:07:39,616  INFO      eds_loader.connectors._sql_base  Connected to testuser@testhost:9999/testdb
2026-08-26 13:07:39,617  DEBUG     eds_loader.connectors._sql_base  Ensuring namespace exists: CREATE DATABASE IF NOT EXISTS [testdb]
2026-08-26 13:07:39,618  DEBUG     eds_loader.connectors._sql_base  [t] DROP TABLE IF EXISTS [testdb].[t]
2026-08-26 13:07:39,618  DEBUG     eds_loader.connectors._sql_base  [t] CREATE TABLE [testdb].[t] (
    [id] INT
)
2026-08-26 13:07:39,618  DEBUG     eds_loader.connectors._sql_base  [t] inserting 1 row(s)
2026-08-26 13:07:39,618  INFO      eds_loader.connectors._sql_base  [t] wrote 1 row(s) in 0.00s
2026-08-26 13:07:39,619  INFO      eds_loader.connectors._sql_base  Connected to testuser@testhost:9999/testdb
2026-08-26 13:07:39,620  DEBUG     eds_loader.connectors._sql_base  [t] DROP TABLE IF EXISTS [testdb].[t]
2026-08-26 13:07:39,620  DEBUG     eds_loader.connectors._sql_base  [t] CREATE TABLE [testdb].[t] (
    [id] INT
)
2026-08-26 13:07:39,620  DEBUG     eds_loader.connectors._sql_base  [t] inserting 1 row(s)
2026-08-26 13:07:39,620  INFO      eds_loader.connectors._sql_base  [t] wrote 1 row(s) in 0.00s
2026-08-26 13:07:39,622  INFO      eds_loader.connectors._sql_base  Connected to testuser@testhost:9999/testdb
2026-08-26 13:07:39,623  DEBUG     eds_loader.connectors._sql_base  [t] DROP TABLE IF EXISTS [testdb].[t]
2026-08-26 13:07:39,623  ERROR     eds_loader.connectors._sql_base  [t] write failed: DB down
2026-08-26 13:07:39,625  INFO      eds_loader.connectors._sql_base  Connected to testuser@testhost:9999/testdb
2026-08-26 13:07:39,626  DEBUG     eds_loader.connectors._sql_base  [a] DROP TABLE IF EXISTS [testdb].[a]
2026-08-26 13:07:39,626  DEBUG     eds_loader.connectors._sql_base  [a] CREATE TABLE [testdb].[a] (
    [id] INT
)
2026-08-26 13:07:39,626  DEBUG     eds_loader.connectors._sql_base  [a] inserting 1 row(s)
2026-08-26 13:07:39,626  INFO      eds_loader.connectors._sql_base  [a] wrote 1 row(s) in 0.00s
2026-08-26 13:07:39,626  DEBUG     eds_loader.connectors._sql_base  [b] DROP TABLE IF EXISTS [testdb].[b]
2026-08-26 13:07:39,627  DEBUG     eds_loader.connectors._sql_base  [b] CREATE TABLE [testdb].[b] (
    [id] INT
)
2026-08-26 13:07:39,627  DEBUG     eds_loader.connectors._sql_base  [b] inserting 1 row(s)
2026-08-26 13:07:39,627  INFO      eds_loader.connectors._sql_base  [b] wrote 1 row(s) in 0.00s
2026-08-26 13:07:39,628  INFO      eds_loader.connectors._sql_base  Connected to testuser@testhost:9999/testdb
2026-08-26 13:07:39,629  DEBUG     eds_loader.connectors._sql_base  [z] DROP TABLE IF EXISTS [testdb].[z]
2026-08-26 13:07:39,629  DEBUG     eds_loader.connectors._sql_base  [z] CREATE TABLE [testdb].[z] (
    [id] INT
)
2026-08-26 13:07:39,629  DEBUG     eds_loader.connectors._sql_base  [z] inserting 1 row(s)
2026-08-26 13:07:39,629  INFO      eds_loader.connectors._sql_base  [z] wrote 1 row(s) in 0.00s
2026-08-26 13:07:39,632  DEBUG     eds_loader.connectors._sql_base  [a] DROP TABLE IF EXISTS [testdb].[a]
2026-08-26 13:07:39,632  DEBUG     eds_loader.connectors._sql_base  [a] CREATE TABLE [testdb].[a] (
    [id] INT
)
2026-08-26 13:07:39,632  DEBUG     eds_loader.connectors._sql_base  [a] inserting 1 row(s)
2026-08-26 13:07:39,632  INFO      eds_loader.connectors._sql_base  [a] wrote 1 row(s) in 0.00s
2026-08-26 13:07:39,633  INFO      eds_loader.connectors._sql_base  Connected to testuser@testhost:9999/testdb
2026-08-26 13:07:39,634  DEBUG     eds_loader.connectors._sql_base  [tbl] DROP TABLE IF EXISTS [testdb].[tbl]
2026-08-26 13:07:39,634  DEBUG     eds_loader.connectors._sql_base  [tbl] CREATE TABLE [testdb].[tbl] (
    [id] INT
)
2026-08-26 13:07:39,635  DEBUG     eds_loader.connectors._sql_base  [tbl] inserting 1 row(s)
2026-08-26 13:07:39,635  INFO      eds_loader.connectors._sql_base  [tbl] wrote 1 row(s) in 0.00s
2026-08-26 13:07:39,636  INFO      eds_loader.connectors._sql_base  Connected to testuser@testhost:9999/testdb
2026-08-26 13:07:39,637  DEBUG     eds_loader.connectors._sql_base  [t] DROP TABLE IF EXISTS [testdb].[t]
2026-08-26 13:07:39,637  DEBUG     eds_loader.connectors._sql_base  [t] CREATE TABLE [testdb].[t] (
    [id] INT
)
2026-08-26 13:07:39,637  DEBUG     eds_loader.connectors._sql_base  [t] inserting 3 row(s)
2026-08-26 13:07:39,638  INFO      eds_loader.connectors._sql_base  [t] wrote 3 row(s) in 0.00s
2026-08-26 13:07:39,639  INFO      eds_loader.connectors._sql_base  Connected to testuser@testhost:9999/testdb
2026-08-26 13:07:39,640  DEBUG     eds_loader.connectors._sql_base  [t] DROP TABLE IF EXISTS [testdb].[t]
2026-08-26 13:07:39,640  DEBUG     eds_loader.connectors._sql_base  [t] CREATE TABLE [testdb].[t] (
    [id] INT
)
2026-08-26 13:07:39,640  ERROR     eds_loader.connectors._sql_base  [t] write failed: syntax error
2026-08-26 13:07:39,642  INFO      eds_loader.connectors._sql_base  Connected to testuser@testhost:9999/testdb
2026-08-26 13:07:39,643  DEBUG     eds_loader.connectors._sql_base  [t] DROP TABLE IF EXISTS [testdb].[t]
2026-08-26 13:07:39,643  DEBUG     eds_loader.connectors._sql_base  [t] CREATE TABLE [testdb].[t] (
    [id] INT
)
2026-08-26 13:07:39,643  ERROR     eds_loader.connectors._sql_base  [t] write failed: oops
