2026-08-24 15:49:15,208  INFO      eds_loader.cli.main  eds-loader run invoked (config=C:\Users\Mohit Patel\AppData\Local\Temp\pytest-of-spmohit\pytest-23\test_run_exits_zero_on_success0\loader.yaml, dry_run=False)
2026-08-24 15:49:15,229  INFO      eds_loader.cli.main  Config loaded: source=local_fs target=local_fs tables=(all) enforce_constraints=True schema_required=True
2026-08-24 15:49:15,229  INFO      eds_loader.loader  Starting load: source=local_fs target=local_fs schema_required=True enforce_constraints=True
2026-08-24 15:49:15,229  DEBUG     eds_loader.loader  Source connector instantiated: LocalFSConnector
2026-08-24 15:49:15,230  DEBUG     eds_loader.loader  Target connector instantiated: LocalFSConnector
2026-08-24 15:49:15,230  INFO      eds_loader.loader  Reading schema.json from source
2026-08-24 15:49:15,230  DEBUG     eds_loader.connectors.local_fs  Reading schema.json from C:\Users\Mohit Patel\AppData\Local\Temp\pytest-of-spmohit\pytest-23\test_run_exits_zero_on_success0\source\schema.json
2026-08-24 15:49:15,248  DEBUG     eds_loader.connectors.local_fs  schema.json parsed: 2 dataset(s)
2026-08-24 15:49:15,248  DEBUG     eds_loader.loader  schema.json contains 2 dataset definition(s)
2026-08-24 15:49:15,248  INFO      eds_loader.loader  Loading 2 table(s): customers, orders
2026-08-24 15:49:15,270  INFO      eds_loader.connectors.local_fs  Read customers: 3 row(s) from C:\Users\Mohit Patel\AppData\Local\Temp\pytest-of-spmohit\pytest-23\test_run_exits_zero_on_success0\source\customers.parquet
2026-08-24 15:49:15,290  INFO      eds_loader.connectors.local_fs  Read orders: 2 row(s) from C:\Users\Mohit Patel\AppData\Local\Temp\pytest-of-spmohit\pytest-23\test_run_exits_zero_on_success0\source\orders.parquet
2026-08-24 15:49:15,290  INFO      eds_loader.loader  Read 2 dataset(s) from source, 5 total row(s)
2026-08-24 15:49:15,290  DEBUG     eds_loader.loader    customers: 3 row(s), 1 column(s)
2026-08-24 15:49:15,290  DEBUG     eds_loader.loader    orders: 2 row(s), 1 column(s)
2026-08-24 15:49:15,291  DEBUG     eds_loader.loader  Constraint enforcement enabled — forwarding schema metadata to target
2026-08-24 15:49:15,291  INFO      eds_loader.loader  Writing 2 table(s) to target
2026-08-24 15:49:15,292  INFO      eds_loader.connectors.local_fs  Wrote customers: 3 row(s) to C:\Users\Mohit Patel\AppData\Local\Temp\pytest-of-spmohit\pytest-23\test_run_exits_zero_on_success0\target\customers.parquet
2026-08-24 15:49:15,294  INFO      eds_loader.connectors.local_fs  Wrote orders: 2 row(s) to C:\Users\Mohit Patel\AppData\Local\Temp\pytest-of-spmohit\pytest-23\test_run_exits_zero_on_success0\target\orders.parquet
2026-08-24 15:49:15,294  DEBUG     eds_loader.connectors.local_fs  Merging schema.json at target
2026-08-24 15:49:15,295  INFO      eds_loader.loader  Load complete: 5 row(s) written across 2 table(s)
2026-08-24 15:49:15,295  INFO      eds_loader.cli.main  Run complete: 5 row(s) across 2 table(s) in 0.1s
2026-08-24 15:49:15,306  INFO      eds_loader.cli.main  eds-loader run invoked (config=C:\Users\Mohit Patel\AppData\Local\Temp\pytest-of-spmohit\pytest-23\test_run_prints_table_with_row0\loader.yaml, dry_run=False)
2026-08-24 15:49:15,323  INFO      eds_loader.cli.main  Config loaded: source=local_fs target=local_fs tables=(all) enforce_constraints=True schema_required=True
2026-08-24 15:49:15,323  INFO      eds_loader.loader  Starting load: source=local_fs target=local_fs schema_required=True enforce_constraints=True
2026-08-24 15:49:15,323  DEBUG     eds_loader.loader  Source connector instantiated: LocalFSConnector
2026-08-24 15:49:15,323  DEBUG     eds_loader.loader  Target connector instantiated: LocalFSConnector
2026-08-24 15:49:15,323  INFO      eds_loader.loader  Reading schema.json from source
2026-08-24 15:49:15,323  DEBUG     eds_loader.connectors.local_fs  Reading schema.json from C:\Users\Mohit Patel\AppData\Local\Temp\pytest-of-spmohit\pytest-23\test_run_prints_table_with_row0\source\schema.json
2026-08-24 15:49:15,324  DEBUG     eds_loader.connectors.local_fs  schema.json parsed: 2 dataset(s)
2026-08-24 15:49:15,325  DEBUG     eds_loader.loader  schema.json contains 2 dataset definition(s)
2026-08-24 15:49:15,325  INFO      eds_loader.loader  Loading 2 table(s): customers, orders
2026-08-24 15:49:15,327  INFO      eds_loader.connectors.local_fs  Read customers: 3 row(s) from C:\Users\Mohit Patel\AppData\Local\Temp\pytest-of-spmohit\pytest-23\test_run_prints_table_with_row0\source\customers.parquet
2026-08-24 15:49:15,329  INFO      eds_loader.connectors.local_fs  Read orders: 2 row(s) from C:\Users\Mohit Patel\AppData\Local\Temp\pytest-of-spmohit\pytest-23\test_run_prints_table_with_row0\source\orders.parquet
2026-08-24 15:49:15,330  INFO      eds_loader.loader  Read 2 dataset(s) from source, 5 total row(s)
2026-08-24 15:49:15,330  DEBUG     eds_loader.loader    customers: 3 row(s), 1 column(s)
2026-08-24 15:49:15,330  DEBUG     eds_loader.loader    orders: 2 row(s), 1 column(s)
2026-08-24 15:49:15,330  DEBUG     eds_loader.loader  Constraint enforcement enabled — forwarding schema metadata to target
2026-08-24 15:49:15,330  INFO      eds_loader.loader  Writing 2 table(s) to target
2026-08-24 15:49:15,332  INFO      eds_loader.connectors.local_fs  Wrote customers: 3 row(s) to C:\Users\Mohit Patel\AppData\Local\Temp\pytest-of-spmohit\pytest-23\test_run_prints_table_with_row0\target\customers.parquet
2026-08-24 15:49:15,333  INFO      eds_loader.connectors.local_fs  Wrote orders: 2 row(s) to C:\Users\Mohit Patel\AppData\Local\Temp\pytest-of-spmohit\pytest-23\test_run_prints_table_with_row0\target\orders.parquet
2026-08-24 15:49:15,333  DEBUG     eds_loader.connectors.local_fs  Merging schema.json at target
2026-08-24 15:49:15,334  INFO      eds_loader.loader  Load complete: 5 row(s) written across 2 table(s)
2026-08-24 15:49:15,334  INFO      eds_loader.cli.main  Run complete: 5 row(s) across 2 table(s) in 0.0s
2026-08-24 15:49:15,346  INFO      eds_loader.cli.main  eds-loader run invoked (config=C:\Users\Mohit Patel\AppData\Local\Temp\pytest-of-spmohit\pytest-23\test_run_prints_timing_in_seco0\loader.yaml, dry_run=False)
2026-08-24 15:49:15,359  INFO      eds_loader.cli.main  Config loaded: source=local_fs target=local_fs tables=(all) enforce_constraints=True schema_required=True
2026-08-24 15:49:15,359  INFO      eds_loader.loader  Starting load: source=local_fs target=local_fs schema_required=True enforce_constraints=True
2026-08-24 15:49:15,359  DEBUG     eds_loader.loader  Source connector instantiated: LocalFSConnector
2026-08-24 15:49:15,359  DEBUG     eds_loader.loader  Target connector instantiated: LocalFSConnector
2026-08-24 15:49:15,359  INFO      eds_loader.loader  Reading schema.json from source
2026-08-24 15:49:15,359  DEBUG     eds_loader.connectors.local_fs  Reading schema.json from C:\Users\Mohit Patel\AppData\Local\Temp\pytest-of-spmohit\pytest-23\test_run_prints_timing_in_seco0\source\schema.json
2026-08-24 15:49:15,361  DEBUG     eds_loader.connectors.local_fs  schema.json parsed: 2 dataset(s)
2026-08-24 15:49:15,361  DEBUG     eds_loader.loader  schema.json contains 2 dataset definition(s)
2026-08-24 15:49:15,361  INFO      eds_loader.loader  Loading 2 table(s): customers, orders
2026-08-24 15:49:15,363  INFO      eds_loader.connectors.local_fs  Read customers: 3 row(s) from C:\Users\Mohit Patel\AppData\Local\Temp\pytest-of-spmohit\pytest-23\test_run_prints_timing_in_seco0\source\customers.parquet
2026-08-24 15:49:15,366  INFO      eds_loader.connectors.local_fs  Read orders: 2 row(s) from C:\Users\Mohit Patel\AppData\Local\Temp\pytest-of-spmohit\pytest-23\test_run_prints_timing_in_seco0\source\orders.parquet
2026-08-24 15:49:15,366  INFO      eds_loader.loader  Read 2 dataset(s) from source, 5 total row(s)
2026-08-24 15:49:15,367  DEBUG     eds_loader.loader    customers: 3 row(s), 1 column(s)
2026-08-24 15:49:15,367  DEBUG     eds_loader.loader    orders: 2 row(s), 1 column(s)
2026-08-24 15:49:15,367  DEBUG     eds_loader.loader  Constraint enforcement enabled — forwarding schema metadata to target
2026-08-24 15:49:15,367  INFO      eds_loader.loader  Writing 2 table(s) to target
2026-08-24 15:49:15,368  INFO      eds_loader.connectors.local_fs  Wrote customers: 3 row(s) to C:\Users\Mohit Patel\AppData\Local\Temp\pytest-of-spmohit\pytest-23\test_run_prints_timing_in_seco0\target\customers.parquet
2026-08-24 15:49:15,370  INFO      eds_loader.connectors.local_fs  Wrote orders: 2 row(s) to C:\Users\Mohit Patel\AppData\Local\Temp\pytest-of-spmohit\pytest-23\test_run_prints_timing_in_seco0\target\orders.parquet
2026-08-24 15:49:15,370  DEBUG     eds_loader.connectors.local_fs  Merging schema.json at target
2026-08-24 15:49:15,371  INFO      eds_loader.loader  Load complete: 5 row(s) written across 2 table(s)
2026-08-24 15:49:15,371  INFO      eds_loader.cli.main  Run complete: 5 row(s) across 2 table(s) in 0.0s
2026-08-24 15:49:15,381  INFO      eds_loader.cli.main  eds-loader run invoked (config=C:\Users\Mohit Patel\AppData\Local\Temp\pytest-of-spmohit\pytest-23\test_run_table_has_location_co0\loader.yaml, dry_run=False)
2026-08-24 15:49:15,401  INFO      eds_loader.cli.main  Config loaded: source=local_fs target=local_fs tables=(all) enforce_constraints=True schema_required=True
2026-08-24 15:49:15,401  INFO      eds_loader.loader  Starting load: source=local_fs target=local_fs schema_required=True enforce_constraints=True
2026-08-24 15:49:15,401  DEBUG     eds_loader.loader  Source connector instantiated: LocalFSConnector
2026-08-24 15:49:15,401  DEBUG     eds_loader.loader  Target connector instantiated: LocalFSConnector
2026-08-24 15:49:15,401  INFO      eds_loader.loader  Reading schema.json from source
2026-08-24 15:49:15,401  DEBUG     eds_loader.connectors.local_fs  Reading schema.json from C:\Users\Mohit Patel\AppData\Local\Temp\pytest-of-spmohit\pytest-23\test_run_table_has_location_co0\source\schema.json
2026-08-24 15:49:15,403  DEBUG     eds_loader.connectors.local_fs  schema.json parsed: 2 dataset(s)
2026-08-24 15:49:15,403  DEBUG     eds_loader.loader  schema.json contains 2 dataset definition(s)
2026-08-24 15:49:15,403  INFO      eds_loader.loader  Loading 2 table(s): customers, orders
2026-08-24 15:49:15,406  INFO      eds_loader.connectors.local_fs  Read customers: 3 row(s) from C:\Users\Mohit Patel\AppData\Local\Temp\pytest-of-spmohit\pytest-23\test_run_table_has_location_co0\source\customers.parquet
2026-08-24 15:49:15,409  INFO      eds_loader.connectors.local_fs  Read orders: 2 row(s) from C:\Users\Mohit Patel\AppData\Local\Temp\pytest-of-spmohit\pytest-23\test_run_table_has_location_co0\source\orders.parquet
2026-08-24 15:49:15,409  INFO      eds_loader.loader  Read 2 dataset(s) from source, 5 total row(s)
2026-08-24 15:49:15,409  DEBUG     eds_loader.loader    customers: 3 row(s), 1 column(s)
2026-08-24 15:49:15,409  DEBUG     eds_loader.loader    orders: 2 row(s), 1 column(s)
2026-08-24 15:49:15,409  DEBUG     eds_loader.loader  Constraint enforcement enabled — forwarding schema metadata to target
2026-08-24 15:49:15,409  INFO      eds_loader.loader  Writing 2 table(s) to target
2026-08-24 15:49:15,411  INFO      eds_loader.connectors.local_fs  Wrote customers: 3 row(s) to C:\Users\Mohit Patel\AppData\Local\Temp\pytest-of-spmohit\pytest-23\test_run_table_has_location_co0\target\customers.parquet
2026-08-24 15:49:15,413  INFO      eds_loader.connectors.local_fs  Wrote orders: 2 row(s) to C:\Users\Mohit Patel\AppData\Local\Temp\pytest-of-spmohit\pytest-23\test_run_table_has_location_co0\target\orders.parquet
2026-08-24 15:49:15,413  DEBUG     eds_loader.connectors.local_fs  Merging schema.json at target
2026-08-24 15:49:15,413  INFO      eds_loader.loader  Load complete: 5 row(s) written across 2 table(s)
2026-08-24 15:49:15,413  INFO      eds_loader.cli.main  Run complete: 5 row(s) across 2 table(s) in 0.0s
2026-08-24 15:49:15,419  INFO      eds_loader.cli.main  eds-loader run invoked (config=C:\Users\Mohit Patel\AppData\Local\Temp\pytest-of-spmohit\pytest-23\test_run_missing_config_exits_0\nope.yaml, dry_run=False)
2026-08-24 15:49:15,419  ERROR     eds_loader.cli.main  Config parse failed: Config file not found: C:\Users\Mohit Patel\AppData\Local\Temp\pytest-of-spmohit\pytest-23\test_run_missing_config_exits_0\nope.yaml
2026-08-24 15:49:15,426  INFO      eds_loader.cli.main  eds-loader run invoked (config=C:\Users\Mohit Patel\AppData\Local\Temp\pytest-of-spmohit\pytest-23\test_run_invalid_yaml_exits_20\loader.yaml, dry_run=False)
2026-08-24 15:49:15,440  ERROR     eds_loader.cli.main  Config parse failed: Config file C:\Users\Mohit Patel\AppData\Local\Temp\pytest-of-spmohit\pytest-23\test_run_invalid_yaml_exits_20\loader.yaml is not valid YAML: while parsing a flow sequence
  in "<unicode string>", line 1, column 9:
    source: [unclosed
            ^
expected ',' or ']', but got '<stream end>'
  in "<unicode string>", line 1, column 18:
    source: [unclosed
                     ^
2026-08-24 15:49:15,446  INFO      eds_loader.cli.main  eds-loader run invoked (config=C:\Users\Mohit Patel\AppData\Local\Temp\pytest-of-spmohit\pytest-23\test_run_unknown_connector_kin0\loader.yaml, dry_run=False)
2026-08-24 15:49:15,463  INFO      eds_loader.cli.main  Config loaded: source=nosuchdb target=local_fs tables=(all) enforce_constraints=True schema_required=True
2026-08-24 15:49:15,463  INFO      eds_loader.loader  Starting load: source=nosuchdb target=local_fs schema_required=True enforce_constraints=True
2026-08-24 15:49:15,463  ERROR     eds_loader.loader  Load failed with an unexpected error (attempt 1/1)
Traceback (most recent call last):
  File "C:\Users\Mohit Patel\Downloads\EDS\eds_loader\eds_loader\loader.py", line 138, in load
    return _load_impl(config)
  File "C:\Users\Mohit Patel\Downloads\EDS\eds_loader\eds_loader\loader.py", line 178, in _load_impl
    source = get_connector(source_cfg.kind, source_cfg.extra_fields())
  File "C:\Users\Mohit Patel\Downloads\EDS\eds_loader\eds_loader\connectors\registry.py", line 139, in get_connector
    raise ConnectorNotFoundError(kind=kind, available=list(CONNECTORS))
eds_loader.exceptions.ConnectorNotFoundError: Unknown connector kind 'nosuchdb'.
Known connectors: azure_blob, gcs, local_fs, mongodb, mssql, mysql, postgres, remote_fs, s3.
Run `eds-loader connectors` to see install status.
2026-08-24 15:49:15,464  ERROR     eds_loader.cli.main  Load failed after 0.0s: Load failed after 1 attempt(s)
2026-08-24 15:49:15,671  INFO      eds_loader.cli.main  eds-loader run invoked (config=C:\Users\Mohit Patel\AppData\Local\Temp\pytest-of-spmohit\pytest-23\test_run_load_error_exits_30\loader.yaml, dry_run=False)
2026-08-24 15:49:15,693  INFO      eds_loader.cli.main  Config loaded: source=local_fs target=local_fs tables=(all) enforce_constraints=True schema_required=True
2026-08-24 15:49:15,693  ERROR     eds_loader.cli.main  Load failed after 0.0s: disk full
2026-08-24 15:49:15,705  INFO      eds_loader.cli.main  eds-loader run invoked (config=C:\Users\Mohit Patel\AppData\Local\Temp\pytest-of-spmohit\pytest-23\test_dry_run_exits_zero0\loader.yaml, dry_run=True)
2026-08-24 15:49:15,721  INFO      eds_loader.cli.main  Config loaded: source=local_fs target=local_fs tables=(all) enforce_constraints=True schema_required=True
2026-08-24 15:49:15,722  DEBUG     eds_loader.connectors.local_fs  Reading schema.json from C:\Users\Mohit Patel\AppData\Local\Temp\pytest-of-spmohit\pytest-23\test_dry_run_exits_zero0\source\schema.json
2026-08-24 15:49:15,724  DEBUG     eds_loader.connectors.local_fs  schema.json parsed: 2 dataset(s)
2026-08-24 15:49:15,724  INFO      eds_loader.cli.main  Dry-run: reading ['customers', 'orders'] dataset(s) from source
2026-08-24 15:49:15,726  INFO      eds_loader.connectors.local_fs  Read customers: 3 row(s) from C:\Users\Mohit Patel\AppData\Local\Temp\pytest-of-spmohit\pytest-23\test_dry_run_exits_zero0\source\customers.parquet
2026-08-24 15:49:15,729  INFO      eds_loader.connectors.local_fs  Read orders: 2 row(s) from C:\Users\Mohit Patel\AppData\Local\Temp\pytest-of-spmohit\pytest-23\test_dry_run_exits_zero0\source\orders.parquet
2026-08-24 15:49:15,729  INFO      eds_loader.cli.main  Dry-run complete: 5 row(s) across 2 dataset(s)
2026-08-24 15:49:15,741  INFO      eds_loader.cli.main  eds-loader run invoked (config=C:\Users\Mohit Patel\AppData\Local\Temp\pytest-of-spmohit\pytest-23\test_dry_run_shows_dataset_nam0\loader.yaml, dry_run=True)
2026-08-24 15:49:15,760  INFO      eds_loader.cli.main  Config loaded: source=local_fs target=local_fs tables=(all) enforce_constraints=True schema_required=True
2026-08-24 15:49:15,760  DEBUG     eds_loader.connectors.local_fs  Reading schema.json from C:\Users\Mohit Patel\AppData\Local\Temp\pytest-of-spmohit\pytest-23\test_dry_run_shows_dataset_nam0\source\schema.json
2026-08-24 15:49:15,762  DEBUG     eds_loader.connectors.local_fs  schema.json parsed: 2 dataset(s)
2026-08-24 15:49:15,762  INFO      eds_loader.cli.main  Dry-run: reading ['customers', 'orders'] dataset(s) from source
2026-08-24 15:49:15,763  INFO      eds_loader.connectors.local_fs  Read customers: 3 row(s) from C:\Users\Mohit Patel\AppData\Local\Temp\pytest-of-spmohit\pytest-23\test_dry_run_shows_dataset_nam0\source\customers.parquet
2026-08-24 15:49:15,765  INFO      eds_loader.connectors.local_fs  Read orders: 2 row(s) from C:\Users\Mohit Patel\AppData\Local\Temp\pytest-of-spmohit\pytest-23\test_dry_run_shows_dataset_nam0\source\orders.parquet
2026-08-24 15:49:15,765  INFO      eds_loader.cli.main  Dry-run complete: 5 row(s) across 2 dataset(s)
2026-08-24 15:49:15,775  INFO      eds_loader.cli.main  eds-loader run invoked (config=C:\Users\Mohit Patel\AppData\Local\Temp\pytest-of-spmohit\pytest-23\test_dry_run_shows_total_rows0\loader.yaml, dry_run=True)
2026-08-24 15:49:15,795  INFO      eds_loader.cli.main  Config loaded: source=local_fs target=local_fs tables=(all) enforce_constraints=True schema_required=True
2026-08-24 15:49:15,796  DEBUG     eds_loader.connectors.local_fs  Reading schema.json from C:\Users\Mohit Patel\AppData\Local\Temp\pytest-of-spmohit\pytest-23\test_dry_run_shows_total_rows0\source\schema.json
2026-08-24 15:49:15,797  DEBUG     eds_loader.connectors.local_fs  schema.json parsed: 2 dataset(s)
2026-08-24 15:49:15,797  INFO      eds_loader.cli.main  Dry-run: reading ['customers', 'orders'] dataset(s) from source
2026-08-24 15:49:15,799  INFO      eds_loader.connectors.local_fs  Read customers: 3 row(s) from C:\Users\Mohit Patel\AppData\Local\Temp\pytest-of-spmohit\pytest-23\test_dry_run_shows_total_rows0\source\customers.parquet
2026-08-24 15:49:15,802  INFO      eds_loader.connectors.local_fs  Read orders: 2 row(s) from C:\Users\Mohit Patel\AppData\Local\Temp\pytest-of-spmohit\pytest-23\test_dry_run_shows_total_rows0\source\orders.parquet
2026-08-24 15:49:15,802  INFO      eds_loader.cli.main  Dry-run complete: 5 row(s) across 2 dataset(s)
2026-08-24 15:49:15,812  INFO      eds_loader.cli.main  eds-loader run invoked (config=C:\Users\Mohit Patel\AppData\Local\Temp\pytest-of-spmohit\pytest-23\test_dry_run_does_not_write_ta0\loader.yaml, dry_run=True)
2026-08-24 15:49:15,829  INFO      eds_loader.cli.main  Config loaded: source=local_fs target=local_fs tables=(all) enforce_constraints=True schema_required=True
2026-08-24 15:49:15,829  DEBUG     eds_loader.connectors.local_fs  Reading schema.json from C:\Users\Mohit Patel\AppData\Local\Temp\pytest-of-spmohit\pytest-23\test_dry_run_does_not_write_ta0\source\schema.json
2026-08-24 15:49:15,830  DEBUG     eds_loader.connectors.local_fs  schema.json parsed: 2 dataset(s)
2026-08-24 15:49:15,830  INFO      eds_loader.cli.main  Dry-run: reading ['customers', 'orders'] dataset(s) from source
2026-08-24 15:49:15,832  INFO      eds_loader.connectors.local_fs  Read customers: 3 row(s) from C:\Users\Mohit Patel\AppData\Local\Temp\pytest-of-spmohit\pytest-23\test_dry_run_does_not_write_ta0\source\customers.parquet
2026-08-24 15:49:15,835  INFO      eds_loader.connectors.local_fs  Read orders: 2 row(s) from C:\Users\Mohit Patel\AppData\Local\Temp\pytest-of-spmohit\pytest-23\test_dry_run_does_not_write_ta0\source\orders.parquet
2026-08-24 15:49:15,835  INFO      eds_loader.cli.main  Dry-run complete: 5 row(s) across 2 dataset(s)
2026-08-24 15:49:15,845  INFO      eds_loader.cli.main  eds-loader run invoked (config=C:\Users\Mohit Patel\AppData\Local\Temp\pytest-of-spmohit\pytest-23\test_dry_run_shows_dry_run_hea0\loader.yaml, dry_run=True)
2026-08-24 15:49:15,862  INFO      eds_loader.cli.main  Config loaded: source=local_fs target=local_fs tables=(all) enforce_constraints=True schema_required=True
2026-08-24 15:49:15,863  DEBUG     eds_loader.connectors.local_fs  Reading schema.json from C:\Users\Mohit Patel\AppData\Local\Temp\pytest-of-spmohit\pytest-23\test_dry_run_shows_dry_run_hea0\source\schema.json
2026-08-24 15:49:15,864  DEBUG     eds_loader.connectors.local_fs  schema.json parsed: 2 dataset(s)
2026-08-24 15:49:15,864  INFO      eds_loader.cli.main  Dry-run: reading ['customers', 'orders'] dataset(s) from source
2026-08-24 15:49:15,865  INFO      eds_loader.connectors.local_fs  Read customers: 3 row(s) from C:\Users\Mohit Patel\AppData\Local\Temp\pytest-of-spmohit\pytest-23\test_dry_run_shows_dry_run_hea0\source\customers.parquet
2026-08-24 15:49:15,867  INFO      eds_loader.connectors.local_fs  Read orders: 2 row(s) from C:\Users\Mohit Patel\AppData\Local\Temp\pytest-of-spmohit\pytest-23\test_dry_run_shows_dry_run_hea0\source\orders.parquet
2026-08-24 15:49:15,867  INFO      eds_loader.cli.main  Dry-run complete: 5 row(s) across 2 dataset(s)
2026-08-24 15:49:15,878  INFO      eds_loader.cli.main  eds-loader run invoked (config=C:\Users\Mohit Patel\AppData\Local\Temp\pytest-of-spmohit\pytest-23\test_dry_run_source_error_exit0\loader.yaml, dry_run=True)
2026-08-24 15:49:15,900  INFO      eds_loader.cli.main  Config loaded: source=local_fs target=local_fs tables=(all) enforce_constraints=True schema_required=True
2026-08-24 15:49:15,900  ERROR     eds_loader.cli.main  Dry-run read failed: source down
2026-08-24 15:49:15,928  DEBUG     eds_loader.connectors.local_fs  Reading schema.json from C:\Users\Mohit Patel\AppData\Local\Temp\pytest-of-spmohit\pytest-23\test_validate_good_config_exit0\source\schema.json
2026-08-24 15:49:15,929  DEBUG     eds_loader.connectors.local_fs  schema.json parsed: 2 dataset(s)
2026-08-24 15:49:15,956  DEBUG     eds_loader.connectors.local_fs  Reading schema.json from C:\Users\Mohit Patel\AppData\Local\Temp\pytest-of-spmohit\pytest-23\test_validate_prints_checkmark0\source\schema.json
2026-08-24 15:49:15,957  DEBUG     eds_loader.connectors.local_fs  schema.json parsed: 2 dataset(s)
2026-08-24 15:49:15,977  DEBUG     eds_loader.connectors.local_fs  Reading schema.json from C:\Users\Mohit Patel\AppData\Local\Temp\pytest-of-spmohit\pytest-23\test_validate_shows_dataset_co0\source\schema.json
2026-08-24 15:49:15,979  DEBUG     eds_loader.connectors.local_fs  schema.json parsed: 2 dataset(s)
2026-08-24 15:49:16,092  DEBUG     eds_loader.connectors.local_fs  Reading schema.json from C:\Users\Mohit Patel\AppData\Local\Temp\pytest-of-spmohit\pytest-23\test_validate_shows_connector_0\source\schema.json
2026-08-24 15:49:16,093  DEBUG     eds_loader.connectors.local_fs  schema.json parsed: 2 dataset(s)
2026-08-24 15:49:16,523  INFO      eds_loader.loader  Starting load: source=gcs target=local_fs schema_required=True enforce_constraints=True
2026-08-24 15:49:16,524  DEBUG     eds_loader.loader  Source connector instantiated: GCSConnector
2026-08-24 15:49:16,524  DEBUG     eds_loader.loader  Target connector instantiated: LocalFSConnector
2026-08-24 15:49:16,524  INFO      eds_loader.loader  Reading schema.json from source
2026-08-24 15:49:16,524  DEBUG     eds_loader.loader  schema.json contains 2 dataset definition(s)
2026-08-24 15:49:16,524  INFO      eds_loader.loader  Loading 2 table(s): customers, orders
2026-08-24 15:49:16,525  INFO      eds_loader.loader  Read 2 dataset(s) from source, 5 total row(s)
2026-08-24 15:49:16,526  DEBUG     eds_loader.loader    customers: 3 row(s), 1 column(s)
2026-08-24 15:49:16,526  DEBUG     eds_loader.loader    orders: 2 row(s), 1 column(s)
2026-08-24 15:49:16,526  DEBUG     eds_loader.loader  Constraint enforcement enabled — forwarding schema metadata to target
2026-08-24 15:49:16,526  INFO      eds_loader.loader  Writing 2 table(s) to target
2026-08-24 15:49:16,527  INFO      eds_loader.connectors.local_fs  Wrote customers: 3 row(s) to C:\Users\Mohit Patel\AppData\Local\Temp\pytest-of-spmohit\pytest-23\test_integration_gcs_source_vi0\target\customers.parquet
2026-08-24 15:49:16,528  INFO      eds_loader.connectors.local_fs  Wrote orders: 2 row(s) to C:\Users\Mohit Patel\AppData\Local\Temp\pytest-of-spmohit\pytest-23\test_integration_gcs_source_vi0\target\orders.parquet
2026-08-24 15:49:16,529  DEBUG     eds_loader.connectors.local_fs  Merging schema.json at target
2026-08-24 15:49:16,529  INFO      eds_loader.loader  Load complete: 5 row(s) written across 2 table(s)
2026-08-24 15:49:16,531  INFO      eds_loader.loader  Starting load: source=mock_source target=mock_target schema_required=True enforce_constraints=True
2026-08-24 15:49:16,532  DEBUG     eds_loader.loader  Source connector instantiated: MagicMock
2026-08-24 15:49:16,532  DEBUG     eds_loader.loader  Target connector instantiated: MagicMock
2026-08-24 15:49:16,532  INFO      eds_loader.loader  Reading schema.json from source
2026-08-24 15:49:16,532  DEBUG     eds_loader.loader  schema.json contains 2 dataset definition(s)
2026-08-24 15:49:16,532  INFO      eds_loader.loader  Loading 2 table(s): customers, orders
2026-08-24 15:49:16,532  INFO      eds_loader.loader  Read 2 dataset(s) from source, 3 total row(s)
2026-08-24 15:49:16,532  DEBUG     eds_loader.loader    customers: 2 row(s), 1 column(s)
2026-08-24 15:49:16,532  DEBUG     eds_loader.loader    orders: 1 row(s), 2 column(s)
2026-08-24 15:49:16,532  DEBUG     eds_loader.loader  Constraint enforcement enabled — forwarding schema metadata to target
2026-08-24 15:49:16,532  INFO      eds_loader.loader  Writing 2 table(s) to target
2026-08-24 15:49:16,532  INFO      eds_loader.loader  Load complete: 3 row(s) written across 2 table(s)
2026-08-24 15:49:16,534  INFO      eds_loader.loader  Starting load: source=mock_source target=mock_target schema_required=True enforce_constraints=True
2026-08-24 15:49:16,534  DEBUG     eds_loader.loader  Source connector instantiated: MagicMock
2026-08-24 15:49:16,534  DEBUG     eds_loader.loader  Target connector instantiated: MagicMock
2026-08-24 15:49:16,534  INFO      eds_loader.loader  Reading schema.json from source
2026-08-24 15:49:16,534  DEBUG     eds_loader.loader  schema.json contains 2 dataset definition(s)
2026-08-24 15:49:16,534  INFO      eds_loader.loader  Loading 2 table(s): customers, orders
2026-08-24 15:49:16,535  INFO      eds_loader.loader  Read 2 dataset(s) from source, 3 total row(s)
2026-08-24 15:49:16,535  DEBUG     eds_loader.loader    customers: 2 row(s), 1 column(s)
2026-08-24 15:49:16,535  DEBUG     eds_loader.loader    orders: 1 row(s), 2 column(s)
2026-08-24 15:49:16,535  DEBUG     eds_loader.loader  Constraint enforcement enabled — forwarding schema metadata to target
2026-08-24 15:49:16,535  INFO      eds_loader.loader  Writing 2 table(s) to target
2026-08-24 15:49:16,535  INFO      eds_loader.loader  Load complete: 3 row(s) written across 2 table(s)
2026-08-24 15:49:16,537  INFO      eds_loader.loader  Starting load: source=mock_source target=mock_target schema_required=True enforce_constraints=False
2026-08-24 15:49:16,537  DEBUG     eds_loader.loader  Source connector instantiated: MagicMock
2026-08-24 15:49:16,537  DEBUG     eds_loader.loader  Target connector instantiated: MagicMock
2026-08-24 15:49:16,537  INFO      eds_loader.loader  Reading schema.json from source
2026-08-24 15:49:16,537  DEBUG     eds_loader.loader  schema.json contains 2 dataset definition(s)
2026-08-24 15:49:16,537  INFO      eds_loader.loader  Loading 2 table(s): customers, orders
2026-08-24 15:49:16,537  INFO      eds_loader.loader  Read 2 dataset(s) from source, 3 total row(s)
2026-08-24 15:49:16,537  DEBUG     eds_loader.loader    customers: 2 row(s), 1 column(s)
2026-08-24 15:49:16,537  DEBUG     eds_loader.loader    orders: 1 row(s), 2 column(s)
2026-08-24 15:49:16,537  DEBUG     eds_loader.loader  Constraint enforcement disabled — target will create plain tables
2026-08-24 15:49:16,537  INFO      eds_loader.loader  Writing 2 table(s) to target
2026-08-24 15:49:16,537  INFO      eds_loader.loader  Load complete: 3 row(s) written across 2 table(s)
2026-08-24 15:49:16,539  INFO      eds_loader.loader  Starting load: source=mock_source target=mock_target schema_required=True enforce_constraints=True
2026-08-24 15:49:16,540  DEBUG     eds_loader.loader  Source connector instantiated: MagicMock
2026-08-24 15:49:16,540  DEBUG     eds_loader.loader  Target connector instantiated: MagicMock
2026-08-24 15:49:16,540  INFO      eds_loader.loader  Reading schema.json from source
2026-08-24 15:49:16,540  DEBUG     eds_loader.loader  schema.json contains 2 dataset definition(s)
2026-08-24 15:49:16,540  INFO      eds_loader.loader  Loading 2 table(s): customers, orders
2026-08-24 15:49:16,540  INFO      eds_loader.loader  Read 2 dataset(s) from source, 3 total row(s)
2026-08-24 15:49:16,540  DEBUG     eds_loader.loader    customers: 2 row(s), 1 column(s)
2026-08-24 15:49:16,540  DEBUG     eds_loader.loader    orders: 1 row(s), 2 column(s)
2026-08-24 15:49:16,540  DEBUG     eds_loader.loader  Constraint enforcement enabled — forwarding schema metadata to target
2026-08-24 15:49:16,540  INFO      eds_loader.loader  Writing 2 table(s) to target
2026-08-24 15:49:16,540  INFO      eds_loader.loader  Load complete: 3 row(s) written across 2 table(s)
2026-08-24 15:49:16,542  INFO      eds_loader.loader  Starting load: source=mock_source target=mock_target schema_required=True enforce_constraints=True
2026-08-24 15:49:16,542  DEBUG     eds_loader.loader  Source connector instantiated: MagicMock
2026-08-24 15:49:16,542  DEBUG     eds_loader.loader  Target connector instantiated: MagicMock
2026-08-24 15:49:16,542  INFO      eds_loader.loader  Reading schema.json from source
2026-08-24 15:49:16,542  DEBUG     eds_loader.loader  schema.json contains 2 dataset definition(s)
2026-08-24 15:49:16,543  INFO      eds_loader.loader  Loading 1 table(s): customers
2026-08-24 15:49:16,543  INFO      eds_loader.loader  Read 1 dataset(s) from source, 1 total row(s)
2026-08-24 15:49:16,543  DEBUG     eds_loader.loader    customers: 1 row(s), 1 column(s)
2026-08-24 15:49:16,543  DEBUG     eds_loader.loader  Constraint enforcement enabled — forwarding schema metadata to target
2026-08-24 15:49:16,543  INFO      eds_loader.loader  Writing 1 table(s) to target
2026-08-24 15:49:16,543  INFO      eds_loader.loader  Load complete: 1 row(s) written across 1 table(s)
2026-08-24 15:49:16,545  INFO      eds_loader.loader  Starting load: source=mock_source target=mock_target schema_required=True enforce_constraints=True
2026-08-24 15:49:16,545  DEBUG     eds_loader.loader  Source connector instantiated: MagicMock
2026-08-24 15:49:16,545  DEBUG     eds_loader.loader  Target connector instantiated: MagicMock
2026-08-24 15:49:16,545  INFO      eds_loader.loader  Reading schema.json from source
2026-08-24 15:49:16,545  DEBUG     eds_loader.loader  schema.json contains 2 dataset definition(s)
2026-08-24 15:49:16,545  ERROR     eds_loader.loader  Load failed (config error — no retry): None
2026-08-24 15:49:16,547  INFO      eds_loader.loader  Starting load: source=write_only target=mock_target2 schema_required=True enforce_constraints=True
2026-08-24 15:49:16,547  DEBUG     eds_loader.loader  Source connector instantiated: MagicMock
2026-08-24 15:49:16,547  DEBUG     eds_loader.loader  Target connector instantiated: MagicMock
2026-08-24 15:49:16,547  ERROR     eds_loader.loader  Load failed (config error — no retry): None
2026-08-24 15:49:16,549  INFO      eds_loader.loader  Starting load: source=mock_source2 target=read_only_target schema_required=True enforce_constraints=True
2026-08-24 15:49:16,549  DEBUG     eds_loader.loader  Source connector instantiated: MagicMock
2026-08-24 15:49:16,549  DEBUG     eds_loader.loader  Target connector instantiated: MagicMock
2026-08-24 15:49:16,549  ERROR     eds_loader.loader  Load failed (config error — no retry): None
2026-08-24 15:49:16,559  DEBUG     eds_loader.connectors.local_fs  Reading schema.json from C:\Users\Mohit Patel\AppData\Local\Temp\pytest-of-spmohit\pytest-23\test_read_schema_metadata_retu0\schema.json
2026-08-24 15:49:16,575  DEBUG     eds_loader.connectors.local_fs  schema.json parsed: 2 dataset(s)
2026-08-24 15:49:16,581  DEBUG     eds_loader.connectors.local_fs  Reading schema.json from C:\Users\Mohit Patel\AppData\Local\Temp\pytest-of-spmohit\pytest-23\test_read_schema_metadata_cont0\schema.json
2026-08-24 15:49:16,582  DEBUG     eds_loader.connectors.local_fs  schema.json parsed: 2 dataset(s)
2026-08-24 15:49:16,589  DEBUG     eds_loader.connectors.local_fs  Reading schema.json from C:\Users\Mohit Patel\AppData\Local\Temp\pytest-of-spmohit\pytest-23\test_read_schema_metadata_corr0\schema.json
2026-08-24 15:49:16,609  DEBUG     eds_loader.connectors.local_fs  Reading schema.json from C:\Users\Mohit Patel\AppData\Local\Temp\pytest-of-spmohit\pytest-23\test_read_schema_metadata_empt0\schema.json
2026-08-24 15:49:16,615  DEBUG     eds_loader.connectors.local_fs  Auto-discovered 2 parquet file(s) in C:\Users\Mohit Patel\AppData\Local\Temp\pytest-of-spmohit\pytest-23\test_read_datasets_none_reads_0
2026-08-24 15:49:16,626  INFO      eds_loader.connectors.local_fs  Read customers: 3 row(s) from C:\Users\Mohit Patel\AppData\Local\Temp\pytest-of-spmohit\pytest-23\test_read_datasets_none_reads_0\customers.parquet
2026-08-24 15:49:16,647  INFO      eds_loader.connectors.local_fs  Read orders: 2 row(s) from C:\Users\Mohit Patel\AppData\Local\Temp\pytest-of-spmohit\pytest-23\test_read_datasets_none_reads_0\orders.parquet
2026-08-24 15:49:16,653  DEBUG     eds_loader.connectors.local_fs  Auto-discovered 1 parquet file(s) in C:\Users\Mohit Patel\AppData\Local\Temp\pytest-of-spmohit\pytest-23\test_read_datasets_none_ignore0
2026-08-24 15:49:16,665  INFO      eds_loader.connectors.local_fs  Read data: 1 row(s) from C:\Users\Mohit Patel\AppData\Local\Temp\pytest-of-spmohit\pytest-23\test_read_datasets_none_ignore0\data.parquet
2026-08-24 15:49:16,672  DEBUG     eds_loader.connectors.local_fs  Auto-discovered 2 parquet file(s) in C:\Users\Mohit Patel\AppData\Local\Temp\pytest-of-spmohit\pytest-23\test_read_datasets_none_return0
2026-08-24 15:49:16,674  INFO      eds_loader.connectors.local_fs  Read customers: 3 row(s) from C:\Users\Mohit Patel\AppData\Local\Temp\pytest-of-spmohit\pytest-23\test_read_datasets_none_return0\customers.parquet
2026-08-24 15:49:16,676  INFO      eds_loader.connectors.local_fs  Read orders: 2 row(s) from C:\Users\Mohit Patel\AppData\Local\Temp\pytest-of-spmohit\pytest-23\test_read_datasets_none_return0\orders.parquet
2026-08-24 15:49:16,679  DEBUG     eds_loader.connectors.local_fs  Auto-discovered 0 parquet file(s) in C:\Users\Mohit Patel\AppData\Local\Temp\pytest-of-spmohit\pytest-23\test_read_datasets_none_empty_0
2026-08-24 15:49:16,688  INFO      eds_loader.connectors.local_fs  Read customers: 3 row(s) from C:\Users\Mohit Patel\AppData\Local\Temp\pytest-of-spmohit\pytest-23\test_read_datasets_explicit_na0\customers.parquet
2026-08-24 15:49:16,696  INFO      eds_loader.connectors.local_fs  Read customers: 3 row(s) from C:\Users\Mohit Patel\AppData\Local\Temp\pytest-of-spmohit\pytest-23\test_read_datasets_explicit_pr0\customers.parquet
2026-08-24 15:49:16,711  INFO      eds_loader.connectors.local_fs  Read customers: 3 row(s) from C:\Users\Mohit Patel\AppData\Local\Temp\pytest-of-spmohit\pytest-23\test_read_datasets_one_missing0\customers.parquet
2026-08-24 15:49:16,718  INFO      eds_loader.connectors.local_fs  Wrote customers: 3 row(s) to C:\Users\Mohit Patel\AppData\Local\Temp\pytest-of-spmohit\pytest-23\test_write_datasets_creates_di0\deep\nested\dir\customers.parquet
2026-08-24 15:49:16,719  INFO      eds_loader.connectors.local_fs  Wrote orders: 2 row(s) to C:\Users\Mohit Patel\AppData\Local\Temp\pytest-of-spmohit\pytest-23\test_write_datasets_creates_di0\deep\nested\dir\orders.parquet
2026-08-24 15:49:16,724  INFO      eds_loader.connectors.local_fs  Wrote customers: 3 row(s) to C:\Users\Mohit Patel\AppData\Local\Temp\pytest-of-spmohit\pytest-23\test_write_datasets_writes_par0\customers.parquet
2026-08-24 15:49:16,726  INFO      eds_loader.connectors.local_fs  Wrote orders: 2 row(s) to C:\Users\Mohit Patel\AppData\Local\Temp\pytest-of-spmohit\pytest-23\test_write_datasets_writes_par0\orders.parquet
2026-08-24 15:49:16,731  INFO      eds_loader.connectors.local_fs  Wrote customers: 3 row(s) to C:\Users\Mohit Patel\AppData\Local\Temp\pytest-of-spmohit\pytest-23\test_write_datasets_returns_on0\customers.parquet
2026-08-24 15:49:16,732  INFO      eds_loader.connectors.local_fs  Wrote orders: 2 row(s) to C:\Users\Mohit Patel\AppData\Local\Temp\pytest-of-spmohit\pytest-23\test_write_datasets_returns_on0\orders.parquet
2026-08-24 15:49:16,737  INFO      eds_loader.connectors.local_fs  Wrote customers: 3 row(s) to C:\Users\Mohit Patel\AppData\Local\Temp\pytest-of-spmohit\pytest-23\test_write_datasets_result_row0\customers.parquet
2026-08-24 15:49:16,738  INFO      eds_loader.connectors.local_fs  Wrote orders: 2 row(s) to C:\Users\Mohit Patel\AppData\Local\Temp\pytest-of-spmohit\pytest-23\test_write_datasets_result_row0\orders.parquet
2026-08-24 15:49:16,744  INFO      eds_loader.connectors.local_fs  Wrote customers: 3 row(s) to C:\Users\Mohit Patel\AppData\Local\Temp\pytest-of-spmohit\pytest-23\test_write_datasets_result_loc0\customers.parquet
2026-08-24 15:49:16,745  INFO      eds_loader.connectors.local_fs  Wrote orders: 2 row(s) to C:\Users\Mohit Patel\AppData\Local\Temp\pytest-of-spmohit\pytest-23\test_write_datasets_result_loc0\orders.parquet
2026-08-24 15:49:16,749  INFO      eds_loader.connectors.local_fs  Wrote data: 3 row(s) to C:\Users\Mohit Patel\AppData\Local\Temp\pytest-of-spmohit\pytest-23\test_write_datasets_overwrites0\data.parquet
2026-08-24 15:49:16,750  INFO      eds_loader.connectors.local_fs  Wrote data: 1 row(s) to C:\Users\Mohit Patel\AppData\Local\Temp\pytest-of-spmohit\pytest-23\test_write_datasets_overwrites0\data.parquet
2026-08-24 15:49:16,774  INFO      eds_loader.connectors.local_fs  Wrote customers: 3 row(s) to C:\Users\Mohit Patel\AppData\Local\Temp\pytest-of-spmohit\pytest-23\test_write_datasets_writes_sch0\customers.parquet
2026-08-24 15:49:16,776  INFO      eds_loader.connectors.local_fs  Wrote orders: 2 row(s) to C:\Users\Mohit Patel\AppData\Local\Temp\pytest-of-spmohit\pytest-23\test_write_datasets_writes_sch0\orders.parquet
2026-08-24 15:49:16,776  DEBUG     eds_loader.connectors.local_fs  Merging schema.json at target
2026-08-24 15:49:16,799  INFO      eds_loader.connectors.local_fs  Wrote customers: 3 row(s) to C:\Users\Mohit Patel\AppData\Local\Temp\pytest-of-spmohit\pytest-23\test_write_datasets_skips_sche0\customers.parquet
2026-08-24 15:49:16,800  INFO      eds_loader.connectors.local_fs  Wrote orders: 2 row(s) to C:\Users\Mohit Patel\AppData\Local\Temp\pytest-of-spmohit\pytest-23\test_write_datasets_skips_sche0\orders.parquet
2026-08-24 15:49:16,806  INFO      eds_loader.connectors.local_fs  Wrote customers: 3 row(s) to C:\Users\Mohit Patel\AppData\Local\Temp\pytest-of-spmohit\pytest-23\test_write_datasets_merges_sch0\customers.parquet
2026-08-24 15:49:16,807  INFO      eds_loader.connectors.local_fs  Wrote orders: 2 row(s) to C:\Users\Mohit Patel\AppData\Local\Temp\pytest-of-spmohit\pytest-23\test_write_datasets_merges_sch0\orders.parquet
2026-08-24 15:49:16,807  DEBUG     eds_loader.connectors.local_fs  Merging schema.json at target
2026-08-24 15:49:16,848  INFO      eds_loader.connectors.local_fs  Wrote customers: 3 row(s) to C:\Users\Mohit Patel\AppData\Local\Temp\pytest-of-spmohit\pytest-23\test_write_datasets_corrupt_ex0\customers.parquet
2026-08-24 15:49:16,849  INFO      eds_loader.connectors.local_fs  Wrote orders: 2 row(s) to C:\Users\Mohit Patel\AppData\Local\Temp\pytest-of-spmohit\pytest-23\test_write_datasets_corrupt_ex0\orders.parquet
2026-08-24 15:49:16,849  DEBUG     eds_loader.connectors.local_fs  Merging schema.json at target
2026-08-24 15:49:16,874  INFO      eds_loader.connectors.local_fs  Wrote customers: 3 row(s) to C:\Users\Mohit Patel\AppData\Local\Temp\pytest-of-spmohit\pytest-23\test_round_trip_dataframes_mat0\customers.parquet
2026-08-24 15:49:16,876  INFO      eds_loader.connectors.local_fs  Wrote orders: 2 row(s) to C:\Users\Mohit Patel\AppData\Local\Temp\pytest-of-spmohit\pytest-23\test_round_trip_dataframes_mat0\orders.parquet
2026-08-24 15:49:16,876  DEBUG     eds_loader.connectors.local_fs  Merging schema.json at target
2026-08-24 15:49:16,878  INFO      eds_loader.connectors.local_fs  Read customers: 3 row(s) from C:\Users\Mohit Patel\AppData\Local\Temp\pytest-of-spmohit\pytest-23\test_round_trip_dataframes_mat0\customers.parquet
2026-08-24 15:49:16,881  INFO      eds_loader.connectors.local_fs  Read orders: 2 row(s) from C:\Users\Mohit Patel\AppData\Local\Temp\pytest-of-spmohit\pytest-23\test_round_trip_dataframes_mat0\orders.parquet
2026-08-24 15:49:16,887  INFO      eds_loader.connectors.local_fs  Wrote customers: 3 row(s) to C:\Users\Mohit Patel\AppData\Local\Temp\pytest-of-spmohit\pytest-23\test_round_trip_schema_survive0\customers.parquet
2026-08-24 15:49:16,888  INFO      eds_loader.connectors.local_fs  Wrote orders: 2 row(s) to C:\Users\Mohit Patel\AppData\Local\Temp\pytest-of-spmohit\pytest-23\test_round_trip_schema_survive0\orders.parquet
2026-08-24 15:49:16,888  DEBUG     eds_loader.connectors.local_fs  Merging schema.json at target
2026-08-24 15:49:16,889  DEBUG     eds_loader.connectors.local_fs  Reading schema.json from C:\Users\Mohit Patel\AppData\Local\Temp\pytest-of-spmohit\pytest-23\test_round_trip_schema_survive0\schema.json
2026-08-24 15:49:16,891  DEBUG     eds_loader.connectors.local_fs  schema.json parsed: 2 dataset(s)
2026-08-24 15:49:16,898  INFO      eds_loader.loader  Starting load: source=local_fs target=local_fs schema_required=True enforce_constraints=True
2026-08-24 15:49:16,898  DEBUG     eds_loader.loader  Source connector instantiated: LocalFSConnector
2026-08-24 15:49:16,898  DEBUG     eds_loader.loader  Target connector instantiated: LocalFSConnector
2026-08-24 15:49:16,898  INFO      eds_loader.loader  Reading schema.json from source
2026-08-24 15:49:16,899  DEBUG     eds_loader.connectors.local_fs  Reading schema.json from C:\Users\Mohit Patel\AppData\Local\Temp\pytest-of-spmohit\pytest-23\test_integration_local_to_loca0\schema.json
2026-08-24 15:49:16,901  DEBUG     eds_loader.connectors.local_fs  schema.json parsed: 2 dataset(s)
2026-08-24 15:49:16,901  DEBUG     eds_loader.loader  schema.json contains 2 dataset definition(s)
2026-08-24 15:49:16,901  INFO      eds_loader.loader  Loading 2 table(s): customers, orders
2026-08-24 15:49:16,903  INFO      eds_loader.connectors.local_fs  Read customers: 3 row(s) from C:\Users\Mohit Patel\AppData\Local\Temp\pytest-of-spmohit\pytest-23\test_integration_local_to_loca0\customers.parquet
2026-08-24 15:49:16,904  INFO      eds_loader.connectors.local_fs  Read orders: 2 row(s) from C:\Users\Mohit Patel\AppData\Local\Temp\pytest-of-spmohit\pytest-23\test_integration_local_to_loca0\orders.parquet
2026-08-24 15:49:16,905  INFO      eds_loader.loader  Read 2 dataset(s) from source, 5 total row(s)
2026-08-24 15:49:16,905  DEBUG     eds_loader.loader    customers: 3 row(s), 2 column(s)
2026-08-24 15:49:16,905  DEBUG     eds_loader.loader    orders: 2 row(s), 2 column(s)
2026-08-24 15:49:16,905  DEBUG     eds_loader.loader  Constraint enforcement enabled — forwarding schema metadata to target
2026-08-24 15:49:16,905  INFO      eds_loader.loader  Writing 2 table(s) to target
2026-08-24 15:49:16,906  INFO      eds_loader.connectors.local_fs  Wrote customers: 3 row(s) to C:\Users\Mohit Patel\AppData\Local\Temp\pytest-of-spmohit\pytest-23\test_integration_local_to_loca0\target\customers.parquet
2026-08-24 15:49:16,907  INFO      eds_loader.connectors.local_fs  Wrote orders: 2 row(s) to C:\Users\Mohit Patel\AppData\Local\Temp\pytest-of-spmohit\pytest-23\test_integration_local_to_loca0\target\orders.parquet
2026-08-24 15:49:16,907  DEBUG     eds_loader.connectors.local_fs  Merging schema.json at target
2026-08-24 15:49:16,908  INFO      eds_loader.loader  Load complete: 5 row(s) written across 2 table(s)
2026-08-24 15:49:16,914  INFO      eds_loader.loader  Starting load: source=local_fs target=local_fs schema_required=True enforce_constraints=True
2026-08-24 15:49:16,915  DEBUG     eds_loader.loader  Source connector instantiated: LocalFSConnector
2026-08-24 15:49:16,915  DEBUG     eds_loader.loader  Target connector instantiated: LocalFSConnector
2026-08-24 15:49:16,915  INFO      eds_loader.loader  Reading schema.json from source
2026-08-24 15:49:16,915  DEBUG     eds_loader.connectors.local_fs  Reading schema.json from C:\Users\Mohit Patel\AppData\Local\Temp\pytest-of-spmohit\pytest-23\test_integration_table_subset_0\schema.json
2026-08-24 15:49:16,916  DEBUG     eds_loader.connectors.local_fs  schema.json parsed: 2 dataset(s)
2026-08-24 15:49:16,916  DEBUG     eds_loader.loader  schema.json contains 2 dataset definition(s)
2026-08-24 15:49:16,916  INFO      eds_loader.loader  Loading 1 table(s): customers
2026-08-24 15:49:16,918  INFO      eds_loader.connectors.local_fs  Read customers: 3 row(s) from C:\Users\Mohit Patel\AppData\Local\Temp\pytest-of-spmohit\pytest-23\test_integration_table_subset_0\customers.parquet
2026-08-24 15:49:16,918  INFO      eds_loader.loader  Read 1 dataset(s) from source, 3 total row(s)
2026-08-24 15:49:16,918  DEBUG     eds_loader.loader    customers: 3 row(s), 2 column(s)
2026-08-24 15:49:16,918  DEBUG     eds_loader.loader  Constraint enforcement enabled — forwarding schema metadata to target
2026-08-24 15:49:16,918  INFO      eds_loader.loader  Writing 1 table(s) to target
2026-08-24 15:49:16,919  INFO      eds_loader.connectors.local_fs  Wrote customers: 3 row(s) to C:\Users\Mohit Patel\AppData\Local\Temp\pytest-of-spmohit\pytest-23\test_integration_table_subset_0\target_subset\customers.parquet
2026-08-24 15:49:16,919  DEBUG     eds_loader.connectors.local_fs  Merging schema.json at target
2026-08-24 15:49:16,920  INFO      eds_loader.loader  Load complete: 3 row(s) written across 1 table(s)
2026-08-24 15:49:16,927  INFO      eds_loader.loader  Starting load: source=local_fs target=local_fs schema_required=True enforce_constraints=True
2026-08-24 15:49:16,927  DEBUG     eds_loader.loader  Source connector instantiated: LocalFSConnector
2026-08-24 15:49:16,927  DEBUG     eds_loader.loader  Target connector instantiated: LocalFSConnector
2026-08-24 15:49:16,927  INFO      eds_loader.loader  Reading schema.json from source
2026-08-24 15:49:16,927  DEBUG     eds_loader.connectors.local_fs  Reading schema.json from C:\Users\Mohit Patel\AppData\Local\Temp\pytest-of-spmohit\pytest-23\test_integration_schema_json_w0\schema.json
2026-08-24 15:49:16,928  DEBUG     eds_loader.connectors.local_fs  schema.json parsed: 2 dataset(s)
2026-08-24 15:49:16,929  DEBUG     eds_loader.loader  schema.json contains 2 dataset definition(s)
2026-08-24 15:49:16,929  INFO      eds_loader.loader  Loading 2 table(s): customers, orders
2026-08-24 15:49:16,931  INFO      eds_loader.connectors.local_fs  Read customers: 3 row(s) from C:\Users\Mohit Patel\AppData\Local\Temp\pytest-of-spmohit\pytest-23\test_integration_schema_json_w0\customers.parquet
2026-08-24 15:49:16,934  INFO      eds_loader.connectors.local_fs  Read orders: 2 row(s) from C:\Users\Mohit Patel\AppData\Local\Temp\pytest-of-spmohit\pytest-23\test_integration_schema_json_w0\orders.parquet
2026-08-24 15:49:16,934  INFO      eds_loader.loader  Read 2 dataset(s) from source, 5 total row(s)
2026-08-24 15:49:16,934  DEBUG     eds_loader.loader    customers: 3 row(s), 2 column(s)
2026-08-24 15:49:16,934  DEBUG     eds_loader.loader    orders: 2 row(s), 2 column(s)
2026-08-24 15:49:16,934  DEBUG     eds_loader.loader  Constraint enforcement enabled — forwarding schema metadata to target
2026-08-24 15:49:16,934  INFO      eds_loader.loader  Writing 2 table(s) to target
2026-08-24 15:49:16,936  INFO      eds_loader.connectors.local_fs  Wrote customers: 3 row(s) to C:\Users\Mohit Patel\AppData\Local\Temp\pytest-of-spmohit\pytest-23\test_integration_schema_json_w0\target_schema\customers.parquet
2026-08-24 15:49:16,937  INFO      eds_loader.connectors.local_fs  Wrote orders: 2 row(s) to C:\Users\Mohit Patel\AppData\Local\Temp\pytest-of-spmohit\pytest-23\test_integration_schema_json_w0\target_schema\orders.parquet
2026-08-24 15:49:16,937  DEBUG     eds_loader.connectors.local_fs  Merging schema.json at target
2026-08-24 15:49:16,938  INFO      eds_loader.loader  Load complete: 5 row(s) written across 2 table(s)
2026-08-24 15:49:16,945  INFO      eds_loader.loader  Starting load: source=local_fs target=local_fs schema_required=True enforce_constraints=False
2026-08-24 15:49:16,945  DEBUG     eds_loader.loader  Source connector instantiated: LocalFSConnector
2026-08-24 15:49:16,945  DEBUG     eds_loader.loader  Target connector instantiated: LocalFSConnector
2026-08-24 15:49:16,945  INFO      eds_loader.loader  Reading schema.json from source
2026-08-24 15:49:16,945  DEBUG     eds_loader.connectors.local_fs  Reading schema.json from C:\Users\Mohit Patel\AppData\Local\Temp\pytest-of-spmohit\pytest-23\test_integration_schema_json_n0\schema.json
2026-08-24 15:49:16,946  DEBUG     eds_loader.connectors.local_fs  schema.json parsed: 2 dataset(s)
2026-08-24 15:49:16,946  DEBUG     eds_loader.loader  schema.json contains 2 dataset definition(s)
2026-08-24 15:49:16,946  INFO      eds_loader.loader  Loading 2 table(s): customers, orders
2026-08-24 15:49:16,948  INFO      eds_loader.connectors.local_fs  Read customers: 3 row(s) from C:\Users\Mohit Patel\AppData\Local\Temp\pytest-of-spmohit\pytest-23\test_integration_schema_json_n0\customers.parquet
2026-08-24 15:49:16,949  INFO      eds_loader.connectors.local_fs  Read orders: 2 row(s) from C:\Users\Mohit Patel\AppData\Local\Temp\pytest-of-spmohit\pytest-23\test_integration_schema_json_n0\orders.parquet
2026-08-24 15:49:16,950  INFO      eds_loader.loader  Read 2 dataset(s) from source, 5 total row(s)
2026-08-24 15:49:16,950  DEBUG     eds_loader.loader    customers: 3 row(s), 2 column(s)
2026-08-24 15:49:16,950  DEBUG     eds_loader.loader    orders: 2 row(s), 2 column(s)
2026-08-24 15:49:16,950  DEBUG     eds_loader.loader  Constraint enforcement disabled — target will create plain tables
2026-08-24 15:49:16,950  INFO      eds_loader.loader  Writing 2 table(s) to target
2026-08-24 15:49:16,951  INFO      eds_loader.connectors.local_fs  Wrote customers: 3 row(s) to C:\Users\Mohit Patel\AppData\Local\Temp\pytest-of-spmohit\pytest-23\test_integration_schema_json_n0\target_no_schema\customers.parquet
2026-08-24 15:49:16,952  INFO      eds_loader.connectors.local_fs  Wrote orders: 2 row(s) to C:\Users\Mohit Patel\AppData\Local\Temp\pytest-of-spmohit\pytest-23\test_integration_schema_json_n0\target_no_schema\orders.parquet
2026-08-24 15:49:16,952  INFO      eds_loader.loader  Load complete: 5 row(s) written across 2 table(s)
2026-08-24 15:49:16,965  INFO      eds_loader.connectors.mongodb  Connected to MongoDB localhost:27017/test_db
2026-08-24 15:49:16,965  DEBUG     eds_loader.connectors.mongodb  [customers] dropping existing collection
2026-08-24 15:49:16,965  DEBUG     eds_loader.connectors.mongodb  [customers] inserting 3 document(s)
2026-08-24 15:49:16,966  INFO      eds_loader.connectors.mongodb  [customers] wrote 3 document(s) in 0.00s
2026-08-24 15:49:16,966  DEBUG     eds_loader.connectors.mongodb  [orders] dropping existing collection
2026-08-24 15:49:16,966  DEBUG     eds_loader.connectors.mongodb  [orders] inserting 2 document(s)
2026-08-24 15:49:16,966  INFO      eds_loader.connectors.mongodb  [orders] wrote 2 document(s) in 0.00s
2026-08-24 15:49:16,968  INFO      eds_loader.connectors.mongodb  Connected to MongoDB localhost:27017/test_db
2026-08-24 15:49:16,968  DEBUG     eds_loader.connectors.mongodb  [data] dropping existing collection
2026-08-24 15:49:16,968  DEBUG     eds_loader.connectors.mongodb  [data] inserting 2 document(s)
2026-08-24 15:49:16,969  INFO      eds_loader.connectors.mongodb  [data] wrote 2 document(s) in 0.00s
2026-08-24 15:49:16,970  INFO      eds_loader.connectors.mongodb  Connected to MongoDB localhost:27017/test_db
2026-08-24 15:49:16,970  DEBUG     eds_loader.connectors.mongodb  [t] dropping existing collection
2026-08-24 15:49:16,970  DEBUG     eds_loader.connectors.mongodb  [t] inserting 1 document(s)
2026-08-24 15:49:16,970  INFO      eds_loader.connectors.mongodb  [t] wrote 1 document(s) in 0.00s
2026-08-24 15:49:16,972  INFO      eds_loader.connectors.mongodb  Connected to MongoDB localhost:27017/test_db
2026-08-24 15:49:16,973  DEBUG     eds_loader.connectors.mongodb  [empty] dropping existing collection
2026-08-24 15:49:16,973  INFO      eds_loader.connectors.mongodb  [empty] wrote 0 document(s) in 0.00s
2026-08-24 15:49:16,974  INFO      eds_loader.connectors.mongodb  Connected to MongoDB localhost:27017/test_db
2026-08-24 15:49:16,974  DEBUG     eds_loader.connectors.mongodb  [empty] dropping existing collection
2026-08-24 15:49:16,974  INFO      eds_loader.connectors.mongodb  [empty] wrote 0 document(s) in 0.00s
2026-08-24 15:49:16,975  INFO      eds_loader.connectors.mongodb  Connected to MongoDB localhost:27017/test_db
2026-08-24 15:49:16,975  DEBUG     eds_loader.connectors.mongodb  [customers] dropping existing collection
2026-08-24 15:49:16,976  DEBUG     eds_loader.connectors.mongodb  [customers] inserting 3 document(s)
2026-08-24 15:49:16,977  INFO      eds_loader.connectors.mongodb  [customers] wrote 3 document(s) in 0.00s
2026-08-24 15:49:16,977  DEBUG     eds_loader.connectors.mongodb  [orders] dropping existing collection
2026-08-24 15:49:16,977  DEBUG     eds_loader.connectors.mongodb  [orders] inserting 2 document(s)
2026-08-24 15:49:16,977  INFO      eds_loader.connectors.mongodb  [orders] wrote 2 document(s) in 0.00s
2026-08-24 15:49:16,978  INFO      eds_loader.connectors.mongodb  Connected to MongoDB localhost:27017/test_db
2026-08-24 15:49:16,978  DEBUG     eds_loader.connectors.mongodb  [customers] dropping existing collection
2026-08-24 15:49:16,979  DEBUG     eds_loader.connectors.mongodb  [customers] inserting 3 document(s)
2026-08-24 15:49:16,979  INFO      eds_loader.connectors.mongodb  [customers] wrote 3 document(s) in 0.00s
2026-08-24 15:49:16,979  DEBUG     eds_loader.connectors.mongodb  [orders] dropping existing collection
2026-08-24 15:49:16,979  DEBUG     eds_loader.connectors.mongodb  [orders] inserting 2 document(s)
2026-08-24 15:49:16,979  INFO      eds_loader.connectors.mongodb  [orders] wrote 2 document(s) in 0.00s
2026-08-24 15:49:16,981  INFO      eds_loader.connectors.mongodb  Connected to MongoDB mgserver:27020/mydb
2026-08-24 15:49:16,981  DEBUG     eds_loader.connectors.mongodb  [tbl] dropping existing collection
2026-08-24 15:49:16,981  DEBUG     eds_loader.connectors.mongodb  [tbl] inserting 1 document(s)
2026-08-24 15:49:16,981  INFO      eds_loader.connectors.mongodb  [tbl] wrote 1 document(s) in 0.00s
2026-08-24 15:49:16,982  INFO      eds_loader.connectors.mongodb  Connected to MongoDB localhost:27017/test_db
2026-08-24 15:49:16,982  DEBUG     eds_loader.connectors.mongodb  [z] dropping existing collection
2026-08-24 15:49:16,983  DEBUG     eds_loader.connectors.mongodb  [z] inserting 1 document(s)
2026-08-24 15:49:16,983  INFO      eds_loader.connectors.mongodb  [z] wrote 1 document(s) in 0.00s
2026-08-24 15:49:16,983  DEBUG     eds_loader.connectors.mongodb  [a] dropping existing collection
2026-08-24 15:49:16,983  DEBUG     eds_loader.connectors.mongodb  [a] inserting 1 document(s)
2026-08-24 15:49:16,983  INFO      eds_loader.connectors.mongodb  [a] wrote 1 document(s) in 0.00s
2026-08-24 15:49:16,985  INFO      eds_loader.connectors.mongodb  Connected to MongoDB localhost:27017/test_db
2026-08-24 15:49:16,985  DEBUG     eds_loader.connectors.mongodb  [orders] dropping existing collection
2026-08-24 15:49:16,985  DEBUG     eds_loader.connectors.mongodb  [orders] inserting 1 document(s)
2026-08-24 15:49:16,985  DEBUG     eds_loader.connectors.mongodb  [orders] creating indexes from schema metadata
2026-08-24 15:49:16,985  INFO      eds_loader.connectors.mongodb  [orders] wrote 1 document(s) in 0.00s
2026-08-24 15:49:16,986  DEBUG     eds_loader.connectors.mongodb  [customers] dropping existing collection
2026-08-24 15:49:16,986  DEBUG     eds_loader.connectors.mongodb  [customers] inserting 1 document(s)
2026-08-24 15:49:16,986  DEBUG     eds_loader.connectors.mongodb  [customers] creating indexes from schema metadata
2026-08-24 15:49:16,986  INFO      eds_loader.connectors.mongodb  [customers] wrote 1 document(s) in 0.00s
2026-08-24 15:49:16,991  INFO      eds_loader.connectors.mongodb  Connected to MongoDB localhost:27017/test_db
2026-08-24 15:49:16,991  DEBUG     eds_loader.connectors.mongodb  [customers] dropping existing collection
2026-08-24 15:49:16,991  DEBUG     eds_loader.connectors.mongodb  [customers] inserting 1 document(s)
2026-08-24 15:49:16,992  DEBUG     eds_loader.connectors.mongodb  [customers] creating indexes from schema metadata
2026-08-24 15:49:16,992  INFO      eds_loader.connectors.mongodb  [customers] wrote 1 document(s) in 0.00s
2026-08-24 15:49:16,993  INFO      eds_loader.connectors.mongodb  Connected to MongoDB localhost:27017/test_db
2026-08-24 15:49:16,993  DEBUG     eds_loader.connectors.mongodb  [customers] dropping existing collection
2026-08-24 15:49:16,993  DEBUG     eds_loader.connectors.mongodb  [customers] inserting 1 document(s)
2026-08-24 15:49:16,994  DEBUG     eds_loader.connectors.mongodb  [customers] creating indexes from schema metadata
2026-08-24 15:49:16,994  INFO      eds_loader.connectors.mongodb  [customers] wrote 1 document(s) in 0.00s
2026-08-24 15:49:16,995  INFO      eds_loader.connectors.mongodb  Connected to MongoDB localhost:27017/test_db
2026-08-24 15:49:16,995  DEBUG     eds_loader.connectors.mongodb  [orders] dropping existing collection
2026-08-24 15:49:16,995  DEBUG     eds_loader.connectors.mongodb  [orders] inserting 1 document(s)
2026-08-24 15:49:16,996  DEBUG     eds_loader.connectors.mongodb  [orders] creating indexes from schema metadata
2026-08-24 15:49:16,996  INFO      eds_loader.connectors.mongodb  [orders] wrote 1 document(s) in 0.00s
2026-08-24 15:49:16,997  INFO      eds_loader.connectors.mongodb  Connected to MongoDB localhost:27017/test_db
2026-08-24 15:49:16,997  DEBUG     eds_loader.connectors.mongodb  [customers] dropping existing collection
2026-08-24 15:49:16,997  DEBUG     eds_loader.connectors.mongodb  [customers] inserting 1 document(s)
2026-08-24 15:49:16,998  INFO      eds_loader.connectors.mongodb  [customers] wrote 1 document(s) in 0.00s
2026-08-24 15:49:17,007  INFO      eds_loader.connectors.mongodb  Connected to MongoDB localhost:27017/test_db
2026-08-24 15:49:17,007  DEBUG     eds_loader.connectors.mongodb  [t] dropping existing collection
2026-08-24 15:49:17,007  ERROR     eds_loader.connectors.mongodb  [t] write failed: network error
2026-08-24 15:49:17,009  INFO      eds_loader.connectors.mongodb  Connected to MongoDB localhost:27017/test_db
2026-08-24 15:49:17,009  DEBUG     eds_loader.connectors.mongodb  [t] dropping existing collection
2026-08-24 15:49:17,009  DEBUG     eds_loader.connectors.mongodb  [t] inserting 1 document(s)
2026-08-24 15:49:17,009  ERROR     eds_loader.connectors.mongodb  [t] write failed: duplicate key
2026-08-24 15:49:17,026  INFO      eds_loader.loader  Starting load: source=local_fs target=mongodb schema_required=True enforce_constraints=True
2026-08-24 15:49:17,026  DEBUG     eds_loader.loader  Source connector instantiated: LocalFSConnector
2026-08-24 15:49:17,026  DEBUG     eds_loader.loader  Target connector instantiated: MongoDBConnector
2026-08-24 15:49:17,026  INFO      eds_loader.loader  Reading schema.json from source
2026-08-24 15:49:17,026  DEBUG     eds_loader.connectors.local_fs  Reading schema.json from C:\Users\Mohit Patel\AppData\Local\Temp\pytest-of-spmohit\pytest-23\test_integration_local_fs_to_m0\source\schema.json
2026-08-24 15:49:17,043  DEBUG     eds_loader.connectors.local_fs  schema.json parsed: 2 dataset(s)
2026-08-24 15:49:17,043  DEBUG     eds_loader.loader  schema.json contains 2 dataset definition(s)
2026-08-24 15:49:17,044  INFO      eds_loader.loader  Loading 2 table(s): customers, orders
2026-08-24 15:49:17,060  INFO      eds_loader.connectors.local_fs  Read customers: 3 row(s) from C:\Users\Mohit Patel\AppData\Local\Temp\pytest-of-spmohit\pytest-23\test_integration_local_fs_to_m0\source\customers.parquet
2026-08-24 15:49:17,081  INFO      eds_loader.connectors.local_fs  Read orders: 2 row(s) from C:\Users\Mohit Patel\AppData\Local\Temp\pytest-of-spmohit\pytest-23\test_integration_local_fs_to_m0\source\orders.parquet
2026-08-24 15:49:17,081  INFO      eds_loader.loader  Read 2 dataset(s) from source, 5 total row(s)
2026-08-24 15:49:17,081  DEBUG     eds_loader.loader    customers: 3 row(s), 2 column(s)
2026-08-24 15:49:17,081  DEBUG     eds_loader.loader    orders: 2 row(s), 3 column(s)
2026-08-24 15:49:17,081  DEBUG     eds_loader.loader  Constraint enforcement enabled — forwarding schema metadata to target
2026-08-24 15:49:17,081  INFO      eds_loader.loader  Writing 2 table(s) to target
2026-08-24 15:49:17,081  INFO      eds_loader.connectors.mongodb  Connected to MongoDB localhost:27017/test_db
2026-08-24 15:49:17,081  DEBUG     eds_loader.connectors.mongodb  [customers] dropping existing collection
2026-08-24 15:49:17,081  DEBUG     eds_loader.connectors.mongodb  [customers] inserting 3 document(s)
2026-08-24 15:49:17,082  DEBUG     eds_loader.connectors.mongodb  [customers] creating indexes from schema metadata
2026-08-24 15:49:17,082  INFO      eds_loader.connectors.mongodb  [customers] wrote 3 document(s) in 0.00s
2026-08-24 15:49:17,082  DEBUG     eds_loader.connectors.mongodb  [orders] dropping existing collection
2026-08-24 15:49:17,082  DEBUG     eds_loader.connectors.mongodb  [orders] inserting 2 document(s)
2026-08-24 15:49:17,082  DEBUG     eds_loader.connectors.mongodb  [orders] creating indexes from schema metadata
2026-08-24 15:49:17,083  INFO      eds_loader.connectors.mongodb  [orders] wrote 2 document(s) in 0.00s
2026-08-24 15:49:17,083  INFO      eds_loader.loader  Load complete: 5 row(s) written across 2 table(s)
2026-08-24 15:49:17,091  INFO      eds_loader.loader  Starting load: source=local_fs target=mongodb schema_required=True enforce_constraints=False
2026-08-24 15:49:17,091  DEBUG     eds_loader.loader  Source connector instantiated: LocalFSConnector
2026-08-24 15:49:17,091  DEBUG     eds_loader.loader  Target connector instantiated: MongoDBConnector
2026-08-24 15:49:17,091  INFO      eds_loader.loader  Reading schema.json from source
2026-08-24 15:49:17,091  DEBUG     eds_loader.connectors.local_fs  Reading schema.json from C:\Users\Mohit Patel\AppData\Local\Temp\pytest-of-spmohit\pytest-23\test_integration_enforce_false0\source2\schema.json
2026-08-24 15:49:17,093  DEBUG     eds_loader.connectors.local_fs  schema.json parsed: 2 dataset(s)
2026-08-24 15:49:17,093  DEBUG     eds_loader.loader  schema.json contains 2 dataset definition(s)
2026-08-24 15:49:17,093  INFO      eds_loader.loader  Loading 2 table(s): customers, orders
2026-08-24 15:49:17,095  INFO      eds_loader.connectors.local_fs  Read customers: 3 row(s) from C:\Users\Mohit Patel\AppData\Local\Temp\pytest-of-spmohit\pytest-23\test_integration_enforce_false0\source2\customers.parquet
2026-08-24 15:49:17,097  INFO      eds_loader.connectors.local_fs  Read orders: 2 row(s) from C:\Users\Mohit Patel\AppData\Local\Temp\pytest-of-spmohit\pytest-23\test_integration_enforce_false0\source2\orders.parquet
2026-08-24 15:49:17,097  INFO      eds_loader.loader  Read 2 dataset(s) from source, 5 total row(s)
2026-08-24 15:49:17,097  DEBUG     eds_loader.loader    customers: 3 row(s), 2 column(s)
2026-08-24 15:49:17,097  DEBUG     eds_loader.loader    orders: 2 row(s), 3 column(s)
2026-08-24 15:49:17,097  DEBUG     eds_loader.loader  Constraint enforcement disabled — target will create plain tables
2026-08-24 15:49:17,097  INFO      eds_loader.loader  Writing 2 table(s) to target
2026-08-24 15:49:17,097  INFO      eds_loader.connectors.mongodb  Connected to MongoDB localhost:27017/test_db
2026-08-24 15:49:17,098  DEBUG     eds_loader.connectors.mongodb  [customers] dropping existing collection
2026-08-24 15:49:17,098  DEBUG     eds_loader.connectors.mongodb  [customers] inserting 3 document(s)
2026-08-24 15:49:17,098  INFO      eds_loader.connectors.mongodb  [customers] wrote 3 document(s) in 0.00s
2026-08-24 15:49:17,098  DEBUG     eds_loader.connectors.mongodb  [orders] dropping existing collection
2026-08-24 15:49:17,099  DEBUG     eds_loader.connectors.mongodb  [orders] inserting 2 document(s)
2026-08-24 15:49:17,099  INFO      eds_loader.connectors.mongodb  [orders] wrote 2 document(s) in 0.00s
2026-08-24 15:49:17,099  INFO      eds_loader.loader  Load complete: 5 row(s) written across 2 table(s)
2026-08-24 15:49:17,111  INFO      eds_loader.connectors._sql_base  Connected to test_user@localhost:3306/test_db
2026-08-24 15:49:17,111  DEBUG     eds_loader.connectors._sql_base  Ensuring namespace exists: CREATE DATABASE IF NOT EXISTS `test_db`
2026-08-24 15:49:17,112  DEBUG     eds_loader.connectors._sql_base  [t] DROP TABLE IF EXISTS `test_db`.`t`
2026-08-24 15:49:17,112  DEBUG     eds_loader.connectors._sql_base  [t] CREATE TABLE `test_db`.`t` (
    `id` BIGINT
)
2026-08-24 15:49:17,112  DEBUG     eds_loader.connectors._sql_base  [t] inserting 1 row(s)
2026-08-24 15:49:17,112  INFO      eds_loader.connectors._sql_base  [t] wrote 1 row(s) in 0.00s
2026-08-24 15:49:17,114  INFO      eds_loader.connectors._sql_base  Connected to test_user@localhost:3306/test_db
2026-08-24 15:49:17,114  DEBUG     eds_loader.connectors._sql_base  Ensuring namespace exists: CREATE DATABASE IF NOT EXISTS `test_db`
2026-08-24 15:49:17,115  DEBUG     eds_loader.connectors._sql_base  [t] DROP TABLE IF EXISTS `test_db`.`t`
2026-08-24 15:49:17,115  DEBUG     eds_loader.connectors._sql_base  [t] CREATE TABLE `test_db`.`t` (
    `id` BIGINT
)
2026-08-24 15:49:17,115  DEBUG     eds_loader.connectors._sql_base  [t] inserting 1 row(s)
2026-08-24 15:49:17,115  INFO      eds_loader.connectors._sql_base  [t] wrote 1 row(s) in 0.00s
2026-08-24 15:49:17,117  INFO      eds_loader.connectors._sql_base  Connected to test_user@localhost:3306/test_db
2026-08-24 15:49:17,117  DEBUG     eds_loader.connectors._sql_base  Ensuring namespace exists: CREATE DATABASE IF NOT EXISTS `test_db`
2026-08-24 15:49:17,117  DEBUG     eds_loader.connectors._sql_base  [t] DROP TABLE IF EXISTS `test_db`.`t`
2026-08-24 15:49:17,117  ERROR     eds_loader.connectors._sql_base  [t] write failed: DB down
2026-08-24 15:49:17,121  INFO      eds_loader.connectors._sql_base  Connected to test_user@localhost:3306/eds_db
2026-08-24 15:49:17,121  DEBUG     eds_loader.connectors._sql_base  Ensuring namespace exists: CREATE DATABASE IF NOT EXISTS `eds_db`
2026-08-24 15:49:17,122  DEBUG     eds_loader.connectors._sql_base  [customers] DROP TABLE IF EXISTS `eds_db`.`customers`
2026-08-24 15:49:17,122  DEBUG     eds_loader.connectors._sql_base  [customers] CREATE TABLE `eds_db`.`customers` (
    `id` BIGINT
)
2026-08-24 15:49:17,122  DEBUG     eds_loader.connectors._sql_base  [customers] inserting 1 row(s)
2026-08-24 15:49:17,122  INFO      eds_loader.connectors._sql_base  [customers] wrote 1 row(s) in 0.00s
2026-08-24 15:49:17,125  INFO      eds_loader.connectors._sql_base  Connected to test_user@localhost:3306/eds_db
2026-08-24 15:49:17,125  DEBUG     eds_loader.connectors._sql_base  Table write order (FK-sorted): customers, orders
2026-08-24 15:49:17,125  DEBUG     eds_loader.connectors._sql_base  Ensuring namespace exists: CREATE DATABASE IF NOT EXISTS `eds_db`
2026-08-24 15:49:17,126  DEBUG     eds_loader.connectors._sql_base  [customers] DROP TABLE IF EXISTS `eds_db`.`customers`
2026-08-24 15:49:17,126  DEBUG     eds_loader.connectors._sql_base  [customers] CREATE TABLE `eds_db`.`customers` (
    `customer_id` BIGINT PRIMARY KEY,
    `name` TEXT
)
2026-08-24 15:49:17,126  DEBUG     eds_loader.connectors._sql_base  [customers] inserting 2 row(s)
2026-08-24 15:49:17,126  INFO      eds_loader.connectors._sql_base  [customers] wrote 2 row(s) in 0.00s
2026-08-24 15:49:17,126  DEBUG     eds_loader.connectors._sql_base  [orders] DROP TABLE IF EXISTS `eds_db`.`orders`
2026-08-24 15:49:17,126  DEBUG     eds_loader.connectors._sql_base  [orders] CREATE TABLE `eds_db`.`orders` (
    `order_id` BIGINT PRIMARY KEY,
    `customer_id` BIGINT NOT NULL REFERENCES `eds_db`.`customers`(`customer_id`)
)
2026-08-24 15:49:17,126  DEBUG     eds_loader.connectors._sql_base  [orders] inserting 1 row(s)
2026-08-24 15:49:17,126  INFO      eds_loader.connectors._sql_base  [orders] wrote 1 row(s) in 0.00s
2026-08-24 15:49:17,129  INFO      eds_loader.connectors._sql_base  Connected to test_user@localhost:3306/test_db
2026-08-24 15:49:17,129  DEBUG     eds_loader.connectors._sql_base  Ensuring namespace exists: CREATE DATABASE IF NOT EXISTS `test_db`
2026-08-24 15:49:17,129  DEBUG     eds_loader.connectors._sql_base  [t] DROP TABLE IF EXISTS `test_db`.`t`
2026-08-24 15:49:17,130  DEBUG     eds_loader.connectors._sql_base  [t] CREATE TABLE `test_db`.`t` (
    `id` BIGINT
)
2026-08-24 15:49:17,130  DEBUG     eds_loader.connectors._sql_base  [t] inserting 1 row(s)
2026-08-24 15:49:17,130  INFO      eds_loader.connectors._sql_base  [t] wrote 1 row(s) in 0.00s
2026-08-24 15:49:17,132  INFO      eds_loader.connectors._sql_base  Connected to test_user@srv:3306/db
2026-08-24 15:49:17,132  DEBUG     eds_loader.connectors._sql_base  Ensuring namespace exists: CREATE DATABASE IF NOT EXISTS `db`
2026-08-24 15:49:17,133  DEBUG     eds_loader.connectors._sql_base  [tbl] DROP TABLE IF EXISTS `db`.`tbl`
2026-08-24 15:49:17,133  DEBUG     eds_loader.connectors._sql_base  [tbl] CREATE TABLE `db`.`tbl` (
    `id` BIGINT
)
2026-08-24 15:49:17,133  DEBUG     eds_loader.connectors._sql_base  [tbl] inserting 1 row(s)
2026-08-24 15:49:17,133  INFO      eds_loader.connectors._sql_base  [tbl] wrote 1 row(s) in 0.00s
2026-08-24 15:49:17,135  INFO      eds_loader.connectors._sql_base  Connected to test_user@localhost:3306/test_db
2026-08-24 15:49:17,135  DEBUG     eds_loader.connectors._sql_base  Table write order (FK-sorted): customers, orders
2026-08-24 15:49:17,135  DEBUG     eds_loader.connectors._sql_base  Ensuring namespace exists: CREATE DATABASE IF NOT EXISTS `test_db`
2026-08-24 15:49:17,135  DEBUG     eds_loader.connectors._sql_base  [customers] DROP TABLE IF EXISTS `test_db`.`customers`
2026-08-24 15:49:17,135  DEBUG     eds_loader.connectors._sql_base  [customers] CREATE TABLE `test_db`.`customers` (
    `customer_id` BIGINT PRIMARY KEY,
    `name` TEXT
)
2026-08-24 15:49:17,135  DEBUG     eds_loader.connectors._sql_base  [customers] inserting 2 row(s)
2026-08-24 15:49:17,136  INFO      eds_loader.connectors._sql_base  [customers] wrote 2 row(s) in 0.00s
2026-08-24 15:49:17,136  DEBUG     eds_loader.connectors._sql_base  [orders] DROP TABLE IF EXISTS `test_db`.`orders`
2026-08-24 15:49:17,136  DEBUG     eds_loader.connectors._sql_base  [orders] CREATE TABLE `test_db`.`orders` (
    `order_id` BIGINT PRIMARY KEY,
    `customer_id` BIGINT NOT NULL REFERENCES `test_db`.`customers`(`customer_id`)
)
2026-08-24 15:49:17,136  DEBUG     eds_loader.connectors._sql_base  [orders] inserting 1 row(s)
2026-08-24 15:49:17,136  INFO      eds_loader.connectors._sql_base  [orders] wrote 1 row(s) in 0.00s
2026-08-24 15:49:17,151  INFO      eds_loader.loader  Starting load: source=local_fs target=mysql schema_required=True enforce_constraints=True
2026-08-24 15:49:17,151  DEBUG     eds_loader.loader  Source connector instantiated: LocalFSConnector
2026-08-24 15:49:17,151  DEBUG     eds_loader.loader  Target connector instantiated: MySQLConnector
2026-08-24 15:49:17,151  INFO      eds_loader.loader  Reading schema.json from source
2026-08-24 15:49:17,151  DEBUG     eds_loader.connectors.local_fs  Reading schema.json from C:\Users\Mohit Patel\AppData\Local\Temp\pytest-of-spmohit\pytest-23\test_integration_local_fs_to_m1\source\schema.json
2026-08-24 15:49:17,168  DEBUG     eds_loader.connectors.local_fs  schema.json parsed: 2 dataset(s)
2026-08-24 15:49:17,168  DEBUG     eds_loader.loader  schema.json contains 2 dataset definition(s)
2026-08-24 15:49:17,168  INFO      eds_loader.loader  Loading 2 table(s): customers, orders
2026-08-24 15:49:17,188  INFO      eds_loader.connectors.local_fs  Read customers: 2 row(s) from C:\Users\Mohit Patel\AppData\Local\Temp\pytest-of-spmohit\pytest-23\test_integration_local_fs_to_m1\source\customers.parquet
2026-08-24 15:49:17,207  INFO      eds_loader.connectors.local_fs  Read orders: 1 row(s) from C:\Users\Mohit Patel\AppData\Local\Temp\pytest-of-spmohit\pytest-23\test_integration_local_fs_to_m1\source\orders.parquet
2026-08-24 15:49:17,208  INFO      eds_loader.loader  Read 2 dataset(s) from source, 3 total row(s)
2026-08-24 15:49:17,208  DEBUG     eds_loader.loader    customers: 2 row(s), 2 column(s)
2026-08-24 15:49:17,208  DEBUG     eds_loader.loader    orders: 1 row(s), 2 column(s)
2026-08-24 15:49:17,208  DEBUG     eds_loader.loader  Constraint enforcement enabled — forwarding schema metadata to target
2026-08-24 15:49:17,208  INFO      eds_loader.loader  Writing 2 table(s) to target
2026-08-24 15:49:17,208  INFO      eds_loader.connectors._sql_base  Connected to test_user@localhost:3306/test_db
2026-08-24 15:49:17,208  DEBUG     eds_loader.connectors._sql_base  Table write order (FK-sorted): customers, orders
2026-08-24 15:49:17,208  DEBUG     eds_loader.connectors._sql_base  Ensuring namespace exists: CREATE DATABASE IF NOT EXISTS `test_db`
2026-08-24 15:49:17,208  DEBUG     eds_loader.connectors._sql_base  [customers] DROP TABLE IF EXISTS `test_db`.`customers`
2026-08-24 15:49:17,209  DEBUG     eds_loader.connectors._sql_base  [customers] CREATE TABLE `test_db`.`customers` (
    `customer_id` BIGINT PRIMARY KEY,
    `name` TEXT
)
2026-08-24 15:49:17,209  DEBUG     eds_loader.connectors._sql_base  [customers] inserting 2 row(s)
2026-08-24 15:49:17,209  INFO      eds_loader.connectors._sql_base  [customers] wrote 2 row(s) in 0.00s
2026-08-24 15:49:17,209  DEBUG     eds_loader.connectors._sql_base  [orders] DROP TABLE IF EXISTS `test_db`.`orders`
2026-08-24 15:49:17,209  DEBUG     eds_loader.connectors._sql_base  [orders] CREATE TABLE `test_db`.`orders` (
    `order_id` BIGINT PRIMARY KEY,
    `customer_id` BIGINT NOT NULL REFERENCES `test_db`.`customers`(`customer_id`)
)
2026-08-24 15:49:17,209  DEBUG     eds_loader.connectors._sql_base  [orders] inserting 1 row(s)
2026-08-24 15:49:17,209  INFO      eds_loader.connectors._sql_base  [orders] wrote 1 row(s) in 0.00s
2026-08-24 15:49:17,209  INFO      eds_loader.loader  Load complete: 3 row(s) written across 2 table(s)
2026-08-24 15:49:17,230  INFO      eds_loader.connectors._sql_base  Connected to test_user@localhost:5432/test_db
2026-08-24 15:49:17,230  DEBUG     eds_loader.connectors._sql_base  Ensuring namespace exists: CREATE SCHEMA IF NOT EXISTS "public"
2026-08-24 15:49:17,230  DEBUG     eds_loader.connectors._sql_base  [customers] DROP TABLE IF EXISTS "public"."customers" CASCADE
2026-08-24 15:49:17,230  DEBUG     eds_loader.connectors._sql_base  [customers] CREATE TABLE "public"."customers" (
    "customer_id" BIGINT,
    "name" TEXT
)
2026-08-24 15:49:17,230  DEBUG     eds_loader.connectors._sql_base  [customers] inserting 3 row(s)
2026-08-24 15:49:17,230  INFO      eds_loader.connectors._sql_base  [customers] wrote 3 row(s) in 0.00s
2026-08-24 15:49:17,231  DEBUG     eds_loader.connectors._sql_base  [orders] DROP TABLE IF EXISTS "public"."orders" CASCADE
2026-08-24 15:49:17,231  DEBUG     eds_loader.connectors._sql_base  [orders] CREATE TABLE "public"."orders" (
    "order_id" BIGINT,
    "customer_id" BIGINT,
    "amount" DOUBLE PRECISION
)
2026-08-24 15:49:17,231  DEBUG     eds_loader.connectors._sql_base  [orders] inserting 2 row(s)
2026-08-24 15:49:17,231  INFO      eds_loader.connectors._sql_base  [orders] wrote 2 row(s) in 0.00s
2026-08-24 15:49:17,232  INFO      eds_loader.connectors._sql_base  Connected to test_user@localhost:5432/test_db
2026-08-24 15:49:17,232  DEBUG     eds_loader.connectors._sql_base  Ensuring namespace exists: CREATE SCHEMA IF NOT EXISTS "public"
2026-08-24 15:49:17,233  DEBUG     eds_loader.connectors._sql_base  [customers] DROP TABLE IF EXISTS "public"."customers" CASCADE
2026-08-24 15:49:17,233  DEBUG     eds_loader.connectors._sql_base  [customers] CREATE TABLE "public"."customers" (
    "id" BIGINT
)
2026-08-24 15:49:17,233  DEBUG     eds_loader.connectors._sql_base  [customers] inserting 1 row(s)
2026-08-24 15:49:17,233  INFO      eds_loader.connectors._sql_base  [customers] wrote 1 row(s) in 0.00s
2026-08-24 15:49:17,235  INFO      eds_loader.connectors._sql_base  Connected to test_user@localhost:5432/test_db
2026-08-24 15:49:17,235  DEBUG     eds_loader.connectors._sql_base  Ensuring namespace exists: CREATE SCHEMA IF NOT EXISTS "public"
2026-08-24 15:49:17,235  DEBUG     eds_loader.connectors._sql_base  [tbl] DROP TABLE IF EXISTS "public"."tbl" CASCADE
2026-08-24 15:49:17,235  DEBUG     eds_loader.connectors._sql_base  [tbl] CREATE TABLE "public"."tbl" (
    "a" BIGINT
)
2026-08-24 15:49:17,235  DEBUG     eds_loader.connectors._sql_base  [tbl] inserting 1 row(s)
2026-08-24 15:49:17,236  INFO      eds_loader.connectors._sql_base  [tbl] wrote 1 row(s) in 0.00s
2026-08-24 15:49:17,237  INFO      eds_loader.connectors._sql_base  Connected to test_user@localhost:5432/test_db
2026-08-24 15:49:17,237  DEBUG     eds_loader.connectors._sql_base  Ensuring namespace exists: CREATE SCHEMA IF NOT EXISTS "public"
2026-08-24 15:49:17,238  DEBUG     eds_loader.connectors._sql_base  [data] DROP TABLE IF EXISTS "public"."data" CASCADE
2026-08-24 15:49:17,238  DEBUG     eds_loader.connectors._sql_base  [data] CREATE TABLE "public"."data" (
    "id" BIGINT,
    "val" TEXT
)
2026-08-24 15:49:17,238  DEBUG     eds_loader.connectors._sql_base  [data] inserting 3 row(s)
2026-08-24 15:49:17,238  INFO      eds_loader.connectors._sql_base  [data] wrote 3 row(s) in 0.00s
2026-08-24 15:49:17,240  INFO      eds_loader.connectors._sql_base  Connected to test_user@localhost:5432/test_db
2026-08-24 15:49:17,240  DEBUG     eds_loader.connectors._sql_base  Ensuring namespace exists: CREATE SCHEMA IF NOT EXISTS "public"
2026-08-24 15:49:17,240  DEBUG     eds_loader.connectors._sql_base  [customers] DROP TABLE IF EXISTS "public"."customers" CASCADE
2026-08-24 15:49:17,240  DEBUG     eds_loader.connectors._sql_base  [customers] CREATE TABLE "public"."customers" (
    "customer_id" BIGINT,
    "name" TEXT
)
2026-08-24 15:49:17,240  DEBUG     eds_loader.connectors._sql_base  [customers] inserting 3 row(s)
2026-08-24 15:49:17,241  INFO      eds_loader.connectors._sql_base  [customers] wrote 3 row(s) in 0.00s
2026-08-24 15:49:17,241  DEBUG     eds_loader.connectors._sql_base  [orders] DROP TABLE IF EXISTS "public"."orders" CASCADE
2026-08-24 15:49:17,241  DEBUG     eds_loader.connectors._sql_base  [orders] CREATE TABLE "public"."orders" (
    "order_id" BIGINT,
    "customer_id" BIGINT,
    "amount" DOUBLE PRECISION
)
2026-08-24 15:49:17,241  DEBUG     eds_loader.connectors._sql_base  [orders] inserting 2 row(s)
2026-08-24 15:49:17,241  INFO      eds_loader.connectors._sql_base  [orders] wrote 2 row(s) in 0.00s
2026-08-24 15:49:17,243  INFO      eds_loader.connectors._sql_base  Connected to test_user@localhost:5432/test_db
2026-08-24 15:49:17,243  DEBUG     eds_loader.connectors._sql_base  Ensuring namespace exists: CREATE SCHEMA IF NOT EXISTS "public"
2026-08-24 15:49:17,243  DEBUG     eds_loader.connectors._sql_base  [customers] DROP TABLE IF EXISTS "public"."customers" CASCADE
2026-08-24 15:49:17,243  DEBUG     eds_loader.connectors._sql_base  [customers] CREATE TABLE "public"."customers" (
    "customer_id" BIGINT,
    "name" TEXT
)
2026-08-24 15:49:17,243  DEBUG     eds_loader.connectors._sql_base  [customers] inserting 3 row(s)
2026-08-24 15:49:17,243  INFO      eds_loader.connectors._sql_base  [customers] wrote 3 row(s) in 0.00s
2026-08-24 15:49:17,244  DEBUG     eds_loader.connectors._sql_base  [orders] DROP TABLE IF EXISTS "public"."orders" CASCADE
2026-08-24 15:49:17,244  DEBUG     eds_loader.connectors._sql_base  [orders] CREATE TABLE "public"."orders" (
    "order_id" BIGINT,
    "customer_id" BIGINT,
    "amount" DOUBLE PRECISION
)
2026-08-24 15:49:17,244  DEBUG     eds_loader.connectors._sql_base  [orders] inserting 2 row(s)
2026-08-24 15:49:17,244  INFO      eds_loader.connectors._sql_base  [orders] wrote 2 row(s) in 0.00s
2026-08-24 15:49:17,245  INFO      eds_loader.connectors._sql_base  Connected to test_user@localhost:5432/test_db
2026-08-24 15:49:17,245  DEBUG     eds_loader.connectors._sql_base  Ensuring namespace exists: CREATE SCHEMA IF NOT EXISTS "public"
2026-08-24 15:49:17,246  DEBUG     eds_loader.connectors._sql_base  [customers] DROP TABLE IF EXISTS "public"."customers" CASCADE
2026-08-24 15:49:17,246  DEBUG     eds_loader.connectors._sql_base  [customers] CREATE TABLE "public"."customers" (
    "customer_id" BIGINT,
    "name" TEXT
)
2026-08-24 15:49:17,246  DEBUG     eds_loader.connectors._sql_base  [customers] inserting 3 row(s)
2026-08-24 15:49:17,246  INFO      eds_loader.connectors._sql_base  [customers] wrote 3 row(s) in 0.00s
2026-08-24 15:49:17,246  DEBUG     eds_loader.connectors._sql_base  [orders] DROP TABLE IF EXISTS "public"."orders" CASCADE
2026-08-24 15:49:17,246  DEBUG     eds_loader.connectors._sql_base  [orders] CREATE TABLE "public"."orders" (
    "order_id" BIGINT,
    "customer_id" BIGINT,
    "amount" DOUBLE PRECISION
)
2026-08-24 15:49:17,246  DEBUG     eds_loader.connectors._sql_base  [orders] inserting 2 row(s)
2026-08-24 15:49:17,246  INFO      eds_loader.connectors._sql_base  [orders] wrote 2 row(s) in 0.00s
2026-08-24 15:49:17,248  INFO      eds_loader.connectors._sql_base  Connected to test_user@dbserver:5433/mydb
2026-08-24 15:49:17,248  DEBUG     eds_loader.connectors._sql_base  Ensuring namespace exists: CREATE SCHEMA IF NOT EXISTS "public"
2026-08-24 15:49:17,251  DEBUG     eds_loader.connectors._sql_base  [tbl] DROP TABLE IF EXISTS "public"."tbl" CASCADE
2026-08-24 15:49:17,251  DEBUG     eds_loader.connectors._sql_base  [tbl] CREATE TABLE "public"."tbl" (
    "id" BIGINT
)
2026-08-24 15:49:17,251  DEBUG     eds_loader.connectors._sql_base  [tbl] inserting 1 row(s)
2026-08-24 15:49:17,252  INFO      eds_loader.connectors._sql_base  [tbl] wrote 1 row(s) in 0.00s
2026-08-24 15:49:17,253  INFO      eds_loader.connectors._sql_base  Connected to test_user@localhost:5432/test_db
2026-08-24 15:49:17,254  DEBUG     eds_loader.connectors._sql_base  Table write order (FK-sorted): customers, orders
2026-08-24 15:49:17,254  DEBUG     eds_loader.connectors._sql_base  Ensuring namespace exists: CREATE SCHEMA IF NOT EXISTS "public"
2026-08-24 15:49:17,254  DEBUG     eds_loader.connectors._sql_base  [customers] DROP TABLE IF EXISTS "public"."customers" CASCADE
2026-08-24 15:49:17,254  DEBUG     eds_loader.connectors._sql_base  [customers] CREATE TABLE "public"."customers" (
    "customer_id" BIGINT PRIMARY KEY,
    "name" TEXT UNIQUE
)
2026-08-24 15:49:17,254  DEBUG     eds_loader.connectors._sql_base  [customers] inserting 3 row(s)
2026-08-24 15:49:17,254  INFO      eds_loader.connectors._sql_base  [customers] wrote 3 row(s) in 0.00s
2026-08-24 15:49:17,255  DEBUG     eds_loader.connectors._sql_base  [orders] DROP TABLE IF EXISTS "public"."orders" CASCADE
2026-08-24 15:49:17,255  DEBUG     eds_loader.connectors._sql_base  [orders] CREATE TABLE "public"."orders" (
    "order_id" BIGINT PRIMARY KEY,
    "customer_id" BIGINT NOT NULL REFERENCES "public"."customers"("customer_id"),
    "amount" DOUBLE PRECISION
)
2026-08-24 15:49:17,255  DEBUG     eds_loader.connectors._sql_base  [orders] inserting 2 row(s)
2026-08-24 15:49:17,255  INFO      eds_loader.connectors._sql_base  [orders] wrote 2 row(s) in 0.00s
2026-08-24 15:49:17,257  INFO      eds_loader.connectors._sql_base  Connected to test_user@localhost:5432/test_db
2026-08-24 15:49:17,257  DEBUG     eds_loader.connectors._sql_base  Table write order (FK-sorted): customers, orders
2026-08-24 15:49:17,257  DEBUG     eds_loader.connectors._sql_base  Ensuring namespace exists: CREATE SCHEMA IF NOT EXISTS "public"
2026-08-24 15:49:17,257  DEBUG     eds_loader.connectors._sql_base  [customers] DROP TABLE IF EXISTS "public"."customers" CASCADE
2026-08-24 15:49:17,257  DEBUG     eds_loader.connectors._sql_base  [customers] CREATE TABLE "public"."customers" (
    "customer_id" BIGINT PRIMARY KEY,
    "name" TEXT UNIQUE
)
2026-08-24 15:49:17,257  DEBUG     eds_loader.connectors._sql_base  [customers] inserting 3 row(s)
2026-08-24 15:49:17,258  INFO      eds_loader.connectors._sql_base  [customers] wrote 3 row(s) in 0.00s
2026-08-24 15:49:17,258  DEBUG     eds_loader.connectors._sql_base  [orders] DROP TABLE IF EXISTS "public"."orders" CASCADE
2026-08-24 15:49:17,258  DEBUG     eds_loader.connectors._sql_base  [orders] CREATE TABLE "public"."orders" (
    "order_id" BIGINT PRIMARY KEY,
    "customer_id" BIGINT NOT NULL REFERENCES "public"."customers"("customer_id"),
    "amount" DOUBLE PRECISION
)
2026-08-24 15:49:17,258  DEBUG     eds_loader.connectors._sql_base  [orders] inserting 2 row(s)
2026-08-24 15:49:17,258  INFO      eds_loader.connectors._sql_base  [orders] wrote 2 row(s) in 0.00s
2026-08-24 15:49:17,260  INFO      eds_loader.connectors._sql_base  Connected to test_user@localhost:5432/test_db
2026-08-24 15:49:17,260  DEBUG     eds_loader.connectors._sql_base  Ensuring namespace exists: CREATE SCHEMA IF NOT EXISTS "public"
2026-08-24 15:49:17,261  DEBUG     eds_loader.connectors._sql_base  [empty] DROP TABLE IF EXISTS "public"."empty" CASCADE
2026-08-24 15:49:17,261  DEBUG     eds_loader.connectors._sql_base  [empty] CREATE TABLE "public"."empty" (
    "id" BIGINT
)
2026-08-24 15:49:17,261  DEBUG     eds_loader.connectors._sql_base  [empty] inserting 0 row(s)
2026-08-24 15:49:17,261  INFO      eds_loader.connectors._sql_base  [empty] wrote 0 row(s) in 0.00s
2026-08-24 15:49:17,264  INFO      eds_loader.connectors._sql_base  Connected to test_user@localhost:5432/test_db
2026-08-24 15:49:17,264  DEBUG     eds_loader.connectors._sql_base  Ensuring namespace exists: CREATE SCHEMA IF NOT EXISTS "public"
2026-08-24 15:49:17,264  DEBUG     eds_loader.connectors._sql_base  [tbl] DROP TABLE IF EXISTS "public"."tbl" CASCADE
2026-08-24 15:49:17,264  DEBUG     eds_loader.connectors._sql_base  [tbl] CREATE TABLE "public"."tbl" (
    "id" BIGINT
)
2026-08-24 15:49:17,264  ERROR     eds_loader.connectors._sql_base  [tbl] write failed: DB error
2026-08-24 15:49:17,266  INFO      eds_loader.connectors._sql_base  Connected to test_user@localhost:5432/test_db
2026-08-24 15:49:17,267  DEBUG     eds_loader.connectors._sql_base  Ensuring namespace exists: CREATE SCHEMA IF NOT EXISTS "public"
2026-08-24 15:49:17,267  DEBUG     eds_loader.connectors._sql_base  [tbl] DROP TABLE IF EXISTS "public"."tbl" CASCADE
2026-08-24 15:49:17,267  DEBUG     eds_loader.connectors._sql_base  [tbl] CREATE TABLE "public"."tbl" (
    "id" BIGINT
)
2026-08-24 15:49:17,267  ERROR     eds_loader.connectors._sql_base  [tbl] write failed: oops
2026-08-24 15:49:17,286  INFO      eds_loader.loader  Starting load: source=local_fs target=postgres schema_required=True enforce_constraints=True
2026-08-24 15:49:17,286  DEBUG     eds_loader.loader  Source connector instantiated: LocalFSConnector
2026-08-24 15:49:17,286  DEBUG     eds_loader.loader  Target connector instantiated: PostgresConnector
2026-08-24 15:49:17,286  INFO      eds_loader.loader  Reading schema.json from source
2026-08-24 15:49:17,286  DEBUG     eds_loader.connectors.local_fs  Reading schema.json from C:\Users\Mohit Patel\AppData\Local\Temp\pytest-of-spmohit\pytest-23\test_integration_local_fs_to_p0\source\schema.json
2026-08-24 15:49:17,301  DEBUG     eds_loader.connectors.local_fs  schema.json parsed: 2 dataset(s)
2026-08-24 15:49:17,301  DEBUG     eds_loader.loader  schema.json contains 2 dataset definition(s)
2026-08-24 15:49:17,301  INFO      eds_loader.loader  Loading 2 table(s): customers, orders
2026-08-24 15:49:17,304  INFO      eds_loader.connectors.local_fs  Read customers: 3 row(s) from C:\Users\Mohit Patel\AppData\Local\Temp\pytest-of-spmohit\pytest-23\test_integration_local_fs_to_p0\source\customers.parquet
2026-08-24 15:49:17,307  INFO      eds_loader.connectors.local_fs  Read orders: 2 row(s) from C:\Users\Mohit Patel\AppData\Local\Temp\pytest-of-spmohit\pytest-23\test_integration_local_fs_to_p0\source\orders.parquet
2026-08-24 15:49:17,307  INFO      eds_loader.loader  Read 2 dataset(s) from source, 5 total row(s)
2026-08-24 15:49:17,307  DEBUG     eds_loader.loader    customers: 3 row(s), 2 column(s)
2026-08-24 15:49:17,307  DEBUG     eds_loader.loader    orders: 2 row(s), 3 column(s)
2026-08-24 15:49:17,308  DEBUG     eds_loader.loader  Constraint enforcement enabled — forwarding schema metadata to target
2026-08-24 15:49:17,308  INFO      eds_loader.loader  Writing 2 table(s) to target
2026-08-24 15:49:17,308  INFO      eds_loader.connectors._sql_base  Connected to test_user@localhost:5432/test_db
2026-08-24 15:49:17,308  DEBUG     eds_loader.connectors._sql_base  Table write order (FK-sorted): customers, orders
2026-08-24 15:49:17,308  DEBUG     eds_loader.connectors._sql_base  Ensuring namespace exists: CREATE SCHEMA IF NOT EXISTS "public"
2026-08-24 15:49:17,308  DEBUG     eds_loader.connectors._sql_base  [customers] DROP TABLE IF EXISTS "public"."customers" CASCADE
2026-08-24 15:49:17,308  DEBUG     eds_loader.connectors._sql_base  [customers] CREATE TABLE "public"."customers" (
    "customer_id" BIGINT PRIMARY KEY,
    "name" TEXT UNIQUE
)
2026-08-24 15:49:17,308  DEBUG     eds_loader.connectors._sql_base  [customers] inserting 3 row(s)
2026-08-24 15:49:17,309  INFO      eds_loader.connectors._sql_base  [customers] wrote 3 row(s) in 0.00s
2026-08-24 15:49:17,309  DEBUG     eds_loader.connectors._sql_base  [orders] DROP TABLE IF EXISTS "public"."orders" CASCADE
2026-08-24 15:49:17,309  DEBUG     eds_loader.connectors._sql_base  [orders] CREATE TABLE "public"."orders" (
    "order_id" BIGINT PRIMARY KEY,
    "customer_id" BIGINT NOT NULL REFERENCES "public"."customers"("customer_id"),
    "amount" DOUBLE PRECISION
)
2026-08-24 15:49:17,309  DEBUG     eds_loader.connectors._sql_base  [orders] inserting 2 row(s)
2026-08-24 15:49:17,310  INFO      eds_loader.connectors._sql_base  [orders] wrote 2 row(s) in 0.00s
2026-08-24 15:49:17,310  INFO      eds_loader.loader  Load complete: 5 row(s) written across 2 table(s)
2026-08-24 15:49:17,322  INFO      eds_loader.loader  Starting load: source=local_fs target=postgres schema_required=True enforce_constraints=False
2026-08-24 15:49:17,322  DEBUG     eds_loader.loader  Source connector instantiated: LocalFSConnector
2026-08-24 15:49:17,322  DEBUG     eds_loader.loader  Target connector instantiated: PostgresConnector
2026-08-24 15:49:17,322  INFO      eds_loader.loader  Reading schema.json from source
2026-08-24 15:49:17,322  DEBUG     eds_loader.connectors.local_fs  Reading schema.json from C:\Users\Mohit Patel\AppData\Local\Temp\pytest-of-spmohit\pytest-23\test_integration_enforce_false1\source2\schema.json
2026-08-24 15:49:17,323  DEBUG     eds_loader.connectors.local_fs  schema.json parsed: 2 dataset(s)
2026-08-24 15:49:17,323  DEBUG     eds_loader.loader  schema.json contains 2 dataset definition(s)
2026-08-24 15:49:17,324  INFO      eds_loader.loader  Loading 2 table(s): customers, orders
2026-08-24 15:49:17,327  INFO      eds_loader.connectors.local_fs  Read customers: 3 row(s) from C:\Users\Mohit Patel\AppData\Local\Temp\pytest-of-spmohit\pytest-23\test_integration_enforce_false1\source2\customers.parquet
2026-08-24 15:49:17,331  INFO      eds_loader.connectors.local_fs  Read orders: 2 row(s) from C:\Users\Mohit Patel\AppData\Local\Temp\pytest-of-spmohit\pytest-23\test_integration_enforce_false1\source2\orders.parquet
2026-08-24 15:49:17,331  INFO      eds_loader.loader  Read 2 dataset(s) from source, 5 total row(s)
2026-08-24 15:49:17,331  DEBUG     eds_loader.loader    customers: 3 row(s), 2 column(s)
2026-08-24 15:49:17,331  DEBUG     eds_loader.loader    orders: 2 row(s), 3 column(s)
2026-08-24 15:49:17,331  DEBUG     eds_loader.loader  Constraint enforcement disabled — target will create plain tables
2026-08-24 15:49:17,331  INFO      eds_loader.loader  Writing 2 table(s) to target
2026-08-24 15:49:17,331  INFO      eds_loader.connectors._sql_base  Connected to test_user@localhost:5432/test_db
2026-08-24 15:49:17,331  DEBUG     eds_loader.connectors._sql_base  Ensuring namespace exists: CREATE SCHEMA IF NOT EXISTS "public"
2026-08-24 15:49:17,332  DEBUG     eds_loader.connectors._sql_base  [customers] DROP TABLE IF EXISTS "public"."customers" CASCADE
2026-08-24 15:49:17,332  DEBUG     eds_loader.connectors._sql_base  [customers] CREATE TABLE "public"."customers" (
    "customer_id" BIGINT,
    "name" TEXT
)
2026-08-24 15:49:17,332  DEBUG     eds_loader.connectors._sql_base  [customers] inserting 3 row(s)
2026-08-24 15:49:17,333  INFO      eds_loader.connectors._sql_base  [customers] wrote 3 row(s) in 0.00s
2026-08-24 15:49:17,333  DEBUG     eds_loader.connectors._sql_base  [orders] DROP TABLE IF EXISTS "public"."orders" CASCADE
2026-08-24 15:49:17,333  DEBUG     eds_loader.connectors._sql_base  [orders] CREATE TABLE "public"."orders" (
    "order_id" BIGINT,
    "customer_id" BIGINT,
    "amount" DOUBLE PRECISION
)
2026-08-24 15:49:17,333  DEBUG     eds_loader.connectors._sql_base  [orders] inserting 2 row(s)
2026-08-24 15:49:17,333  INFO      eds_loader.connectors._sql_base  [orders] wrote 2 row(s) in 0.00s
2026-08-24 15:49:17,333  INFO      eds_loader.loader  Load complete: 5 row(s) written across 2 table(s)
2026-08-24 15:49:17,350  INFO      eds_loader.connectors.remote_fs  Connected to SFTP testuser@test.example.com:22
2026-08-24 15:49:17,352  INFO      eds_loader.connectors.remote_fs  Connected to SFTP testuser@test.example.com:22
2026-08-24 15:49:17,421  INFO      eds_loader.connectors.remote_fs  Connected to SFTP testuser@test.example.com:22
2026-08-24 15:49:17,436  DEBUG     eds_loader.connectors.remote_fs  Listing remote directory: /data/eds
2026-08-24 15:49:17,436  DEBUG     eds_loader.connectors.remote_fs  Found 2 .parquet file(s) in /data/eds
2026-08-24 15:49:17,438  INFO      eds_loader.connectors.remote_fs  Downloaded customers: 2 row(s) from /data/eds/customers.parquet
2026-08-24 15:49:17,439  INFO      eds_loader.connectors.remote_fs  Downloaded orders: 1 row(s) from /data/eds/orders.parquet
2026-08-24 15:49:17,442  DEBUG     eds_loader.connectors.remote_fs  Listing remote directory: /data/eds
2026-08-24 15:49:17,442  DEBUG     eds_loader.connectors.remote_fs  Found 1 .parquet file(s) in /data/eds
2026-08-24 15:49:17,442  INFO      eds_loader.connectors.remote_fs  Downloaded data: 1 row(s) from /data/eds/data.parquet
2026-08-24 15:49:17,444  DEBUG     eds_loader.connectors.remote_fs  Listing remote directory: /data/eds
2026-08-24 15:49:17,449  INFO      eds_loader.connectors.remote_fs  Downloaded customers: 2 row(s) from /data/eds/customers.parquet
2026-08-24 15:49:17,452  INFO      eds_loader.connectors.remote_fs  Downloaded my_table: 3 row(s) from /data/eds/my_table.parquet
2026-08-24 15:49:17,486  DEBUG     eds_loader.connectors.remote_fs  Listing remote directory: /data/eds
2026-08-24 15:49:17,487  DEBUG     eds_loader.connectors.remote_fs  Found 0 .parquet file(s) in /data/eds
2026-08-24 15:49:17,495  INFO      eds_loader.loader  Starting load: source=remote_fs target=local_fs schema_required=True enforce_constraints=True
2026-08-24 15:49:17,495  DEBUG     eds_loader.loader  Source connector instantiated: RemoteFSConnector
2026-08-24 15:49:17,495  DEBUG     eds_loader.loader  Target connector instantiated: LocalFSConnector
2026-08-24 15:49:17,495  INFO      eds_loader.loader  Reading schema.json from source
2026-08-24 15:49:17,496  DEBUG     eds_loader.loader  schema.json contains 2 dataset definition(s)
2026-08-24 15:49:17,496  INFO      eds_loader.loader  Loading 2 table(s): customers, orders
2026-08-24 15:49:17,497  INFO      eds_loader.connectors.remote_fs  Downloaded customers: 2 row(s) from /data/eds/customers.parquet
2026-08-24 15:49:17,498  INFO      eds_loader.connectors.remote_fs  Downloaded orders: 1 row(s) from /data/eds/orders.parquet
2026-08-24 15:49:17,499  INFO      eds_loader.loader  Read 2 dataset(s) from source, 3 total row(s)
2026-08-24 15:49:17,499  DEBUG     eds_loader.loader    customers: 2 row(s), 2 column(s)
2026-08-24 15:49:17,499  DEBUG     eds_loader.loader    orders: 1 row(s), 2 column(s)
2026-08-24 15:49:17,499  DEBUG     eds_loader.loader  Constraint enforcement enabled — forwarding schema metadata to target
2026-08-24 15:49:17,499  INFO      eds_loader.loader  Writing 2 table(s) to target
2026-08-24 15:49:17,501  INFO      eds_loader.connectors.local_fs  Wrote customers: 2 row(s) to C:\Users\Mohit Patel\AppData\Local\Temp\pytest-of-spmohit\pytest-23\test_integration_remote_fs_sou0\remote_to_local_target\customers.parquet
2026-08-24 15:49:17,502  INFO      eds_loader.connectors.local_fs  Wrote orders: 1 row(s) to C:\Users\Mohit Patel\AppData\Local\Temp\pytest-of-spmohit\pytest-23\test_integration_remote_fs_sou0\remote_to_local_target\orders.parquet
2026-08-24 15:49:17,503  DEBUG     eds_loader.connectors.local_fs  Merging schema.json at target
2026-08-24 15:49:17,504  INFO      eds_loader.loader  Load complete: 3 row(s) written across 2 table(s)
2026-08-24 15:49:17,508  INFO      eds_loader.loader  Starting load: source=remote_fs target=local_fs schema_required=True enforce_constraints=True
2026-08-24 15:49:17,508  DEBUG     eds_loader.loader  Source connector instantiated: RemoteFSConnector
2026-08-24 15:49:17,508  DEBUG     eds_loader.loader  Target connector instantiated: LocalFSConnector
2026-08-24 15:49:17,508  INFO      eds_loader.loader  Reading schema.json from source
2026-08-24 15:49:17,508  DEBUG     eds_loader.loader  schema.json contains 2 dataset definition(s)
2026-08-24 15:49:17,508  INFO      eds_loader.loader  Loading 1 table(s): customers
2026-08-24 15:49:17,509  INFO      eds_loader.connectors.remote_fs  Downloaded customers: 2 row(s) from /data/eds/customers.parquet
2026-08-24 15:49:17,509  INFO      eds_loader.loader  Read 1 dataset(s) from source, 2 total row(s)
2026-08-24 15:49:17,509  DEBUG     eds_loader.loader    customers: 2 row(s), 2 column(s)
2026-08-24 15:49:17,509  DEBUG     eds_loader.loader  Constraint enforcement enabled — forwarding schema metadata to target
2026-08-24 15:49:17,510  INFO      eds_loader.loader  Writing 1 table(s) to target
2026-08-24 15:49:17,511  INFO      eds_loader.connectors.local_fs  Wrote customers: 2 row(s) to C:\Users\Mohit Patel\AppData\Local\Temp\pytest-of-spmohit\pytest-23\test_integration_table_subset_1\subset_target\customers.parquet
2026-08-24 15:49:17,511  DEBUG     eds_loader.connectors.local_fs  Merging schema.json at target
2026-08-24 15:49:17,512  INFO      eds_loader.loader  Load complete: 2 row(s) written across 1 table(s)
2026-08-24 15:49:17,547  INFO      eds_loader.loader  Starting load: source=s3 target=local_fs schema_required=True enforce_constraints=True
2026-08-24 15:49:17,547  DEBUG     eds_loader.loader  Source connector instantiated: S3Connector
2026-08-24 15:49:17,547  DEBUG     eds_loader.loader  Target connector instantiated: LocalFSConnector
2026-08-24 15:49:17,547  INFO      eds_loader.loader  Reading schema.json from source
2026-08-24 15:49:17,547  DEBUG     eds_loader.loader  schema.json contains 2 dataset definition(s)
2026-08-24 15:49:17,547  INFO      eds_loader.loader  Loading 2 table(s): customers, orders
2026-08-24 15:49:17,549  INFO      eds_loader.loader  Read 2 dataset(s) from source, 3 total row(s)
2026-08-24 15:49:17,549  DEBUG     eds_loader.loader    customers: 2 row(s), 2 column(s)
2026-08-24 15:49:17,549  DEBUG     eds_loader.loader    orders: 1 row(s), 2 column(s)
2026-08-24 15:49:17,549  DEBUG     eds_loader.loader  Constraint enforcement enabled — forwarding schema metadata to target
2026-08-24 15:49:17,549  INFO      eds_loader.loader  Writing 2 table(s) to target
2026-08-24 15:49:17,551  INFO      eds_loader.connectors.local_fs  Wrote customers: 2 row(s) to C:\Users\Mohit Patel\AppData\Local\Temp\pytest-of-spmohit\pytest-23\test_integration_s3_source_via0\target\customers.parquet
2026-08-24 15:49:17,552  INFO      eds_loader.connectors.local_fs  Wrote orders: 1 row(s) to C:\Users\Mohit Patel\AppData\Local\Temp\pytest-of-spmohit\pytest-23\test_integration_s3_source_via0\target\orders.parquet
2026-08-24 15:49:17,552  DEBUG     eds_loader.connectors.local_fs  Merging schema.json at target
2026-08-24 15:49:17,553  INFO      eds_loader.loader  Load complete: 3 row(s) written across 2 table(s)
2026-08-24 15:51:01,563  INFO      eds_loader.cli.main  eds-loader run invoked (config=C:\Users\Mohit Patel\AppData\Local\Temp\pytest-of-spmohit\pytest-24\test_run_exits_zero_on_success0\loader.yaml, dry_run=False)
2026-08-24 15:51:01,586  INFO      eds_loader.cli.main  Config loaded: source=local_fs target=local_fs tables=(all) enforce_constraints=True schema_required=True
2026-08-24 15:51:01,586  INFO      eds_loader.loader  Starting load: source=local_fs target=local_fs schema_required=True enforce_constraints=True
2026-08-24 15:51:01,586  DEBUG     eds_loader.loader  Source connector instantiated: LocalFSConnector
2026-08-24 15:51:01,586  DEBUG     eds_loader.loader  Target connector instantiated: LocalFSConnector
2026-08-24 15:51:01,586  INFO      eds_loader.loader  Reading schema.json from source
2026-08-24 15:51:01,586  DEBUG     eds_loader.connectors.local_fs  Reading schema.json from C:\Users\Mohit Patel\AppData\Local\Temp\pytest-of-spmohit\pytest-24\test_run_exits_zero_on_success0\source\schema.json
2026-08-24 15:51:01,588  DEBUG     eds_loader.connectors.local_fs  schema.json parsed: 2 dataset(s)
2026-08-24 15:51:01,588  DEBUG     eds_loader.loader  schema.json contains 2 dataset definition(s)
2026-08-24 15:51:01,588  INFO      eds_loader.loader  Loading 2 table(s): customers, orders
2026-08-24 15:51:01,591  INFO      eds_loader.connectors.local_fs  Read customers: 3 row(s) from C:\Users\Mohit Patel\AppData\Local\Temp\pytest-of-spmohit\pytest-24\test_run_exits_zero_on_success0\source\customers.parquet
2026-08-24 15:51:01,593  INFO      eds_loader.connectors.local_fs  Read orders: 2 row(s) from C:\Users\Mohit Patel\AppData\Local\Temp\pytest-of-spmohit\pytest-24\test_run_exits_zero_on_success0\source\orders.parquet
2026-08-24 15:51:01,593  INFO      eds_loader.loader  Read 2 dataset(s) from source, 5 total row(s)
2026-08-24 15:51:01,593  DEBUG     eds_loader.loader    customers: 3 row(s), 1 column(s)
2026-08-24 15:51:01,593  DEBUG     eds_loader.loader    orders: 2 row(s), 1 column(s)
2026-08-24 15:51:01,593  DEBUG     eds_loader.loader  Constraint enforcement enabled — forwarding schema metadata to target
2026-08-24 15:51:01,594  INFO      eds_loader.loader  Writing 2 table(s) to target
2026-08-24 15:51:01,595  INFO      eds_loader.connectors.local_fs  Wrote customers: 3 row(s) to C:\Users\Mohit Patel\AppData\Local\Temp\pytest-of-spmohit\pytest-24\test_run_exits_zero_on_success0\target\customers.parquet
2026-08-24 15:51:01,597  INFO      eds_loader.connectors.local_fs  Wrote orders: 2 row(s) to C:\Users\Mohit Patel\AppData\Local\Temp\pytest-of-spmohit\pytest-24\test_run_exits_zero_on_success0\target\orders.parquet
2026-08-24 15:51:01,597  DEBUG     eds_loader.connectors.local_fs  Merging schema.json at target
2026-08-24 15:51:01,598  INFO      eds_loader.loader  Load complete: 5 row(s) written across 2 table(s)
2026-08-24 15:51:01,598  INFO      eds_loader.cli.main  Run complete: 5 row(s) across 2 table(s) in 0.0s
2026-08-24 15:51:01,608  INFO      eds_loader.cli.main  eds-loader run invoked (config=C:\Users\Mohit Patel\AppData\Local\Temp\pytest-of-spmohit\pytest-24\test_run_prints_table_with_row0\loader.yaml, dry_run=False)
2026-08-24 15:51:01,626  INFO      eds_loader.cli.main  Config loaded: source=local_fs target=local_fs tables=(all) enforce_constraints=True schema_required=True
2026-08-24 15:51:01,626  INFO      eds_loader.loader  Starting load: source=local_fs target=local_fs schema_required=True enforce_constraints=True
2026-08-24 15:51:01,626  DEBUG     eds_loader.loader  Source connector instantiated: LocalFSConnector
2026-08-24 15:51:01,626  DEBUG     eds_loader.loader  Target connector instantiated: LocalFSConnector
2026-08-24 15:51:01,626  INFO      eds_loader.loader  Reading schema.json from source
2026-08-24 15:51:01,627  DEBUG     eds_loader.connectors.local_fs  Reading schema.json from C:\Users\Mohit Patel\AppData\Local\Temp\pytest-of-spmohit\pytest-24\test_run_prints_table_with_row0\source\schema.json
2026-08-24 15:51:01,628  DEBUG     eds_loader.connectors.local_fs  schema.json parsed: 2 dataset(s)
2026-08-24 15:51:01,628  DEBUG     eds_loader.loader  schema.json contains 2 dataset definition(s)
2026-08-24 15:51:01,628  INFO      eds_loader.loader  Loading 2 table(s): customers, orders
2026-08-24 15:51:01,631  INFO      eds_loader.connectors.local_fs  Read customers: 3 row(s) from C:\Users\Mohit Patel\AppData\Local\Temp\pytest-of-spmohit\pytest-24\test_run_prints_table_with_row0\source\customers.parquet
2026-08-24 15:51:01,634  INFO      eds_loader.connectors.local_fs  Read orders: 2 row(s) from C:\Users\Mohit Patel\AppData\Local\Temp\pytest-of-spmohit\pytest-24\test_run_prints_table_with_row0\source\orders.parquet
2026-08-24 15:51:01,634  INFO      eds_loader.loader  Read 2 dataset(s) from source, 5 total row(s)
2026-08-24 15:51:01,634  DEBUG     eds_loader.loader    customers: 3 row(s), 1 column(s)
2026-08-24 15:51:01,634  DEBUG     eds_loader.loader    orders: 2 row(s), 1 column(s)
2026-08-24 15:51:01,634  DEBUG     eds_loader.loader  Constraint enforcement enabled — forwarding schema metadata to target
2026-08-24 15:51:01,634  INFO      eds_loader.loader  Writing 2 table(s) to target
2026-08-24 15:51:01,636  INFO      eds_loader.connectors.local_fs  Wrote customers: 3 row(s) to C:\Users\Mohit Patel\AppData\Local\Temp\pytest-of-spmohit\pytest-24\test_run_prints_table_with_row0\target\customers.parquet
2026-08-24 15:51:01,636  INFO      eds_loader.connectors.local_fs  Wrote orders: 2 row(s) to C:\Users\Mohit Patel\AppData\Local\Temp\pytest-of-spmohit\pytest-24\test_run_prints_table_with_row0\target\orders.parquet
2026-08-24 15:51:01,637  DEBUG     eds_loader.connectors.local_fs  Merging schema.json at target
2026-08-24 15:51:01,637  INFO      eds_loader.loader  Load complete: 5 row(s) written across 2 table(s)
2026-08-24 15:51:01,637  INFO      eds_loader.cli.main  Run complete: 5 row(s) across 2 table(s) in 0.0s
2026-08-24 15:51:01,646  INFO      eds_loader.cli.main  eds-loader run invoked (config=C:\Users\Mohit Patel\AppData\Local\Temp\pytest-of-spmohit\pytest-24\test_run_prints_timing_in_seco0\loader.yaml, dry_run=False)
2026-08-24 15:51:01,665  INFO      eds_loader.cli.main  Config loaded: source=local_fs target=local_fs tables=(all) enforce_constraints=True schema_required=True
2026-08-24 15:51:01,666  INFO      eds_loader.loader  Starting load: source=local_fs target=local_fs schema_required=True enforce_constraints=True
2026-08-24 15:51:01,666  DEBUG     eds_loader.loader  Source connector instantiated: LocalFSConnector
2026-08-24 15:51:01,666  DEBUG     eds_loader.loader  Target connector instantiated: LocalFSConnector
2026-08-24 15:51:01,666  INFO      eds_loader.loader  Reading schema.json from source
2026-08-24 15:51:01,666  DEBUG     eds_loader.connectors.local_fs  Reading schema.json from C:\Users\Mohit Patel\AppData\Local\Temp\pytest-of-spmohit\pytest-24\test_run_prints_timing_in_seco0\source\schema.json
2026-08-24 15:51:01,669  DEBUG     eds_loader.connectors.local_fs  schema.json parsed: 2 dataset(s)
2026-08-24 15:51:01,669  DEBUG     eds_loader.loader  schema.json contains 2 dataset definition(s)
2026-08-24 15:51:01,669  INFO      eds_loader.loader  Loading 2 table(s): customers, orders
2026-08-24 15:51:01,671  INFO      eds_loader.connectors.local_fs  Read customers: 3 row(s) from C:\Users\Mohit Patel\AppData\Local\Temp\pytest-of-spmohit\pytest-24\test_run_prints_timing_in_seco0\source\customers.parquet
2026-08-24 15:51:01,673  INFO      eds_loader.connectors.local_fs  Read orders: 2 row(s) from C:\Users\Mohit Patel\AppData\Local\Temp\pytest-of-spmohit\pytest-24\test_run_prints_timing_in_seco0\source\orders.parquet
2026-08-24 15:51:01,674  INFO      eds_loader.loader  Read 2 dataset(s) from source, 5 total row(s)
2026-08-24 15:51:01,674  DEBUG     eds_loader.loader    customers: 3 row(s), 1 column(s)
2026-08-24 15:51:01,674  DEBUG     eds_loader.loader    orders: 2 row(s), 1 column(s)
2026-08-24 15:51:01,674  DEBUG     eds_loader.loader  Constraint enforcement enabled — forwarding schema metadata to target
2026-08-24 15:51:01,674  INFO      eds_loader.loader  Writing 2 table(s) to target
2026-08-24 15:51:01,675  INFO      eds_loader.connectors.local_fs  Wrote customers: 3 row(s) to C:\Users\Mohit Patel\AppData\Local\Temp\pytest-of-spmohit\pytest-24\test_run_prints_timing_in_seco0\target\customers.parquet
2026-08-24 15:51:01,676  INFO      eds_loader.connectors.local_fs  Wrote orders: 2 row(s) to C:\Users\Mohit Patel\AppData\Local\Temp\pytest-of-spmohit\pytest-24\test_run_prints_timing_in_seco0\target\orders.parquet
2026-08-24 15:51:01,676  DEBUG     eds_loader.connectors.local_fs  Merging schema.json at target
2026-08-24 15:51:01,677  INFO      eds_loader.loader  Load complete: 5 row(s) written across 2 table(s)
2026-08-24 15:51:01,677  INFO      eds_loader.cli.main  Run complete: 5 row(s) across 2 table(s) in 0.0s
2026-08-24 15:51:01,688  INFO      eds_loader.cli.main  eds-loader run invoked (config=C:\Users\Mohit Patel\AppData\Local\Temp\pytest-of-spmohit\pytest-24\test_run_table_has_location_co0\loader.yaml, dry_run=False)
2026-08-24 15:51:01,711  INFO      eds_loader.cli.main  Config loaded: source=local_fs target=local_fs tables=(all) enforce_constraints=True schema_required=True
2026-08-24 15:51:01,711  INFO      eds_loader.loader  Starting load: source=local_fs target=local_fs schema_required=True enforce_constraints=True
2026-08-24 15:51:01,711  DEBUG     eds_loader.loader  Source connector instantiated: LocalFSConnector
2026-08-24 15:51:01,711  DEBUG     eds_loader.loader  Target connector instantiated: LocalFSConnector
2026-08-24 15:51:01,711  INFO      eds_loader.loader  Reading schema.json from source
2026-08-24 15:51:01,711  DEBUG     eds_loader.connectors.local_fs  Reading schema.json from C:\Users\Mohit Patel\AppData\Local\Temp\pytest-of-spmohit\pytest-24\test_run_table_has_location_co0\source\schema.json
2026-08-24 15:51:01,712  DEBUG     eds_loader.connectors.local_fs  schema.json parsed: 2 dataset(s)
2026-08-24 15:51:01,713  DEBUG     eds_loader.loader  schema.json contains 2 dataset definition(s)
2026-08-24 15:51:01,713  INFO      eds_loader.loader  Loading 2 table(s): customers, orders
2026-08-24 15:51:01,715  INFO      eds_loader.connectors.local_fs  Read customers: 3 row(s) from C:\Users\Mohit Patel\AppData\Local\Temp\pytest-of-spmohit\pytest-24\test_run_table_has_location_co0\source\customers.parquet
2026-08-24 15:51:01,716  INFO      eds_loader.connectors.local_fs  Read orders: 2 row(s) from C:\Users\Mohit Patel\AppData\Local\Temp\pytest-of-spmohit\pytest-24\test_run_table_has_location_co0\source\orders.parquet
2026-08-24 15:51:01,716  INFO      eds_loader.loader  Read 2 dataset(s) from source, 5 total row(s)
2026-08-24 15:51:01,716  DEBUG     eds_loader.loader    customers: 3 row(s), 1 column(s)
2026-08-24 15:51:01,716  DEBUG     eds_loader.loader    orders: 2 row(s), 1 column(s)
2026-08-24 15:51:01,716  DEBUG     eds_loader.loader  Constraint enforcement enabled — forwarding schema metadata to target
2026-08-24 15:51:01,716  INFO      eds_loader.loader  Writing 2 table(s) to target
2026-08-24 15:51:01,718  INFO      eds_loader.connectors.local_fs  Wrote customers: 3 row(s) to C:\Users\Mohit Patel\AppData\Local\Temp\pytest-of-spmohit\pytest-24\test_run_table_has_location_co0\target\customers.parquet
2026-08-24 15:51:01,718  INFO      eds_loader.connectors.local_fs  Wrote orders: 2 row(s) to C:\Users\Mohit Patel\AppData\Local\Temp\pytest-of-spmohit\pytest-24\test_run_table_has_location_co0\target\orders.parquet
2026-08-24 15:51:01,719  DEBUG     eds_loader.connectors.local_fs  Merging schema.json at target
2026-08-24 15:51:01,719  INFO      eds_loader.loader  Load complete: 5 row(s) written across 2 table(s)
2026-08-24 15:51:01,719  INFO      eds_loader.cli.main  Run complete: 5 row(s) across 2 table(s) in 0.0s
2026-08-24 15:51:01,725  INFO      eds_loader.cli.main  eds-loader run invoked (config=C:\Users\Mohit Patel\AppData\Local\Temp\pytest-of-spmohit\pytest-24\test_run_missing_config_exits_0\nope.yaml, dry_run=False)
2026-08-24 15:51:01,726  ERROR     eds_loader.cli.main  Config parse failed: Config file not found: C:\Users\Mohit Patel\AppData\Local\Temp\pytest-of-spmohit\pytest-24\test_run_missing_config_exits_0\nope.yaml
2026-08-24 15:51:01,732  INFO      eds_loader.cli.main  eds-loader run invoked (config=C:\Users\Mohit Patel\AppData\Local\Temp\pytest-of-spmohit\pytest-24\test_run_invalid_yaml_exits_20\loader.yaml, dry_run=False)
2026-08-24 15:51:01,733  ERROR     eds_loader.cli.main  Config parse failed: Config file C:\Users\Mohit Patel\AppData\Local\Temp\pytest-of-spmohit\pytest-24\test_run_invalid_yaml_exits_20\loader.yaml is not valid YAML: while parsing a flow sequence
  in "<unicode string>", line 1, column 9:
    source: [unclosed
            ^
expected ',' or ']', but got '<stream end>'
  in "<unicode string>", line 1, column 18:
    source: [unclosed
                     ^
2026-08-24 15:51:01,740  INFO      eds_loader.cli.main  eds-loader run invoked (config=C:\Users\Mohit Patel\AppData\Local\Temp\pytest-of-spmohit\pytest-24\test_run_unknown_connector_kin0\loader.yaml, dry_run=False)
2026-08-24 15:51:01,741  INFO      eds_loader.cli.main  Config loaded: source=nosuchdb target=local_fs tables=(all) enforce_constraints=True schema_required=True
2026-08-24 15:51:01,742  INFO      eds_loader.loader  Starting load: source=nosuchdb target=local_fs schema_required=True enforce_constraints=True
2026-08-24 15:51:01,742  ERROR     eds_loader.cli.main  Configuration error: Unknown connector kind 'nosuchdb'.
Known connectors: azure_blob, gcs, local_fs, mongodb, mssql, mysql, postgres, remote_fs, s3.
Run `eds-loader connectors` to see install status.
2026-08-24 15:51:01,751  INFO      eds_loader.cli.main  eds-loader run invoked (config=C:\Users\Mohit Patel\AppData\Local\Temp\pytest-of-spmohit\pytest-24\test_run_load_error_exits_30\loader.yaml, dry_run=False)
2026-08-24 15:51:01,766  INFO      eds_loader.cli.main  Config loaded: source=local_fs target=local_fs tables=(all) enforce_constraints=True schema_required=True
2026-08-24 15:51:01,767  ERROR     eds_loader.cli.main  Load failed after 0.0s: disk full
2026-08-24 15:51:01,777  INFO      eds_loader.cli.main  eds-loader run invoked (config=C:\Users\Mohit Patel\AppData\Local\Temp\pytest-of-spmohit\pytest-24\test_dry_run_exits_zero0\loader.yaml, dry_run=True)
2026-08-24 15:51:01,797  INFO      eds_loader.cli.main  Config loaded: source=local_fs target=local_fs tables=(all) enforce_constraints=True schema_required=True
2026-08-24 15:51:01,797  DEBUG     eds_loader.connectors.local_fs  Reading schema.json from C:\Users\Mohit Patel\AppData\Local\Temp\pytest-of-spmohit\pytest-24\test_dry_run_exits_zero0\source\schema.json
2026-08-24 15:51:01,799  DEBUG     eds_loader.connectors.local_fs  schema.json parsed: 2 dataset(s)
2026-08-24 15:51:01,799  INFO      eds_loader.cli.main  Dry-run: reading ['customers', 'orders'] dataset(s) from source
2026-08-24 15:51:01,802  INFO      eds_loader.connectors.local_fs  Read customers: 3 row(s) from C:\Users\Mohit Patel\AppData\Local\Temp\pytest-of-spmohit\pytest-24\test_dry_run_exits_zero0\source\customers.parquet
2026-08-24 15:51:01,803  INFO      eds_loader.connectors.local_fs  Read orders: 2 row(s) from C:\Users\Mohit Patel\AppData\Local\Temp\pytest-of-spmohit\pytest-24\test_dry_run_exits_zero0\source\orders.parquet
2026-08-24 15:51:01,803  INFO      eds_loader.cli.main  Dry-run complete: 5 row(s) across 2 dataset(s)
2026-08-24 15:51:01,813  INFO      eds_loader.cli.main  eds-loader run invoked (config=C:\Users\Mohit Patel\AppData\Local\Temp\pytest-of-spmohit\pytest-24\test_dry_run_shows_dataset_nam0\loader.yaml, dry_run=True)
2026-08-24 15:51:01,829  INFO      eds_loader.cli.main  Config loaded: source=local_fs target=local_fs tables=(all) enforce_constraints=True schema_required=True
2026-08-24 15:51:01,829  DEBUG     eds_loader.connectors.local_fs  Reading schema.json from C:\Users\Mohit Patel\AppData\Local\Temp\pytest-of-spmohit\pytest-24\test_dry_run_shows_dataset_nam0\source\schema.json
2026-08-24 15:51:01,830  DEBUG     eds_loader.connectors.local_fs  schema.json parsed: 2 dataset(s)
2026-08-24 15:51:01,830  INFO      eds_loader.cli.main  Dry-run: reading ['customers', 'orders'] dataset(s) from source
2026-08-24 15:51:01,832  INFO      eds_loader.connectors.local_fs  Read customers: 3 row(s) from C:\Users\Mohit Patel\AppData\Local\Temp\pytest-of-spmohit\pytest-24\test_dry_run_shows_dataset_nam0\source\customers.parquet
2026-08-24 15:51:01,833  INFO      eds_loader.connectors.local_fs  Read orders: 2 row(s) from C:\Users\Mohit Patel\AppData\Local\Temp\pytest-of-spmohit\pytest-24\test_dry_run_shows_dataset_nam0\source\orders.parquet
2026-08-24 15:51:01,834  INFO      eds_loader.cli.main  Dry-run complete: 5 row(s) across 2 dataset(s)
2026-08-24 15:51:01,843  INFO      eds_loader.cli.main  eds-loader run invoked (config=C:\Users\Mohit Patel\AppData\Local\Temp\pytest-of-spmohit\pytest-24\test_dry_run_shows_total_rows0\loader.yaml, dry_run=True)
2026-08-24 15:51:01,860  INFO      eds_loader.cli.main  Config loaded: source=local_fs target=local_fs tables=(all) enforce_constraints=True schema_required=True
2026-08-24 15:51:01,860  DEBUG     eds_loader.connectors.local_fs  Reading schema.json from C:\Users\Mohit Patel\AppData\Local\Temp\pytest-of-spmohit\pytest-24\test_dry_run_shows_total_rows0\source\schema.json
2026-08-24 15:51:01,862  DEBUG     eds_loader.connectors.local_fs  schema.json parsed: 2 dataset(s)
2026-08-24 15:51:01,862  INFO      eds_loader.cli.main  Dry-run: reading ['customers', 'orders'] dataset(s) from source
2026-08-24 15:51:01,864  INFO      eds_loader.connectors.local_fs  Read customers: 3 row(s) from C:\Users\Mohit Patel\AppData\Local\Temp\pytest-of-spmohit\pytest-24\test_dry_run_shows_total_rows0\source\customers.parquet
2026-08-24 15:51:01,865  INFO      eds_loader.connectors.local_fs  Read orders: 2 row(s) from C:\Users\Mohit Patel\AppData\Local\Temp\pytest-of-spmohit\pytest-24\test_dry_run_shows_total_rows0\source\orders.parquet
2026-08-24 15:51:01,866  INFO      eds_loader.cli.main  Dry-run complete: 5 row(s) across 2 dataset(s)
2026-08-24 15:51:01,875  INFO      eds_loader.cli.main  eds-loader run invoked (config=C:\Users\Mohit Patel\AppData\Local\Temp\pytest-of-spmohit\pytest-24\test_dry_run_does_not_write_ta0\loader.yaml, dry_run=True)
2026-08-24 15:51:01,893  INFO      eds_loader.cli.main  Config loaded: source=local_fs target=local_fs tables=(all) enforce_constraints=True schema_required=True
2026-08-24 15:51:01,893  DEBUG     eds_loader.connectors.local_fs  Reading schema.json from C:\Users\Mohit Patel\AppData\Local\Temp\pytest-of-spmohit\pytest-24\test_dry_run_does_not_write_ta0\source\schema.json
2026-08-24 15:51:01,895  DEBUG     eds_loader.connectors.local_fs  schema.json parsed: 2 dataset(s)
2026-08-24 15:51:01,895  INFO      eds_loader.cli.main  Dry-run: reading ['customers', 'orders'] dataset(s) from source
2026-08-24 15:51:01,897  INFO      eds_loader.connectors.local_fs  Read customers: 3 row(s) from C:\Users\Mohit Patel\AppData\Local\Temp\pytest-of-spmohit\pytest-24\test_dry_run_does_not_write_ta0\source\customers.parquet
2026-08-24 15:51:01,898  INFO      eds_loader.connectors.local_fs  Read orders: 2 row(s) from C:\Users\Mohit Patel\AppData\Local\Temp\pytest-of-spmohit\pytest-24\test_dry_run_does_not_write_ta0\source\orders.parquet
2026-08-24 15:51:01,898  INFO      eds_loader.cli.main  Dry-run complete: 5 row(s) across 2 dataset(s)
2026-08-24 15:51:01,908  INFO      eds_loader.cli.main  eds-loader run invoked (config=C:\Users\Mohit Patel\AppData\Local\Temp\pytest-of-spmohit\pytest-24\test_dry_run_shows_dry_run_hea0\loader.yaml, dry_run=True)
2026-08-24 15:51:01,924  INFO      eds_loader.cli.main  Config loaded: source=local_fs target=local_fs tables=(all) enforce_constraints=True schema_required=True
2026-08-24 15:51:01,925  DEBUG     eds_loader.connectors.local_fs  Reading schema.json from C:\Users\Mohit Patel\AppData\Local\Temp\pytest-of-spmohit\pytest-24\test_dry_run_shows_dry_run_hea0\source\schema.json
2026-08-24 15:51:01,926  DEBUG     eds_loader.connectors.local_fs  schema.json parsed: 2 dataset(s)
2026-08-24 15:51:01,926  INFO      eds_loader.cli.main  Dry-run: reading ['customers', 'orders'] dataset(s) from source
2026-08-24 15:51:01,928  INFO      eds_loader.connectors.local_fs  Read customers: 3 row(s) from C:\Users\Mohit Patel\AppData\Local\Temp\pytest-of-spmohit\pytest-24\test_dry_run_shows_dry_run_hea0\source\customers.parquet
2026-08-24 15:51:01,930  INFO      eds_loader.connectors.local_fs  Read orders: 2 row(s) from C:\Users\Mohit Patel\AppData\Local\Temp\pytest-of-spmohit\pytest-24\test_dry_run_shows_dry_run_hea0\source\orders.parquet
2026-08-24 15:51:01,930  INFO      eds_loader.cli.main  Dry-run complete: 5 row(s) across 2 dataset(s)
2026-08-24 15:51:01,940  INFO      eds_loader.cli.main  eds-loader run invoked (config=C:\Users\Mohit Patel\AppData\Local\Temp\pytest-of-spmohit\pytest-24\test_dry_run_source_error_exit0\loader.yaml, dry_run=True)
2026-08-24 15:51:01,954  INFO      eds_loader.cli.main  Config loaded: source=local_fs target=local_fs tables=(all) enforce_constraints=True schema_required=True
2026-08-24 15:51:01,955  ERROR     eds_loader.cli.main  Dry-run read failed: source down
2026-08-24 15:51:01,979  DEBUG     eds_loader.connectors.local_fs  Reading schema.json from C:\Users\Mohit Patel\AppData\Local\Temp\pytest-of-spmohit\pytest-24\test_validate_good_config_exit0\source\schema.json
2026-08-24 15:51:01,980  DEBUG     eds_loader.connectors.local_fs  schema.json parsed: 2 dataset(s)
2026-08-24 15:51:02,008  DEBUG     eds_loader.connectors.local_fs  Reading schema.json from C:\Users\Mohit Patel\AppData\Local\Temp\pytest-of-spmohit\pytest-24\test_validate_prints_checkmark0\source\schema.json
2026-08-24 15:51:02,010  DEBUG     eds_loader.connectors.local_fs  schema.json parsed: 2 dataset(s)
2026-08-24 15:51:02,035  DEBUG     eds_loader.connectors.local_fs  Reading schema.json from C:\Users\Mohit Patel\AppData\Local\Temp\pytest-of-spmohit\pytest-24\test_validate_shows_dataset_co0\source\schema.json
2026-08-24 15:51:02,036  DEBUG     eds_loader.connectors.local_fs  schema.json parsed: 2 dataset(s)
2026-08-24 15:51:02,121  DEBUG     eds_loader.connectors.local_fs  Reading schema.json from C:\Users\Mohit Patel\AppData\Local\Temp\pytest-of-spmohit\pytest-24\test_validate_shows_connector_0\source\schema.json
2026-08-24 15:51:02,123  DEBUG     eds_loader.connectors.local_fs  schema.json parsed: 2 dataset(s)
2026-08-24 15:51:02,379  INFO      eds_loader.loader  Starting load: source=gcs target=local_fs schema_required=True enforce_constraints=True
2026-08-24 15:51:02,379  DEBUG     eds_loader.loader  Source connector instantiated: GCSConnector
2026-08-24 15:51:02,379  DEBUG     eds_loader.loader  Target connector instantiated: LocalFSConnector
2026-08-24 15:51:02,379  INFO      eds_loader.loader  Reading schema.json from source
2026-08-24 15:51:02,380  DEBUG     eds_loader.loader  schema.json contains 2 dataset definition(s)
2026-08-24 15:51:02,380  INFO      eds_loader.loader  Loading 2 table(s): customers, orders
2026-08-24 15:51:02,381  INFO      eds_loader.loader  Read 2 dataset(s) from source, 5 total row(s)
2026-08-24 15:51:02,382  DEBUG     eds_loader.loader    customers: 3 row(s), 1 column(s)
2026-08-24 15:51:02,382  DEBUG     eds_loader.loader    orders: 2 row(s), 1 column(s)
2026-08-24 15:51:02,382  DEBUG     eds_loader.loader  Constraint enforcement enabled — forwarding schema metadata to target
2026-08-24 15:51:02,382  INFO      eds_loader.loader  Writing 2 table(s) to target
2026-08-24 15:51:02,383  INFO      eds_loader.connectors.local_fs  Wrote customers: 3 row(s) to C:\Users\Mohit Patel\AppData\Local\Temp\pytest-of-spmohit\pytest-24\test_integration_gcs_source_vi0\target\customers.parquet
2026-08-24 15:51:02,384  INFO      eds_loader.connectors.local_fs  Wrote orders: 2 row(s) to C:\Users\Mohit Patel\AppData\Local\Temp\pytest-of-spmohit\pytest-24\test_integration_gcs_source_vi0\target\orders.parquet
2026-08-24 15:51:02,384  DEBUG     eds_loader.connectors.local_fs  Merging schema.json at target
2026-08-24 15:51:02,385  INFO      eds_loader.loader  Load complete: 5 row(s) written across 2 table(s)
2026-08-24 15:51:02,388  INFO      eds_loader.loader  Starting load: source=mock_source target=mock_target schema_required=True enforce_constraints=True
2026-08-24 15:51:02,388  DEBUG     eds_loader.loader  Source connector instantiated: MagicMock
2026-08-24 15:51:02,388  DEBUG     eds_loader.loader  Target connector instantiated: MagicMock
2026-08-24 15:51:02,388  INFO      eds_loader.loader  Reading schema.json from source
2026-08-24 15:51:02,388  DEBUG     eds_loader.loader  schema.json contains 2 dataset definition(s)
2026-08-24 15:51:02,388  INFO      eds_loader.loader  Loading 2 table(s): customers, orders
2026-08-24 15:51:02,388  INFO      eds_loader.loader  Read 2 dataset(s) from source, 3 total row(s)
2026-08-24 15:51:02,388  DEBUG     eds_loader.loader    customers: 2 row(s), 1 column(s)
2026-08-24 15:51:02,388  DEBUG     eds_loader.loader    orders: 1 row(s), 2 column(s)
2026-08-24 15:51:02,388  DEBUG     eds_loader.loader  Constraint enforcement enabled — forwarding schema metadata to target
2026-08-24 15:51:02,388  INFO      eds_loader.loader  Writing 2 table(s) to target
2026-08-24 15:51:02,388  INFO      eds_loader.loader  Load complete: 3 row(s) written across 2 table(s)
2026-08-24 15:51:02,391  INFO      eds_loader.loader  Starting load: source=mock_source target=mock_target schema_required=True enforce_constraints=True
2026-08-24 15:51:02,391  DEBUG     eds_loader.loader  Source connector instantiated: MagicMock
2026-08-24 15:51:02,391  DEBUG     eds_loader.loader  Target connector instantiated: MagicMock
2026-08-24 15:51:02,391  INFO      eds_loader.loader  Reading schema.json from source
2026-08-24 15:51:02,391  DEBUG     eds_loader.loader  schema.json contains 2 dataset definition(s)
2026-08-24 15:51:02,391  INFO      eds_loader.loader  Loading 2 table(s): customers, orders
2026-08-24 15:51:02,391  INFO      eds_loader.loader  Read 2 dataset(s) from source, 3 total row(s)
2026-08-24 15:51:02,391  DEBUG     eds_loader.loader    customers: 2 row(s), 1 column(s)
2026-08-24 15:51:02,391  DEBUG     eds_loader.loader    orders: 1 row(s), 2 column(s)
2026-08-24 15:51:02,391  DEBUG     eds_loader.loader  Constraint enforcement enabled — forwarding schema metadata to target
2026-08-24 15:51:02,391  INFO      eds_loader.loader  Writing 2 table(s) to target
2026-08-24 15:51:02,391  INFO      eds_loader.loader  Load complete: 3 row(s) written across 2 table(s)
2026-08-24 15:51:02,394  INFO      eds_loader.loader  Starting load: source=mock_source target=mock_target schema_required=True enforce_constraints=False
2026-08-24 15:51:02,394  DEBUG     eds_loader.loader  Source connector instantiated: MagicMock
2026-08-24 15:51:02,394  DEBUG     eds_loader.loader  Target connector instantiated: MagicMock
2026-08-24 15:51:02,394  INFO      eds_loader.loader  Reading schema.json from source
2026-08-24 15:51:02,394  DEBUG     eds_loader.loader  schema.json contains 2 dataset definition(s)
2026-08-24 15:51:02,394  INFO      eds_loader.loader  Loading 2 table(s): customers, orders
2026-08-24 15:51:02,394  INFO      eds_loader.loader  Read 2 dataset(s) from source, 3 total row(s)
2026-08-24 15:51:02,394  DEBUG     eds_loader.loader    customers: 2 row(s), 1 column(s)
2026-08-24 15:51:02,394  DEBUG     eds_loader.loader    orders: 1 row(s), 2 column(s)
2026-08-24 15:51:02,394  DEBUG     eds_loader.loader  Constraint enforcement disabled — target will create plain tables
2026-08-24 15:51:02,394  INFO      eds_loader.loader  Writing 2 table(s) to target
2026-08-24 15:51:02,394  INFO      eds_loader.loader  Load complete: 3 row(s) written across 2 table(s)
2026-08-24 15:51:02,397  INFO      eds_loader.loader  Starting load: source=mock_source target=mock_target schema_required=True enforce_constraints=True
2026-08-24 15:51:02,397  DEBUG     eds_loader.loader  Source connector instantiated: MagicMock
2026-08-24 15:51:02,397  DEBUG     eds_loader.loader  Target connector instantiated: MagicMock
2026-08-24 15:51:02,397  INFO      eds_loader.loader  Reading schema.json from source
2026-08-24 15:51:02,397  DEBUG     eds_loader.loader  schema.json contains 2 dataset definition(s)
2026-08-24 15:51:02,397  INFO      eds_loader.loader  Loading 2 table(s): customers, orders
2026-08-24 15:51:02,397  INFO      eds_loader.loader  Read 2 dataset(s) from source, 3 total row(s)
2026-08-24 15:51:02,397  DEBUG     eds_loader.loader    customers: 2 row(s), 1 column(s)
2026-08-24 15:51:02,397  DEBUG     eds_loader.loader    orders: 1 row(s), 2 column(s)
2026-08-24 15:51:02,397  DEBUG     eds_loader.loader  Constraint enforcement enabled — forwarding schema metadata to target
2026-08-24 15:51:02,397  INFO      eds_loader.loader  Writing 2 table(s) to target
2026-08-24 15:51:02,397  INFO      eds_loader.loader  Load complete: 3 row(s) written across 2 table(s)
2026-08-24 15:51:02,399  INFO      eds_loader.loader  Starting load: source=mock_source target=mock_target schema_required=True enforce_constraints=True
2026-08-24 15:51:02,399  DEBUG     eds_loader.loader  Source connector instantiated: MagicMock
2026-08-24 15:51:02,399  DEBUG     eds_loader.loader  Target connector instantiated: MagicMock
2026-08-24 15:51:02,399  INFO      eds_loader.loader  Reading schema.json from source
2026-08-24 15:51:02,399  DEBUG     eds_loader.loader  schema.json contains 2 dataset definition(s)
2026-08-24 15:51:02,399  INFO      eds_loader.loader  Loading 1 table(s): customers
2026-08-24 15:51:02,399  INFO      eds_loader.loader  Read 1 dataset(s) from source, 1 total row(s)
2026-08-24 15:51:02,400  DEBUG     eds_loader.loader    customers: 1 row(s), 1 column(s)
2026-08-24 15:51:02,400  DEBUG     eds_loader.loader  Constraint enforcement enabled — forwarding schema metadata to target
2026-08-24 15:51:02,400  INFO      eds_loader.loader  Writing 1 table(s) to target
2026-08-24 15:51:02,400  INFO      eds_loader.loader  Load complete: 1 row(s) written across 1 table(s)
2026-08-24 15:51:02,402  INFO      eds_loader.loader  Starting load: source=mock_source target=mock_target schema_required=True enforce_constraints=True
2026-08-24 15:51:02,402  DEBUG     eds_loader.loader  Source connector instantiated: MagicMock
2026-08-24 15:51:02,402  DEBUG     eds_loader.loader  Target connector instantiated: MagicMock
2026-08-24 15:51:02,402  INFO      eds_loader.loader  Reading schema.json from source
2026-08-24 15:51:02,402  DEBUG     eds_loader.loader  schema.json contains 2 dataset definition(s)
2026-08-24 15:51:02,404  INFO      eds_loader.loader  Starting load: source=write_only target=mock_target2 schema_required=True enforce_constraints=True
2026-08-24 15:51:02,404  DEBUG     eds_loader.loader  Source connector instantiated: MagicMock
2026-08-24 15:51:02,404  DEBUG     eds_loader.loader  Target connector instantiated: MagicMock
2026-08-24 15:51:02,406  INFO      eds_loader.loader  Starting load: source=mock_source2 target=read_only_target schema_required=True enforce_constraints=True
2026-08-24 15:51:02,406  DEBUG     eds_loader.loader  Source connector instantiated: MagicMock
2026-08-24 15:51:02,406  DEBUG     eds_loader.loader  Target connector instantiated: MagicMock
2026-08-24 15:51:02,417  DEBUG     eds_loader.connectors.local_fs  Reading schema.json from C:\Users\Mohit Patel\AppData\Local\Temp\pytest-of-spmohit\pytest-24\test_read_schema_metadata_retu0\schema.json
2026-08-24 15:51:02,418  DEBUG     eds_loader.connectors.local_fs  schema.json parsed: 2 dataset(s)
2026-08-24 15:51:02,425  DEBUG     eds_loader.connectors.local_fs  Reading schema.json from C:\Users\Mohit Patel\AppData\Local\Temp\pytest-of-spmohit\pytest-24\test_read_schema_metadata_cont0\schema.json
2026-08-24 15:51:02,426  DEBUG     eds_loader.connectors.local_fs  schema.json parsed: 2 dataset(s)
2026-08-24 15:51:02,432  DEBUG     eds_loader.connectors.local_fs  Reading schema.json from C:\Users\Mohit Patel\AppData\Local\Temp\pytest-of-spmohit\pytest-24\test_read_schema_metadata_corr0\schema.json
2026-08-24 15:51:02,437  DEBUG     eds_loader.connectors.local_fs  Reading schema.json from C:\Users\Mohit Patel\AppData\Local\Temp\pytest-of-spmohit\pytest-24\test_read_schema_metadata_empt0\schema.json
2026-08-24 15:51:02,444  DEBUG     eds_loader.connectors.local_fs  Auto-discovered 2 parquet file(s) in C:\Users\Mohit Patel\AppData\Local\Temp\pytest-of-spmohit\pytest-24\test_read_datasets_none_reads_0
2026-08-24 15:51:02,446  INFO      eds_loader.connectors.local_fs  Read customers: 3 row(s) from C:\Users\Mohit Patel\AppData\Local\Temp\pytest-of-spmohit\pytest-24\test_read_datasets_none_reads_0\customers.parquet
2026-08-24 15:51:02,447  INFO      eds_loader.connectors.local_fs  Read orders: 2 row(s) from C:\Users\Mohit Patel\AppData\Local\Temp\pytest-of-spmohit\pytest-24\test_read_datasets_none_reads_0\orders.parquet
2026-08-24 15:51:02,453  DEBUG     eds_loader.connectors.local_fs  Auto-discovered 1 parquet file(s) in C:\Users\Mohit Patel\AppData\Local\Temp\pytest-of-spmohit\pytest-24\test_read_datasets_none_ignore0
2026-08-24 15:51:02,455  INFO      eds_loader.connectors.local_fs  Read data: 1 row(s) from C:\Users\Mohit Patel\AppData\Local\Temp\pytest-of-spmohit\pytest-24\test_read_datasets_none_ignore0\data.parquet
2026-08-24 15:51:02,462  DEBUG     eds_loader.connectors.local_fs  Auto-discovered 2 parquet file(s) in C:\Users\Mohit Patel\AppData\Local\Temp\pytest-of-spmohit\pytest-24\test_read_datasets_none_return0
2026-08-24 15:51:02,465  INFO      eds_loader.connectors.local_fs  Read customers: 3 row(s) from C:\Users\Mohit Patel\AppData\Local\Temp\pytest-of-spmohit\pytest-24\test_read_datasets_none_return0\customers.parquet
2026-08-24 15:51:02,468  INFO      eds_loader.connectors.local_fs  Read orders: 2 row(s) from C:\Users\Mohit Patel\AppData\Local\Temp\pytest-of-spmohit\pytest-24\test_read_datasets_none_return0\orders.parquet
2026-08-24 15:51:02,471  DEBUG     eds_loader.connectors.local_fs  Auto-discovered 0 parquet file(s) in C:\Users\Mohit Patel\AppData\Local\Temp\pytest-of-spmohit\pytest-24\test_read_datasets_none_empty_0
2026-08-24 15:51:02,479  INFO      eds_loader.connectors.local_fs  Read customers: 3 row(s) from C:\Users\Mohit Patel\AppData\Local\Temp\pytest-of-spmohit\pytest-24\test_read_datasets_explicit_na0\customers.parquet
2026-08-24 15:51:02,487  INFO      eds_loader.connectors.local_fs  Read customers: 3 row(s) from C:\Users\Mohit Patel\AppData\Local\Temp\pytest-of-spmohit\pytest-24\test_read_datasets_explicit_pr0\customers.parquet
2026-08-24 15:51:02,501  INFO      eds_loader.connectors.local_fs  Read customers: 3 row(s) from C:\Users\Mohit Patel\AppData\Local\Temp\pytest-of-spmohit\pytest-24\test_read_datasets_one_missing0\customers.parquet
2026-08-24 15:51:02,506  INFO      eds_loader.connectors.local_fs  Wrote customers: 3 row(s) to C:\Users\Mohit Patel\AppData\Local\Temp\pytest-of-spmohit\pytest-24\test_write_datasets_creates_di0\deep\nested\dir\customers.parquet
2026-08-24 15:51:02,507  INFO      eds_loader.connectors.local_fs  Wrote orders: 2 row(s) to C:\Users\Mohit Patel\AppData\Local\Temp\pytest-of-spmohit\pytest-24\test_write_datasets_creates_di0\deep\nested\dir\orders.parquet
2026-08-24 15:51:02,512  INFO      eds_loader.connectors.local_fs  Wrote customers: 3 row(s) to C:\Users\Mohit Patel\AppData\Local\Temp\pytest-of-spmohit\pytest-24\test_write_datasets_writes_par0\customers.parquet
2026-08-24 15:51:02,513  INFO      eds_loader.connectors.local_fs  Wrote orders: 2 row(s) to C:\Users\Mohit Patel\AppData\Local\Temp\pytest-of-spmohit\pytest-24\test_write_datasets_writes_par0\orders.parquet
2026-08-24 15:51:02,518  INFO      eds_loader.connectors.local_fs  Wrote customers: 3 row(s) to C:\Users\Mohit Patel\AppData\Local\Temp\pytest-of-spmohit\pytest-24\test_write_datasets_returns_on0\customers.parquet
2026-08-24 15:51:02,519  INFO      eds_loader.connectors.local_fs  Wrote orders: 2 row(s) to C:\Users\Mohit Patel\AppData\Local\Temp\pytest-of-spmohit\pytest-24\test_write_datasets_returns_on0\orders.parquet
2026-08-24 15:51:02,525  INFO      eds_loader.connectors.local_fs  Wrote customers: 3 row(s) to C:\Users\Mohit Patel\AppData\Local\Temp\pytest-of-spmohit\pytest-24\test_write_datasets_result_row0\customers.parquet
2026-08-24 15:51:02,526  INFO      eds_loader.connectors.local_fs  Wrote orders: 2 row(s) to C:\Users\Mohit Patel\AppData\Local\Temp\pytest-of-spmohit\pytest-24\test_write_datasets_result_row0\orders.parquet
2026-08-24 15:51:02,531  INFO      eds_loader.connectors.local_fs  Wrote customers: 3 row(s) to C:\Users\Mohit Patel\AppData\Local\Temp\pytest-of-spmohit\pytest-24\test_write_datasets_result_loc0\customers.parquet
2026-08-24 15:51:02,532  INFO      eds_loader.connectors.local_fs  Wrote orders: 2 row(s) to C:\Users\Mohit Patel\AppData\Local\Temp\pytest-of-spmohit\pytest-24\test_write_datasets_result_loc0\orders.parquet
2026-08-24 15:51:02,537  INFO      eds_loader.connectors.local_fs  Wrote data: 3 row(s) to C:\Users\Mohit Patel\AppData\Local\Temp\pytest-of-spmohit\pytest-24\test_write_datasets_overwrites0\data.parquet
2026-08-24 15:51:02,538  INFO      eds_loader.connectors.local_fs  Wrote data: 1 row(s) to C:\Users\Mohit Patel\AppData\Local\Temp\pytest-of-spmohit\pytest-24\test_write_datasets_overwrites0\data.parquet
2026-08-24 15:51:02,544  INFO      eds_loader.connectors.local_fs  Wrote customers: 3 row(s) to C:\Users\Mohit Patel\AppData\Local\Temp\pytest-of-spmohit\pytest-24\test_write_datasets_writes_sch0\customers.parquet
2026-08-24 15:51:02,545  INFO      eds_loader.connectors.local_fs  Wrote orders: 2 row(s) to C:\Users\Mohit Patel\AppData\Local\Temp\pytest-of-spmohit\pytest-24\test_write_datasets_writes_sch0\orders.parquet
2026-08-24 15:51:02,545  DEBUG     eds_loader.connectors.local_fs  Merging schema.json at target
2026-08-24 15:51:02,566  INFO      eds_loader.connectors.local_fs  Wrote customers: 3 row(s) to C:\Users\Mohit Patel\AppData\Local\Temp\pytest-of-spmohit\pytest-24\test_write_datasets_skips_sche0\customers.parquet
2026-08-24 15:51:02,567  INFO      eds_loader.connectors.local_fs  Wrote orders: 2 row(s) to C:\Users\Mohit Patel\AppData\Local\Temp\pytest-of-spmohit\pytest-24\test_write_datasets_skips_sche0\orders.parquet
2026-08-24 15:51:02,574  INFO      eds_loader.connectors.local_fs  Wrote customers: 3 row(s) to C:\Users\Mohit Patel\AppData\Local\Temp\pytest-of-spmohit\pytest-24\test_write_datasets_merges_sch0\customers.parquet
2026-08-24 15:51:02,575  INFO      eds_loader.connectors.local_fs  Wrote orders: 2 row(s) to C:\Users\Mohit Patel\AppData\Local\Temp\pytest-of-spmohit\pytest-24\test_write_datasets_merges_sch0\orders.parquet
2026-08-24 15:51:02,576  DEBUG     eds_loader.connectors.local_fs  Merging schema.json at target
2026-08-24 15:51:02,584  INFO      eds_loader.connectors.local_fs  Wrote customers: 3 row(s) to C:\Users\Mohit Patel\AppData\Local\Temp\pytest-of-spmohit\pytest-24\test_write_datasets_corrupt_ex0\customers.parquet
2026-08-24 15:51:02,585  INFO      eds_loader.connectors.local_fs  Wrote orders: 2 row(s) to C:\Users\Mohit Patel\AppData\Local\Temp\pytest-of-spmohit\pytest-24\test_write_datasets_corrupt_ex0\orders.parquet
2026-08-24 15:51:02,586  DEBUG     eds_loader.connectors.local_fs  Merging schema.json at target
2026-08-24 15:51:02,594  INFO      eds_loader.connectors.local_fs  Wrote customers: 3 row(s) to C:\Users\Mohit Patel\AppData\Local\Temp\pytest-of-spmohit\pytest-24\test_round_trip_dataframes_mat0\customers.parquet
2026-08-24 15:51:02,595  INFO      eds_loader.connectors.local_fs  Wrote orders: 2 row(s) to C:\Users\Mohit Patel\AppData\Local\Temp\pytest-of-spmohit\pytest-24\test_round_trip_dataframes_mat0\orders.parquet
2026-08-24 15:51:02,595  DEBUG     eds_loader.connectors.local_fs  Merging schema.json at target
2026-08-24 15:51:02,597  INFO      eds_loader.connectors.local_fs  Read customers: 3 row(s) from C:\Users\Mohit Patel\AppData\Local\Temp\pytest-of-spmohit\pytest-24\test_round_trip_dataframes_mat0\customers.parquet
2026-08-24 15:51:02,599  INFO      eds_loader.connectors.local_fs  Read orders: 2 row(s) from C:\Users\Mohit Patel\AppData\Local\Temp\pytest-of-spmohit\pytest-24\test_round_trip_dataframes_mat0\orders.parquet
2026-08-24 15:51:02,604  INFO      eds_loader.connectors.local_fs  Wrote customers: 3 row(s) to C:\Users\Mohit Patel\AppData\Local\Temp\pytest-of-spmohit\pytest-24\test_round_trip_schema_survive0\customers.parquet
2026-08-24 15:51:02,605  INFO      eds_loader.connectors.local_fs  Wrote orders: 2 row(s) to C:\Users\Mohit Patel\AppData\Local\Temp\pytest-of-spmohit\pytest-24\test_round_trip_schema_survive0\orders.parquet
2026-08-24 15:51:02,606  DEBUG     eds_loader.connectors.local_fs  Merging schema.json at target
2026-08-24 15:51:02,606  DEBUG     eds_loader.connectors.local_fs  Reading schema.json from C:\Users\Mohit Patel\AppData\Local\Temp\pytest-of-spmohit\pytest-24\test_round_trip_schema_survive0\schema.json
2026-08-24 15:51:02,609  DEBUG     eds_loader.connectors.local_fs  schema.json parsed: 2 dataset(s)
2026-08-24 15:51:02,616  INFO      eds_loader.loader  Starting load: source=local_fs target=local_fs schema_required=True enforce_constraints=True
2026-08-24 15:51:02,616  DEBUG     eds_loader.loader  Source connector instantiated: LocalFSConnector
2026-08-24 15:51:02,616  DEBUG     eds_loader.loader  Target connector instantiated: LocalFSConnector
2026-08-24 15:51:02,616  INFO      eds_loader.loader  Reading schema.json from source
2026-08-24 15:51:02,616  DEBUG     eds_loader.connectors.local_fs  Reading schema.json from C:\Users\Mohit Patel\AppData\Local\Temp\pytest-of-spmohit\pytest-24\test_integration_local_to_loca0\schema.json
2026-08-24 15:51:02,618  DEBUG     eds_loader.connectors.local_fs  schema.json parsed: 2 dataset(s)
2026-08-24 15:51:02,618  DEBUG     eds_loader.loader  schema.json contains 2 dataset definition(s)
2026-08-24 15:51:02,619  INFO      eds_loader.loader  Loading 2 table(s): customers, orders
2026-08-24 15:51:02,621  INFO      eds_loader.connectors.local_fs  Read customers: 3 row(s) from C:\Users\Mohit Patel\AppData\Local\Temp\pytest-of-spmohit\pytest-24\test_integration_local_to_loca0\customers.parquet
2026-08-24 15:51:02,624  INFO      eds_loader.connectors.local_fs  Read orders: 2 row(s) from C:\Users\Mohit Patel\AppData\Local\Temp\pytest-of-spmohit\pytest-24\test_integration_local_to_loca0\orders.parquet
2026-08-24 15:51:02,624  INFO      eds_loader.loader  Read 2 dataset(s) from source, 5 total row(s)
2026-08-24 15:51:02,624  DEBUG     eds_loader.loader    customers: 3 row(s), 2 column(s)
2026-08-24 15:51:02,624  DEBUG     eds_loader.loader    orders: 2 row(s), 2 column(s)
2026-08-24 15:51:02,624  DEBUG     eds_loader.loader  Constraint enforcement enabled — forwarding schema metadata to target
2026-08-24 15:51:02,624  INFO      eds_loader.loader  Writing 2 table(s) to target
2026-08-24 15:51:02,626  INFO      eds_loader.connectors.local_fs  Wrote customers: 3 row(s) to C:\Users\Mohit Patel\AppData\Local\Temp\pytest-of-spmohit\pytest-24\test_integration_local_to_loca0\target\customers.parquet
2026-08-24 15:51:02,627  INFO      eds_loader.connectors.local_fs  Wrote orders: 2 row(s) to C:\Users\Mohit Patel\AppData\Local\Temp\pytest-of-spmohit\pytest-24\test_integration_local_to_loca0\target\orders.parquet
2026-08-24 15:51:02,627  DEBUG     eds_loader.connectors.local_fs  Merging schema.json at target
2026-08-24 15:51:02,627  INFO      eds_loader.loader  Load complete: 5 row(s) written across 2 table(s)
2026-08-24 15:51:02,634  INFO      eds_loader.loader  Starting load: source=local_fs target=local_fs schema_required=True enforce_constraints=True
2026-08-24 15:51:02,634  DEBUG     eds_loader.loader  Source connector instantiated: LocalFSConnector
2026-08-24 15:51:02,634  DEBUG     eds_loader.loader  Target connector instantiated: LocalFSConnector
2026-08-24 15:51:02,634  INFO      eds_loader.loader  Reading schema.json from source
2026-08-24 15:51:02,635  DEBUG     eds_loader.connectors.local_fs  Reading schema.json from C:\Users\Mohit Patel\AppData\Local\Temp\pytest-of-spmohit\pytest-24\test_integration_table_subset_0\schema.json
2026-08-24 15:51:02,636  DEBUG     eds_loader.connectors.local_fs  schema.json parsed: 2 dataset(s)
2026-08-24 15:51:02,636  DEBUG     eds_loader.loader  schema.json contains 2 dataset definition(s)
2026-08-24 15:51:02,636  INFO      eds_loader.loader  Loading 1 table(s): customers
2026-08-24 15:51:02,639  INFO      eds_loader.connectors.local_fs  Read customers: 3 row(s) from C:\Users\Mohit Patel\AppData\Local\Temp\pytest-of-spmohit\pytest-24\test_integration_table_subset_0\customers.parquet
2026-08-24 15:51:02,639  INFO      eds_loader.loader  Read 1 dataset(s) from source, 3 total row(s)
2026-08-24 15:51:02,639  DEBUG     eds_loader.loader    customers: 3 row(s), 2 column(s)
2026-08-24 15:51:02,639  DEBUG     eds_loader.loader  Constraint enforcement enabled — forwarding schema metadata to target
2026-08-24 15:51:02,639  INFO      eds_loader.loader  Writing 1 table(s) to target
2026-08-24 15:51:02,641  INFO      eds_loader.connectors.local_fs  Wrote customers: 3 row(s) to C:\Users\Mohit Patel\AppData\Local\Temp\pytest-of-spmohit\pytest-24\test_integration_table_subset_0\target_subset\customers.parquet
2026-08-24 15:51:02,641  DEBUG     eds_loader.connectors.local_fs  Merging schema.json at target
2026-08-24 15:51:02,642  INFO      eds_loader.loader  Load complete: 3 row(s) written across 1 table(s)
2026-08-24 15:51:02,648  INFO      eds_loader.loader  Starting load: source=local_fs target=local_fs schema_required=True enforce_constraints=True
2026-08-24 15:51:02,648  DEBUG     eds_loader.loader  Source connector instantiated: LocalFSConnector
2026-08-24 15:51:02,648  DEBUG     eds_loader.loader  Target connector instantiated: LocalFSConnector
2026-08-24 15:51:02,648  INFO      eds_loader.loader  Reading schema.json from source
2026-08-24 15:51:02,649  DEBUG     eds_loader.connectors.local_fs  Reading schema.json from C:\Users\Mohit Patel\AppData\Local\Temp\pytest-of-spmohit\pytest-24\test_integration_schema_json_w0\schema.json
2026-08-24 15:51:02,650  DEBUG     eds_loader.connectors.local_fs  schema.json parsed: 2 dataset(s)
2026-08-24 15:51:02,650  DEBUG     eds_loader.loader  schema.json contains 2 dataset definition(s)
2026-08-24 15:51:02,650  INFO      eds_loader.loader  Loading 2 table(s): customers, orders
2026-08-24 15:51:02,653  INFO      eds_loader.connectors.local_fs  Read customers: 3 row(s) from C:\Users\Mohit Patel\AppData\Local\Temp\pytest-of-spmohit\pytest-24\test_integration_schema_json_w0\customers.parquet
2026-08-24 15:51:02,656  INFO      eds_loader.connectors.local_fs  Read orders: 2 row(s) from C:\Users\Mohit Patel\AppData\Local\Temp\pytest-of-spmohit\pytest-24\test_integration_schema_json_w0\orders.parquet
2026-08-24 15:51:02,656  INFO      eds_loader.loader  Read 2 dataset(s) from source, 5 total row(s)
2026-08-24 15:51:02,657  DEBUG     eds_loader.loader    customers: 3 row(s), 2 column(s)
2026-08-24 15:51:02,657  DEBUG     eds_loader.loader    orders: 2 row(s), 2 column(s)
2026-08-24 15:51:02,657  DEBUG     eds_loader.loader  Constraint enforcement enabled — forwarding schema metadata to target
2026-08-24 15:51:02,657  INFO      eds_loader.loader  Writing 2 table(s) to target
2026-08-24 15:51:02,659  INFO      eds_loader.connectors.local_fs  Wrote customers: 3 row(s) to C:\Users\Mohit Patel\AppData\Local\Temp\pytest-of-spmohit\pytest-24\test_integration_schema_json_w0\target_schema\customers.parquet
2026-08-24 15:51:02,660  INFO      eds_loader.connectors.local_fs  Wrote orders: 2 row(s) to C:\Users\Mohit Patel\AppData\Local\Temp\pytest-of-spmohit\pytest-24\test_integration_schema_json_w0\target_schema\orders.parquet
2026-08-24 15:51:02,660  DEBUG     eds_loader.connectors.local_fs  Merging schema.json at target
2026-08-24 15:51:02,661  INFO      eds_loader.loader  Load complete: 5 row(s) written across 2 table(s)
2026-08-24 15:51:02,668  INFO      eds_loader.loader  Starting load: source=local_fs target=local_fs schema_required=True enforce_constraints=False
2026-08-24 15:51:02,668  DEBUG     eds_loader.loader  Source connector instantiated: LocalFSConnector
2026-08-24 15:51:02,668  DEBUG     eds_loader.loader  Target connector instantiated: LocalFSConnector
2026-08-24 15:51:02,668  INFO      eds_loader.loader  Reading schema.json from source
2026-08-24 15:51:02,669  DEBUG     eds_loader.connectors.local_fs  Reading schema.json from C:\Users\Mohit Patel\AppData\Local\Temp\pytest-of-spmohit\pytest-24\test_integration_schema_json_n0\schema.json
2026-08-24 15:51:02,671  DEBUG     eds_loader.connectors.local_fs  schema.json parsed: 2 dataset(s)
2026-08-24 15:51:02,671  DEBUG     eds_loader.loader  schema.json contains 2 dataset definition(s)
2026-08-24 15:51:02,671  INFO      eds_loader.loader  Loading 2 table(s): customers, orders
2026-08-24 15:51:02,674  INFO      eds_loader.connectors.local_fs  Read customers: 3 row(s) from C:\Users\Mohit Patel\AppData\Local\Temp\pytest-of-spmohit\pytest-24\test_integration_schema_json_n0\customers.parquet
2026-08-24 15:51:02,676  INFO      eds_loader.connectors.local_fs  Read orders: 2 row(s) from C:\Users\Mohit Patel\AppData\Local\Temp\pytest-of-spmohit\pytest-24\test_integration_schema_json_n0\orders.parquet
2026-08-24 15:51:02,676  INFO      eds_loader.loader  Read 2 dataset(s) from source, 5 total row(s)
2026-08-24 15:51:02,676  DEBUG     eds_loader.loader    customers: 3 row(s), 2 column(s)
2026-08-24 15:51:02,676  DEBUG     eds_loader.loader    orders: 2 row(s), 2 column(s)
2026-08-24 15:51:02,676  DEBUG     eds_loader.loader  Constraint enforcement disabled — target will create plain tables
2026-08-24 15:51:02,676  INFO      eds_loader.loader  Writing 2 table(s) to target
2026-08-24 15:51:02,677  INFO      eds_loader.connectors.local_fs  Wrote customers: 3 row(s) to C:\Users\Mohit Patel\AppData\Local\Temp\pytest-of-spmohit\pytest-24\test_integration_schema_json_n0\target_no_schema\customers.parquet
2026-08-24 15:51:02,678  INFO      eds_loader.connectors.local_fs  Wrote orders: 2 row(s) to C:\Users\Mohit Patel\AppData\Local\Temp\pytest-of-spmohit\pytest-24\test_integration_schema_json_n0\target_no_schema\orders.parquet
2026-08-24 15:51:02,679  INFO      eds_loader.loader  Load complete: 5 row(s) written across 2 table(s)
2026-08-24 15:51:02,693  INFO      eds_loader.connectors.mongodb  Connected to MongoDB localhost:27017/test_db
2026-08-24 15:51:02,693  DEBUG     eds_loader.connectors.mongodb  [customers] dropping existing collection
2026-08-24 15:51:02,693  DEBUG     eds_loader.connectors.mongodb  [customers] inserting 3 document(s)
2026-08-24 15:51:02,694  INFO      eds_loader.connectors.mongodb  [customers] wrote 3 document(s) in 0.00s
2026-08-24 15:51:02,694  DEBUG     eds_loader.connectors.mongodb  [orders] dropping existing collection
2026-08-24 15:51:02,694  DEBUG     eds_loader.connectors.mongodb  [orders] inserting 2 document(s)
2026-08-24 15:51:02,694  INFO      eds_loader.connectors.mongodb  [orders] wrote 2 document(s) in 0.00s
2026-08-24 15:51:02,696  INFO      eds_loader.connectors.mongodb  Connected to MongoDB localhost:27017/test_db
2026-08-24 15:51:02,696  DEBUG     eds_loader.connectors.mongodb  [data] dropping existing collection
2026-08-24 15:51:02,696  DEBUG     eds_loader.connectors.mongodb  [data] inserting 2 document(s)
2026-08-24 15:51:02,696  INFO      eds_loader.connectors.mongodb  [data] wrote 2 document(s) in 0.00s
2026-08-24 15:51:02,698  INFO      eds_loader.connectors.mongodb  Connected to MongoDB localhost:27017/test_db
2026-08-24 15:51:02,698  DEBUG     eds_loader.connectors.mongodb  [t] dropping existing collection
2026-08-24 15:51:02,698  DEBUG     eds_loader.connectors.mongodb  [t] inserting 1 document(s)
2026-08-24 15:51:02,698  INFO      eds_loader.connectors.mongodb  [t] wrote 1 document(s) in 0.00s
2026-08-24 15:51:02,699  INFO      eds_loader.connectors.mongodb  Connected to MongoDB localhost:27017/test_db
2026-08-24 15:51:02,699  DEBUG     eds_loader.connectors.mongodb  [empty] dropping existing collection
2026-08-24 15:51:02,700  INFO      eds_loader.connectors.mongodb  [empty] wrote 0 document(s) in 0.00s
2026-08-24 15:51:02,701  INFO      eds_loader.connectors.mongodb  Connected to MongoDB localhost:27017/test_db
2026-08-24 15:51:02,701  DEBUG     eds_loader.connectors.mongodb  [empty] dropping existing collection
2026-08-24 15:51:02,701  INFO      eds_loader.connectors.mongodb  [empty] wrote 0 document(s) in 0.00s
2026-08-24 15:51:02,703  INFO      eds_loader.connectors.mongodb  Connected to MongoDB localhost:27017/test_db
2026-08-24 15:51:02,703  DEBUG     eds_loader.connectors.mongodb  [customers] dropping existing collection
2026-08-24 15:51:02,703  DEBUG     eds_loader.connectors.mongodb  [customers] inserting 3 document(s)
2026-08-24 15:51:02,704  INFO      eds_loader.connectors.mongodb  [customers] wrote 3 document(s) in 0.00s
2026-08-24 15:51:02,704  DEBUG     eds_loader.connectors.mongodb  [orders] dropping existing collection
2026-08-24 15:51:02,704  DEBUG     eds_loader.connectors.mongodb  [orders] inserting 2 document(s)
2026-08-24 15:51:02,705  INFO      eds_loader.connectors.mongodb  [orders] wrote 2 document(s) in 0.00s
2026-08-24 15:51:02,706  INFO      eds_loader.connectors.mongodb  Connected to MongoDB localhost:27017/test_db
2026-08-24 15:51:02,706  DEBUG     eds_loader.connectors.mongodb  [customers] dropping existing collection
2026-08-24 15:51:02,707  DEBUG     eds_loader.connectors.mongodb  [customers] inserting 3 document(s)
2026-08-24 15:51:02,707  INFO      eds_loader.connectors.mongodb  [customers] wrote 3 document(s) in 0.00s
2026-08-24 15:51:02,707  DEBUG     eds_loader.connectors.mongodb  [orders] dropping existing collection
2026-08-24 15:51:02,707  DEBUG     eds_loader.connectors.mongodb  [orders] inserting 2 document(s)
2026-08-24 15:51:02,707  INFO      eds_loader.connectors.mongodb  [orders] wrote 2 document(s) in 0.00s
2026-08-24 15:51:02,709  INFO      eds_loader.connectors.mongodb  Connected to MongoDB mgserver:27020/mydb
2026-08-24 15:51:02,709  DEBUG     eds_loader.connectors.mongodb  [tbl] dropping existing collection
2026-08-24 15:51:02,709  DEBUG     eds_loader.connectors.mongodb  [tbl] inserting 1 document(s)
2026-08-24 15:51:02,709  INFO      eds_loader.connectors.mongodb  [tbl] wrote 1 document(s) in 0.00s
2026-08-24 15:51:02,710  INFO      eds_loader.connectors.mongodb  Connected to MongoDB localhost:27017/test_db
2026-08-24 15:51:02,711  DEBUG     eds_loader.connectors.mongodb  [z] dropping existing collection
2026-08-24 15:51:02,711  DEBUG     eds_loader.connectors.mongodb  [z] inserting 1 document(s)
2026-08-24 15:51:02,711  INFO      eds_loader.connectors.mongodb  [z] wrote 1 document(s) in 0.00s
2026-08-24 15:51:02,711  DEBUG     eds_loader.connectors.mongodb  [a] dropping existing collection
2026-08-24 15:51:02,713  DEBUG     eds_loader.connectors.mongodb  [a] inserting 1 document(s)
2026-08-24 15:51:02,713  INFO      eds_loader.connectors.mongodb  [a] wrote 1 document(s) in 0.00s
2026-08-24 15:51:02,715  INFO      eds_loader.connectors.mongodb  Connected to MongoDB localhost:27017/test_db
2026-08-24 15:51:02,715  DEBUG     eds_loader.connectors.mongodb  [orders] dropping existing collection
2026-08-24 15:51:02,715  DEBUG     eds_loader.connectors.mongodb  [orders] inserting 1 document(s)
2026-08-24 15:51:02,715  DEBUG     eds_loader.connectors.mongodb  [orders] creating indexes from schema metadata
2026-08-24 15:51:02,716  INFO      eds_loader.connectors.mongodb  [orders] wrote 1 document(s) in 0.00s
2026-08-24 15:51:02,716  DEBUG     eds_loader.connectors.mongodb  [customers] dropping existing collection
2026-08-24 15:51:02,716  DEBUG     eds_loader.connectors.mongodb  [customers] inserting 1 document(s)
2026-08-24 15:51:02,716  DEBUG     eds_loader.connectors.mongodb  [customers] creating indexes from schema metadata
2026-08-24 15:51:02,716  INFO      eds_loader.connectors.mongodb  [customers] wrote 1 document(s) in 0.00s
2026-08-24 15:51:02,721  INFO      eds_loader.connectors.mongodb  Connected to MongoDB localhost:27017/test_db
2026-08-24 15:51:02,722  DEBUG     eds_loader.connectors.mongodb  [customers] dropping existing collection
2026-08-24 15:51:02,722  DEBUG     eds_loader.connectors.mongodb  [customers] inserting 1 document(s)
2026-08-24 15:51:02,722  DEBUG     eds_loader.connectors.mongodb  [customers] creating indexes from schema metadata
2026-08-24 15:51:02,722  INFO      eds_loader.connectors.mongodb  [customers] wrote 1 document(s) in 0.00s
2026-08-24 15:51:02,724  INFO      eds_loader.connectors.mongodb  Connected to MongoDB localhost:27017/test_db
2026-08-24 15:51:02,724  DEBUG     eds_loader.connectors.mongodb  [customers] dropping existing collection
2026-08-24 15:51:02,724  DEBUG     eds_loader.connectors.mongodb  [customers] inserting 1 document(s)
2026-08-24 15:51:02,724  DEBUG     eds_loader.connectors.mongodb  [customers] creating indexes from schema metadata
2026-08-24 15:51:02,724  INFO      eds_loader.connectors.mongodb  [customers] wrote 1 document(s) in 0.00s
2026-08-24 15:51:02,726  INFO      eds_loader.connectors.mongodb  Connected to MongoDB localhost:27017/test_db
2026-08-24 15:51:02,726  DEBUG     eds_loader.connectors.mongodb  [orders] dropping existing collection
2026-08-24 15:51:02,726  DEBUG     eds_loader.connectors.mongodb  [orders] inserting 1 document(s)
2026-08-24 15:51:02,726  DEBUG     eds_loader.connectors.mongodb  [orders] creating indexes from schema metadata
2026-08-24 15:51:02,726  INFO      eds_loader.connectors.mongodb  [orders] wrote 1 document(s) in 0.00s
2026-08-24 15:51:02,728  INFO      eds_loader.connectors.mongodb  Connected to MongoDB localhost:27017/test_db
2026-08-24 15:51:02,728  DEBUG     eds_loader.connectors.mongodb  [customers] dropping existing collection
2026-08-24 15:51:02,728  DEBUG     eds_loader.connectors.mongodb  [customers] inserting 1 document(s)
2026-08-24 15:51:02,728  INFO      eds_loader.connectors.mongodb  [customers] wrote 1 document(s) in 0.00s
2026-08-24 15:51:02,733  INFO      eds_loader.connectors.mongodb  Connected to MongoDB localhost:27017/test_db
2026-08-24 15:51:02,733  DEBUG     eds_loader.connectors.mongodb  [t] dropping existing collection
2026-08-24 15:51:02,733  ERROR     eds_loader.connectors.mongodb  [t] write failed: network error
2026-08-24 15:51:02,735  INFO      eds_loader.connectors.mongodb  Connected to MongoDB localhost:27017/test_db
2026-08-24 15:51:02,735  DEBUG     eds_loader.connectors.mongodb  [t] dropping existing collection
2026-08-24 15:51:02,735  DEBUG     eds_loader.connectors.mongodb  [t] inserting 1 document(s)
2026-08-24 15:51:02,735  ERROR     eds_loader.connectors.mongodb  [t] write failed: duplicate key
2026-08-24 15:51:02,746  INFO      eds_loader.loader  Starting load: source=local_fs target=mongodb schema_required=True enforce_constraints=True
2026-08-24 15:51:02,746  DEBUG     eds_loader.loader  Source connector instantiated: LocalFSConnector
2026-08-24 15:51:02,746  DEBUG     eds_loader.loader  Target connector instantiated: MongoDBConnector
2026-08-24 15:51:02,746  INFO      eds_loader.loader  Reading schema.json from source
2026-08-24 15:51:02,746  DEBUG     eds_loader.connectors.local_fs  Reading schema.json from C:\Users\Mohit Patel\AppData\Local\Temp\pytest-of-spmohit\pytest-24\test_integration_local_fs_to_m0\source\schema.json
2026-08-24 15:51:02,747  DEBUG     eds_loader.connectors.local_fs  schema.json parsed: 2 dataset(s)
2026-08-24 15:51:02,748  DEBUG     eds_loader.loader  schema.json contains 2 dataset definition(s)
2026-08-24 15:51:02,748  INFO      eds_loader.loader  Loading 2 table(s): customers, orders
2026-08-24 15:51:02,750  INFO      eds_loader.connectors.local_fs  Read customers: 3 row(s) from C:\Users\Mohit Patel\AppData\Local\Temp\pytest-of-spmohit\pytest-24\test_integration_local_fs_to_m0\source\customers.parquet
2026-08-24 15:51:02,752  INFO      eds_loader.connectors.local_fs  Read orders: 2 row(s) from C:\Users\Mohit Patel\AppData\Local\Temp\pytest-of-spmohit\pytest-24\test_integration_local_fs_to_m0\source\orders.parquet
2026-08-24 15:51:02,752  INFO      eds_loader.loader  Read 2 dataset(s) from source, 5 total row(s)
2026-08-24 15:51:02,752  DEBUG     eds_loader.loader    customers: 3 row(s), 2 column(s)
2026-08-24 15:51:02,752  DEBUG     eds_loader.loader    orders: 2 row(s), 3 column(s)
2026-08-24 15:51:02,752  DEBUG     eds_loader.loader  Constraint enforcement enabled — forwarding schema metadata to target
2026-08-24 15:51:02,752  INFO      eds_loader.loader  Writing 2 table(s) to target
2026-08-24 15:51:02,752  INFO      eds_loader.connectors.mongodb  Connected to MongoDB localhost:27017/test_db
2026-08-24 15:51:02,752  DEBUG     eds_loader.connectors.mongodb  [customers] dropping existing collection
2026-08-24 15:51:02,753  DEBUG     eds_loader.connectors.mongodb  [customers] inserting 3 document(s)
2026-08-24 15:51:02,753  DEBUG     eds_loader.connectors.mongodb  [customers] creating indexes from schema metadata
2026-08-24 15:51:02,753  INFO      eds_loader.connectors.mongodb  [customers] wrote 3 document(s) in 0.00s
2026-08-24 15:51:02,754  DEBUG     eds_loader.connectors.mongodb  [orders] dropping existing collection
2026-08-24 15:51:02,754  DEBUG     eds_loader.connectors.mongodb  [orders] inserting 2 document(s)
2026-08-24 15:51:02,754  DEBUG     eds_loader.connectors.mongodb  [orders] creating indexes from schema metadata
2026-08-24 15:51:02,754  INFO      eds_loader.connectors.mongodb  [orders] wrote 2 document(s) in 0.00s
2026-08-24 15:51:02,754  INFO      eds_loader.loader  Load complete: 5 row(s) written across 2 table(s)
2026-08-24 15:51:02,762  INFO      eds_loader.loader  Starting load: source=local_fs target=mongodb schema_required=True enforce_constraints=False
2026-08-24 15:51:02,762  DEBUG     eds_loader.loader  Source connector instantiated: LocalFSConnector
2026-08-24 15:51:02,762  DEBUG     eds_loader.loader  Target connector instantiated: MongoDBConnector
2026-08-24 15:51:02,762  INFO      eds_loader.loader  Reading schema.json from source
2026-08-24 15:51:02,762  DEBUG     eds_loader.connectors.local_fs  Reading schema.json from C:\Users\Mohit Patel\AppData\Local\Temp\pytest-of-spmohit\pytest-24\test_integration_enforce_false0\source2\schema.json
2026-08-24 15:51:02,765  DEBUG     eds_loader.connectors.local_fs  schema.json parsed: 2 dataset(s)
2026-08-24 15:51:02,765  DEBUG     eds_loader.loader  schema.json contains 2 dataset definition(s)
2026-08-24 15:51:02,765  INFO      eds_loader.loader  Loading 2 table(s): customers, orders
2026-08-24 15:51:02,767  INFO      eds_loader.connectors.local_fs  Read customers: 3 row(s) from C:\Users\Mohit Patel\AppData\Local\Temp\pytest-of-spmohit\pytest-24\test_integration_enforce_false0\source2\customers.parquet
2026-08-24 15:51:02,770  INFO      eds_loader.connectors.local_fs  Read orders: 2 row(s) from C:\Users\Mohit Patel\AppData\Local\Temp\pytest-of-spmohit\pytest-24\test_integration_enforce_false0\source2\orders.parquet
2026-08-24 15:51:02,770  INFO      eds_loader.loader  Read 2 dataset(s) from source, 5 total row(s)
2026-08-24 15:51:02,770  DEBUG     eds_loader.loader    customers: 3 row(s), 2 column(s)
2026-08-24 15:51:02,770  DEBUG     eds_loader.loader    orders: 2 row(s), 3 column(s)
2026-08-24 15:51:02,770  DEBUG     eds_loader.loader  Constraint enforcement disabled — target will create plain tables
2026-08-24 15:51:02,770  INFO      eds_loader.loader  Writing 2 table(s) to target
2026-08-24 15:51:02,770  INFO      eds_loader.connectors.mongodb  Connected to MongoDB localhost:27017/test_db
2026-08-24 15:51:02,771  DEBUG     eds_loader.connectors.mongodb  [customers] dropping existing collection
2026-08-24 15:51:02,771  DEBUG     eds_loader.connectors.mongodb  [customers] inserting 3 document(s)
2026-08-24 15:51:02,771  INFO      eds_loader.connectors.mongodb  [customers] wrote 3 document(s) in 0.00s
2026-08-24 15:51:02,771  DEBUG     eds_loader.connectors.mongodb  [orders] dropping existing collection
2026-08-24 15:51:02,771  DEBUG     eds_loader.connectors.mongodb  [orders] inserting 2 document(s)
2026-08-24 15:51:02,771  INFO      eds_loader.connectors.mongodb  [orders] wrote 2 document(s) in 0.00s
2026-08-24 15:51:02,771  INFO      eds_loader.loader  Load complete: 5 row(s) written across 2 table(s)
2026-08-24 15:51:02,786  INFO      eds_loader.connectors._sql_base  Connected to test_user@localhost:3306/test_db
2026-08-24 15:51:02,786  DEBUG     eds_loader.connectors._sql_base  Ensuring namespace exists: CREATE DATABASE IF NOT EXISTS `test_db`
2026-08-24 15:51:02,786  DEBUG     eds_loader.connectors._sql_base  [t] DROP TABLE IF EXISTS `test_db`.`t`
2026-08-24 15:51:02,786  DEBUG     eds_loader.connectors._sql_base  [t] CREATE TABLE `test_db`.`t` (
    `id` BIGINT
)
2026-08-24 15:51:02,786  DEBUG     eds_loader.connectors._sql_base  [t] inserting 1 row(s)
2026-08-24 15:51:02,787  INFO      eds_loader.connectors._sql_base  [t] wrote 1 row(s) in 0.00s
2026-08-24 15:51:02,788  INFO      eds_loader.connectors._sql_base  Connected to test_user@localhost:3306/test_db
2026-08-24 15:51:02,789  DEBUG     eds_loader.connectors._sql_base  Ensuring namespace exists: CREATE DATABASE IF NOT EXISTS `test_db`
2026-08-24 15:51:02,789  DEBUG     eds_loader.connectors._sql_base  [t] DROP TABLE IF EXISTS `test_db`.`t`
2026-08-24 15:51:02,789  DEBUG     eds_loader.connectors._sql_base  [t] CREATE TABLE `test_db`.`t` (
    `id` BIGINT
)
2026-08-24 15:51:02,789  DEBUG     eds_loader.connectors._sql_base  [t] inserting 1 row(s)
2026-08-24 15:51:02,789  INFO      eds_loader.connectors._sql_base  [t] wrote 1 row(s) in 0.00s
2026-08-24 15:51:02,791  INFO      eds_loader.connectors._sql_base  Connected to test_user@localhost:3306/test_db
2026-08-24 15:51:02,791  DEBUG     eds_loader.connectors._sql_base  Ensuring namespace exists: CREATE DATABASE IF NOT EXISTS `test_db`
2026-08-24 15:51:02,791  DEBUG     eds_loader.connectors._sql_base  [t] DROP TABLE IF EXISTS `test_db`.`t`
2026-08-24 15:51:02,792  ERROR     eds_loader.connectors._sql_base  [t] write failed: DB down
2026-08-24 15:51:02,793  INFO      eds_loader.connectors._sql_base  Connected to test_user@localhost:3306/eds_db
2026-08-24 15:51:02,793  DEBUG     eds_loader.connectors._sql_base  Ensuring namespace exists: CREATE DATABASE IF NOT EXISTS `eds_db`
2026-08-24 15:51:02,794  DEBUG     eds_loader.connectors._sql_base  [customers] DROP TABLE IF EXISTS `eds_db`.`customers`
2026-08-24 15:51:02,794  DEBUG     eds_loader.connectors._sql_base  [customers] CREATE TABLE `eds_db`.`customers` (
    `id` BIGINT
)
2026-08-24 15:51:02,794  DEBUG     eds_loader.connectors._sql_base  [customers] inserting 1 row(s)
2026-08-24 15:51:02,794  INFO      eds_loader.connectors._sql_base  [customers] wrote 1 row(s) in 0.00s
2026-08-24 15:51:02,796  INFO      eds_loader.connectors._sql_base  Connected to test_user@localhost:3306/eds_db
2026-08-24 15:51:02,796  DEBUG     eds_loader.connectors._sql_base  Table write order (FK-sorted): customers, orders
2026-08-24 15:51:02,796  DEBUG     eds_loader.connectors._sql_base  Ensuring namespace exists: CREATE DATABASE IF NOT EXISTS `eds_db`
2026-08-24 15:51:02,796  DEBUG     eds_loader.connectors._sql_base  [customers] DROP TABLE IF EXISTS `eds_db`.`customers`
2026-08-24 15:51:02,797  DEBUG     eds_loader.connectors._sql_base  [customers] CREATE TABLE `eds_db`.`customers` (
    `customer_id` BIGINT PRIMARY KEY,
    `name` TEXT
)
2026-08-24 15:51:02,797  DEBUG     eds_loader.connectors._sql_base  [customers] inserting 2 row(s)
2026-08-24 15:51:02,797  INFO      eds_loader.connectors._sql_base  [customers] wrote 2 row(s) in 0.00s
2026-08-24 15:51:02,797  DEBUG     eds_loader.connectors._sql_base  [orders] DROP TABLE IF EXISTS `eds_db`.`orders`
2026-08-24 15:51:02,797  DEBUG     eds_loader.connectors._sql_base  [orders] CREATE TABLE `eds_db`.`orders` (
    `order_id` BIGINT PRIMARY KEY,
    `customer_id` BIGINT NOT NULL REFERENCES `eds_db`.`customers`(`customer_id`)
)
2026-08-24 15:51:02,797  DEBUG     eds_loader.connectors._sql_base  [orders] inserting 1 row(s)
2026-08-24 15:51:02,797  INFO      eds_loader.connectors._sql_base  [orders] wrote 1 row(s) in 0.00s
2026-08-24 15:51:02,799  INFO      eds_loader.connectors._sql_base  Connected to test_user@localhost:3306/test_db
2026-08-24 15:51:02,799  DEBUG     eds_loader.connectors._sql_base  Ensuring namespace exists: CREATE DATABASE IF NOT EXISTS `test_db`
2026-08-24 15:51:02,800  DEBUG     eds_loader.connectors._sql_base  [t] DROP TABLE IF EXISTS `test_db`.`t`
2026-08-24 15:51:02,800  DEBUG     eds_loader.connectors._sql_base  [t] CREATE TABLE `test_db`.`t` (
    `id` BIGINT
)
2026-08-24 15:51:02,800  DEBUG     eds_loader.connectors._sql_base  [t] inserting 1 row(s)
2026-08-24 15:51:02,800  INFO      eds_loader.connectors._sql_base  [t] wrote 1 row(s) in 0.00s
2026-08-24 15:51:02,802  INFO      eds_loader.connectors._sql_base  Connected to test_user@srv:3306/db
2026-08-24 15:51:02,802  DEBUG     eds_loader.connectors._sql_base  Ensuring namespace exists: CREATE DATABASE IF NOT EXISTS `db`
2026-08-24 15:51:02,803  DEBUG     eds_loader.connectors._sql_base  [tbl] DROP TABLE IF EXISTS `db`.`tbl`
2026-08-24 15:51:02,803  DEBUG     eds_loader.connectors._sql_base  [tbl] CREATE TABLE `db`.`tbl` (
    `id` BIGINT
)
2026-08-24 15:51:02,803  DEBUG     eds_loader.connectors._sql_base  [tbl] inserting 1 row(s)
2026-08-24 15:51:02,803  INFO      eds_loader.connectors._sql_base  [tbl] wrote 1 row(s) in 0.00s
2026-08-24 15:51:02,806  INFO      eds_loader.connectors._sql_base  Connected to test_user@localhost:3306/test_db
2026-08-24 15:51:02,806  DEBUG     eds_loader.connectors._sql_base  Table write order (FK-sorted): customers, orders
2026-08-24 15:51:02,806  DEBUG     eds_loader.connectors._sql_base  Ensuring namespace exists: CREATE DATABASE IF NOT EXISTS `test_db`
2026-08-24 15:51:02,806  DEBUG     eds_loader.connectors._sql_base  [customers] DROP TABLE IF EXISTS `test_db`.`customers`
2026-08-24 15:51:02,806  DEBUG     eds_loader.connectors._sql_base  [customers] CREATE TABLE `test_db`.`customers` (
    `customer_id` BIGINT PRIMARY KEY,
    `name` TEXT
)
2026-08-24 15:51:02,806  DEBUG     eds_loader.connectors._sql_base  [customers] inserting 2 row(s)
2026-08-24 15:51:02,807  INFO      eds_loader.connectors._sql_base  [customers] wrote 2 row(s) in 0.00s
2026-08-24 15:51:02,807  DEBUG     eds_loader.connectors._sql_base  [orders] DROP TABLE IF EXISTS `test_db`.`orders`
2026-08-24 15:51:02,807  DEBUG     eds_loader.connectors._sql_base  [orders] CREATE TABLE `test_db`.`orders` (
    `order_id` BIGINT PRIMARY KEY,
    `customer_id` BIGINT NOT NULL REFERENCES `test_db`.`customers`(`customer_id`)
)
2026-08-24 15:51:02,807  DEBUG     eds_loader.connectors._sql_base  [orders] inserting 1 row(s)
2026-08-24 15:51:02,807  INFO      eds_loader.connectors._sql_base  [orders] wrote 1 row(s) in 0.00s
2026-08-24 15:51:02,821  INFO      eds_loader.loader  Starting load: source=local_fs target=mysql schema_required=True enforce_constraints=True
2026-08-24 15:51:02,822  DEBUG     eds_loader.loader  Source connector instantiated: LocalFSConnector
2026-08-24 15:51:02,822  DEBUG     eds_loader.loader  Target connector instantiated: MySQLConnector
2026-08-24 15:51:02,822  INFO      eds_loader.loader  Reading schema.json from source
2026-08-24 15:51:02,822  DEBUG     eds_loader.connectors.local_fs  Reading schema.json from C:\Users\Mohit Patel\AppData\Local\Temp\pytest-of-spmohit\pytest-24\test_integration_local_fs_to_m1\source\schema.json
2026-08-24 15:51:02,823  DEBUG     eds_loader.connectors.local_fs  schema.json parsed: 2 dataset(s)
2026-08-24 15:51:02,824  DEBUG     eds_loader.loader  schema.json contains 2 dataset definition(s)
2026-08-24 15:51:02,824  INFO      eds_loader.loader  Loading 2 table(s): customers, orders
2026-08-24 15:51:02,826  INFO      eds_loader.connectors.local_fs  Read customers: 2 row(s) from C:\Users\Mohit Patel\AppData\Local\Temp\pytest-of-spmohit\pytest-24\test_integration_local_fs_to_m1\source\customers.parquet
2026-08-24 15:51:02,827  INFO      eds_loader.connectors.local_fs  Read orders: 1 row(s) from C:\Users\Mohit Patel\AppData\Local\Temp\pytest-of-spmohit\pytest-24\test_integration_local_fs_to_m1\source\orders.parquet
2026-08-24 15:51:02,828  INFO      eds_loader.loader  Read 2 dataset(s) from source, 3 total row(s)
2026-08-24 15:51:02,828  DEBUG     eds_loader.loader    customers: 2 row(s), 2 column(s)
2026-08-24 15:51:02,828  DEBUG     eds_loader.loader    orders: 1 row(s), 2 column(s)
2026-08-24 15:51:02,828  DEBUG     eds_loader.loader  Constraint enforcement enabled — forwarding schema metadata to target
2026-08-24 15:51:02,828  INFO      eds_loader.loader  Writing 2 table(s) to target
2026-08-24 15:51:02,828  INFO      eds_loader.connectors._sql_base  Connected to test_user@localhost:3306/test_db
2026-08-24 15:51:02,828  DEBUG     eds_loader.connectors._sql_base  Table write order (FK-sorted): customers, orders
2026-08-24 15:51:02,828  DEBUG     eds_loader.connectors._sql_base  Ensuring namespace exists: CREATE DATABASE IF NOT EXISTS `test_db`
2026-08-24 15:51:02,828  DEBUG     eds_loader.connectors._sql_base  [customers] DROP TABLE IF EXISTS `test_db`.`customers`
2026-08-24 15:51:02,829  DEBUG     eds_loader.connectors._sql_base  [customers] CREATE TABLE `test_db`.`customers` (
    `customer_id` BIGINT PRIMARY KEY,
    `name` TEXT
)
2026-08-24 15:51:02,829  DEBUG     eds_loader.connectors._sql_base  [customers] inserting 2 row(s)
2026-08-24 15:51:02,829  INFO      eds_loader.connectors._sql_base  [customers] wrote 2 row(s) in 0.00s
2026-08-24 15:51:02,829  DEBUG     eds_loader.connectors._sql_base  [orders] DROP TABLE IF EXISTS `test_db`.`orders`
2026-08-24 15:51:02,829  DEBUG     eds_loader.connectors._sql_base  [orders] CREATE TABLE `test_db`.`orders` (
    `order_id` BIGINT PRIMARY KEY,
    `customer_id` BIGINT NOT NULL REFERENCES `test_db`.`customers`(`customer_id`)
)
2026-08-24 15:51:02,829  DEBUG     eds_loader.connectors._sql_base  [orders] inserting 1 row(s)
2026-08-24 15:51:02,829  INFO      eds_loader.connectors._sql_base  [orders] wrote 1 row(s) in 0.00s
2026-08-24 15:51:02,829  INFO      eds_loader.loader  Load complete: 3 row(s) written across 2 table(s)
2026-08-24 15:51:02,849  INFO      eds_loader.connectors._sql_base  Connected to test_user@localhost:5432/test_db
2026-08-24 15:51:02,849  DEBUG     eds_loader.connectors._sql_base  Ensuring namespace exists: CREATE SCHEMA IF NOT EXISTS "public"
2026-08-24 15:51:02,850  DEBUG     eds_loader.connectors._sql_base  [customers] DROP TABLE IF EXISTS "public"."customers" CASCADE
2026-08-24 15:51:02,850  DEBUG     eds_loader.connectors._sql_base  [customers] CREATE TABLE "public"."customers" (
    "customer_id" BIGINT,
    "name" TEXT
)
2026-08-24 15:51:02,850  DEBUG     eds_loader.connectors._sql_base  [customers] inserting 3 row(s)
2026-08-24 15:51:02,850  INFO      eds_loader.connectors._sql_base  [customers] wrote 3 row(s) in 0.00s
2026-08-24 15:51:02,850  DEBUG     eds_loader.connectors._sql_base  [orders] DROP TABLE IF EXISTS "public"."orders" CASCADE
2026-08-24 15:51:02,850  DEBUG     eds_loader.connectors._sql_base  [orders] CREATE TABLE "public"."orders" (
    "order_id" BIGINT,
    "customer_id" BIGINT,
    "amount" DOUBLE PRECISION
)
2026-08-24 15:51:02,850  DEBUG     eds_loader.connectors._sql_base  [orders] inserting 2 row(s)
2026-08-24 15:51:02,851  INFO      eds_loader.connectors._sql_base  [orders] wrote 2 row(s) in 0.00s
2026-08-24 15:51:02,852  INFO      eds_loader.connectors._sql_base  Connected to test_user@localhost:5432/test_db
2026-08-24 15:51:02,852  DEBUG     eds_loader.connectors._sql_base  Ensuring namespace exists: CREATE SCHEMA IF NOT EXISTS "public"
2026-08-24 15:51:02,853  DEBUG     eds_loader.connectors._sql_base  [customers] DROP TABLE IF EXISTS "public"."customers" CASCADE
2026-08-24 15:51:02,853  DEBUG     eds_loader.connectors._sql_base  [customers] CREATE TABLE "public"."customers" (
    "id" BIGINT
)
2026-08-24 15:51:02,853  DEBUG     eds_loader.connectors._sql_base  [customers] inserting 1 row(s)
2026-08-24 15:51:02,853  INFO      eds_loader.connectors._sql_base  [customers] wrote 1 row(s) in 0.00s
2026-08-24 15:51:02,855  INFO      eds_loader.connectors._sql_base  Connected to test_user@localhost:5432/test_db
2026-08-24 15:51:02,855  DEBUG     eds_loader.connectors._sql_base  Ensuring namespace exists: CREATE SCHEMA IF NOT EXISTS "public"
2026-08-24 15:51:02,856  DEBUG     eds_loader.connectors._sql_base  [tbl] DROP TABLE IF EXISTS "public"."tbl" CASCADE
2026-08-24 15:51:02,856  DEBUG     eds_loader.connectors._sql_base  [tbl] CREATE TABLE "public"."tbl" (
    "a" BIGINT
)
2026-08-24 15:51:02,856  DEBUG     eds_loader.connectors._sql_base  [tbl] inserting 1 row(s)
2026-08-24 15:51:02,856  INFO      eds_loader.connectors._sql_base  [tbl] wrote 1 row(s) in 0.00s
2026-08-24 15:51:02,859  INFO      eds_loader.connectors._sql_base  Connected to test_user@localhost:5432/test_db
2026-08-24 15:51:02,859  DEBUG     eds_loader.connectors._sql_base  Ensuring namespace exists: CREATE SCHEMA IF NOT EXISTS "public"
2026-08-24 15:51:02,859  DEBUG     eds_loader.connectors._sql_base  [data] DROP TABLE IF EXISTS "public"."data" CASCADE
2026-08-24 15:51:02,860  DEBUG     eds_loader.connectors._sql_base  [data] CREATE TABLE "public"."data" (
    "id" BIGINT,
    "val" TEXT
)
2026-08-24 15:51:02,860  DEBUG     eds_loader.connectors._sql_base  [data] inserting 3 row(s)
2026-08-24 15:51:02,860  INFO      eds_loader.connectors._sql_base  [data] wrote 3 row(s) in 0.00s
2026-08-24 15:51:02,863  INFO      eds_loader.connectors._sql_base  Connected to test_user@localhost:5432/test_db
2026-08-24 15:51:02,863  DEBUG     eds_loader.connectors._sql_base  Ensuring namespace exists: CREATE SCHEMA IF NOT EXISTS "public"
2026-08-24 15:51:02,867  DEBUG     eds_loader.connectors._sql_base  [customers] DROP TABLE IF EXISTS "public"."customers" CASCADE
2026-08-24 15:51:02,867  DEBUG     eds_loader.connectors._sql_base  [customers] CREATE TABLE "public"."customers" (
    "customer_id" BIGINT,
    "name" TEXT
)
2026-08-24 15:51:02,867  DEBUG     eds_loader.connectors._sql_base  [customers] inserting 3 row(s)
2026-08-24 15:51:02,867  INFO      eds_loader.connectors._sql_base  [customers] wrote 3 row(s) in 0.00s
2026-08-24 15:51:02,867  DEBUG     eds_loader.connectors._sql_base  [orders] DROP TABLE IF EXISTS "public"."orders" CASCADE
2026-08-24 15:51:02,869  DEBUG     eds_loader.connectors._sql_base  [orders] CREATE TABLE "public"."orders" (
    "order_id" BIGINT,
    "customer_id" BIGINT,
    "amount" DOUBLE PRECISION
)
2026-08-24 15:51:02,869  DEBUG     eds_loader.connectors._sql_base  [orders] inserting 2 row(s)
2026-08-24 15:51:02,869  INFO      eds_loader.connectors._sql_base  [orders] wrote 2 row(s) in 0.00s
2026-08-24 15:51:02,871  INFO      eds_loader.connectors._sql_base  Connected to test_user@localhost:5432/test_db
2026-08-24 15:51:02,871  DEBUG     eds_loader.connectors._sql_base  Ensuring namespace exists: CREATE SCHEMA IF NOT EXISTS "public"
2026-08-24 15:51:02,871  DEBUG     eds_loader.connectors._sql_base  [customers] DROP TABLE IF EXISTS "public"."customers" CASCADE
2026-08-24 15:51:02,871  DEBUG     eds_loader.connectors._sql_base  [customers] CREATE TABLE "public"."customers" (
    "customer_id" BIGINT,
    "name" TEXT
)
2026-08-24 15:51:02,871  DEBUG     eds_loader.connectors._sql_base  [customers] inserting 3 row(s)
2026-08-24 15:51:02,872  INFO      eds_loader.connectors._sql_base  [customers] wrote 3 row(s) in 0.00s
2026-08-24 15:51:02,872  DEBUG     eds_loader.connectors._sql_base  [orders] DROP TABLE IF EXISTS "public"."orders" CASCADE
2026-08-24 15:51:02,872  DEBUG     eds_loader.connectors._sql_base  [orders] CREATE TABLE "public"."orders" (
    "order_id" BIGINT,
    "customer_id" BIGINT,
    "amount" DOUBLE PRECISION
)
2026-08-24 15:51:02,872  DEBUG     eds_loader.connectors._sql_base  [orders] inserting 2 row(s)
2026-08-24 15:51:02,872  INFO      eds_loader.connectors._sql_base  [orders] wrote 2 row(s) in 0.00s
2026-08-24 15:51:02,874  INFO      eds_loader.connectors._sql_base  Connected to test_user@localhost:5432/test_db
2026-08-24 15:51:02,874  DEBUG     eds_loader.connectors._sql_base  Ensuring namespace exists: CREATE SCHEMA IF NOT EXISTS "public"
2026-08-24 15:51:02,875  DEBUG     eds_loader.connectors._sql_base  [customers] DROP TABLE IF EXISTS "public"."customers" CASCADE
2026-08-24 15:51:02,875  DEBUG     eds_loader.connectors._sql_base  [customers] CREATE TABLE "public"."customers" (
    "customer_id" BIGINT,
    "name" TEXT
)
2026-08-24 15:51:02,875  DEBUG     eds_loader.connectors._sql_base  [customers] inserting 3 row(s)
2026-08-24 15:51:02,875  INFO      eds_loader.connectors._sql_base  [customers] wrote 3 row(s) in 0.00s
2026-08-24 15:51:02,876  DEBUG     eds_loader.connectors._sql_base  [orders] DROP TABLE IF EXISTS "public"."orders" CASCADE
2026-08-24 15:51:02,876  DEBUG     eds_loader.connectors._sql_base  [orders] CREATE TABLE "public"."orders" (
    "order_id" BIGINT,
    "customer_id" BIGINT,
    "amount" DOUBLE PRECISION
)
2026-08-24 15:51:02,876  DEBUG     eds_loader.connectors._sql_base  [orders] inserting 2 row(s)
2026-08-24 15:51:02,876  INFO      eds_loader.connectors._sql_base  [orders] wrote 2 row(s) in 0.00s
2026-08-24 15:51:02,878  INFO      eds_loader.connectors._sql_base  Connected to test_user@dbserver:5433/mydb
2026-08-24 15:51:02,878  DEBUG     eds_loader.connectors._sql_base  Ensuring namespace exists: CREATE SCHEMA IF NOT EXISTS "public"
2026-08-24 15:51:02,879  DEBUG     eds_loader.connectors._sql_base  [tbl] DROP TABLE IF EXISTS "public"."tbl" CASCADE
2026-08-24 15:51:02,879  DEBUG     eds_loader.connectors._sql_base  [tbl] CREATE TABLE "public"."tbl" (
    "id" BIGINT
)
2026-08-24 15:51:02,879  DEBUG     eds_loader.connectors._sql_base  [tbl] inserting 1 row(s)
2026-08-24 15:51:02,879  INFO      eds_loader.connectors._sql_base  [tbl] wrote 1 row(s) in 0.00s
2026-08-24 15:51:02,881  INFO      eds_loader.connectors._sql_base  Connected to test_user@localhost:5432/test_db
2026-08-24 15:51:02,881  DEBUG     eds_loader.connectors._sql_base  Table write order (FK-sorted): customers, orders
2026-08-24 15:51:02,881  DEBUG     eds_loader.connectors._sql_base  Ensuring namespace exists: CREATE SCHEMA IF NOT EXISTS "public"
2026-08-24 15:51:02,881  DEBUG     eds_loader.connectors._sql_base  [customers] DROP TABLE IF EXISTS "public"."customers" CASCADE
2026-08-24 15:51:02,882  DEBUG     eds_loader.connectors._sql_base  [customers] CREATE TABLE "public"."customers" (
    "customer_id" BIGINT PRIMARY KEY,
    "name" TEXT UNIQUE
)
2026-08-24 15:51:02,882  DEBUG     eds_loader.connectors._sql_base  [customers] inserting 3 row(s)
2026-08-24 15:51:02,882  INFO      eds_loader.connectors._sql_base  [customers] wrote 3 row(s) in 0.00s
2026-08-24 15:51:02,882  DEBUG     eds_loader.connectors._sql_base  [orders] DROP TABLE IF EXISTS "public"."orders" CASCADE
2026-08-24 15:51:02,882  DEBUG     eds_loader.connectors._sql_base  [orders] CREATE TABLE "public"."orders" (
    "order_id" BIGINT PRIMARY KEY,
    "customer_id" BIGINT NOT NULL REFERENCES "public"."customers"("customer_id"),
    "amount" DOUBLE PRECISION
)
2026-08-24 15:51:02,882  DEBUG     eds_loader.connectors._sql_base  [orders] inserting 2 row(s)
2026-08-24 15:51:02,882  INFO      eds_loader.connectors._sql_base  [orders] wrote 2 row(s) in 0.00s
2026-08-24 15:51:02,884  INFO      eds_loader.connectors._sql_base  Connected to test_user@localhost:5432/test_db
2026-08-24 15:51:02,884  DEBUG     eds_loader.connectors._sql_base  Table write order (FK-sorted): customers, orders
2026-08-24 15:51:02,884  DEBUG     eds_loader.connectors._sql_base  Ensuring namespace exists: CREATE SCHEMA IF NOT EXISTS "public"
2026-08-24 15:51:02,884  DEBUG     eds_loader.connectors._sql_base  [customers] DROP TABLE IF EXISTS "public"."customers" CASCADE
2026-08-24 15:51:02,884  DEBUG     eds_loader.connectors._sql_base  [customers] CREATE TABLE "public"."customers" (
    "customer_id" BIGINT PRIMARY KEY,
    "name" TEXT UNIQUE
)
2026-08-24 15:51:02,884  DEBUG     eds_loader.connectors._sql_base  [customers] inserting 3 row(s)
2026-08-24 15:51:02,885  INFO      eds_loader.connectors._sql_base  [customers] wrote 3 row(s) in 0.00s
2026-08-24 15:51:02,885  DEBUG     eds_loader.connectors._sql_base  [orders] DROP TABLE IF EXISTS "public"."orders" CASCADE
2026-08-24 15:51:02,885  DEBUG     eds_loader.connectors._sql_base  [orders] CREATE TABLE "public"."orders" (
    "order_id" BIGINT PRIMARY KEY,
    "customer_id" BIGINT NOT NULL REFERENCES "public"."customers"("customer_id"),
    "amount" DOUBLE PRECISION
)
2026-08-24 15:51:02,885  DEBUG     eds_loader.connectors._sql_base  [orders] inserting 2 row(s)
2026-08-24 15:51:02,885  INFO      eds_loader.connectors._sql_base  [orders] wrote 2 row(s) in 0.00s
2026-08-24 15:51:02,886  INFO      eds_loader.connectors._sql_base  Connected to test_user@localhost:5432/test_db
2026-08-24 15:51:02,886  DEBUG     eds_loader.connectors._sql_base  Ensuring namespace exists: CREATE SCHEMA IF NOT EXISTS "public"
2026-08-24 15:51:02,887  DEBUG     eds_loader.connectors._sql_base  [empty] DROP TABLE IF EXISTS "public"."empty" CASCADE
2026-08-24 15:51:02,887  DEBUG     eds_loader.connectors._sql_base  [empty] CREATE TABLE "public"."empty" (
    "id" BIGINT
)
2026-08-24 15:51:02,887  DEBUG     eds_loader.connectors._sql_base  [empty] inserting 0 row(s)
2026-08-24 15:51:02,887  INFO      eds_loader.connectors._sql_base  [empty] wrote 0 row(s) in 0.00s
2026-08-24 15:51:02,889  INFO      eds_loader.connectors._sql_base  Connected to test_user@localhost:5432/test_db
2026-08-24 15:51:02,890  DEBUG     eds_loader.connectors._sql_base  Ensuring namespace exists: CREATE SCHEMA IF NOT EXISTS "public"
2026-08-24 15:51:02,890  DEBUG     eds_loader.connectors._sql_base  [tbl] DROP TABLE IF EXISTS "public"."tbl" CASCADE
2026-08-24 15:51:02,890  DEBUG     eds_loader.connectors._sql_base  [tbl] CREATE TABLE "public"."tbl" (
    "id" BIGINT
)
2026-08-24 15:51:02,890  ERROR     eds_loader.connectors._sql_base  [tbl] write failed: DB error
2026-08-24 15:51:02,893  INFO      eds_loader.connectors._sql_base  Connected to test_user@localhost:5432/test_db
2026-08-24 15:51:02,893  DEBUG     eds_loader.connectors._sql_base  Ensuring namespace exists: CREATE SCHEMA IF NOT EXISTS "public"
2026-08-24 15:51:02,893  DEBUG     eds_loader.connectors._sql_base  [tbl] DROP TABLE IF EXISTS "public"."tbl" CASCADE
2026-08-24 15:51:02,893  DEBUG     eds_loader.connectors._sql_base  [tbl] CREATE TABLE "public"."tbl" (
    "id" BIGINT
)
2026-08-24 15:51:02,893  ERROR     eds_loader.connectors._sql_base  [tbl] write failed: oops
2026-08-24 15:51:02,913  INFO      eds_loader.loader  Starting load: source=local_fs target=postgres schema_required=True enforce_constraints=True
2026-08-24 15:51:02,913  DEBUG     eds_loader.loader  Source connector instantiated: LocalFSConnector
2026-08-24 15:51:02,913  DEBUG     eds_loader.loader  Target connector instantiated: PostgresConnector
2026-08-24 15:51:02,913  INFO      eds_loader.loader  Reading schema.json from source
2026-08-24 15:51:02,914  DEBUG     eds_loader.connectors.local_fs  Reading schema.json from C:\Users\Mohit Patel\AppData\Local\Temp\pytest-of-spmohit\pytest-24\test_integration_local_fs_to_p0\source\schema.json
2026-08-24 15:51:02,915  DEBUG     eds_loader.connectors.local_fs  schema.json parsed: 2 dataset(s)
2026-08-24 15:51:02,915  DEBUG     eds_loader.loader  schema.json contains 2 dataset definition(s)
2026-08-24 15:51:02,915  INFO      eds_loader.loader  Loading 2 table(s): customers, orders
2026-08-24 15:51:02,918  INFO      eds_loader.connectors.local_fs  Read customers: 3 row(s) from C:\Users\Mohit Patel\AppData\Local\Temp\pytest-of-spmohit\pytest-24\test_integration_local_fs_to_p0\source\customers.parquet
2026-08-24 15:51:02,922  INFO      eds_loader.connectors.local_fs  Read orders: 2 row(s) from C:\Users\Mohit Patel\AppData\Local\Temp\pytest-of-spmohit\pytest-24\test_integration_local_fs_to_p0\source\orders.parquet
2026-08-24 15:51:02,922  INFO      eds_loader.loader  Read 2 dataset(s) from source, 5 total row(s)
2026-08-24 15:51:02,922  DEBUG     eds_loader.loader    customers: 3 row(s), 2 column(s)
2026-08-24 15:51:02,922  DEBUG     eds_loader.loader    orders: 2 row(s), 3 column(s)
2026-08-24 15:51:02,922  DEBUG     eds_loader.loader  Constraint enforcement enabled — forwarding schema metadata to target
2026-08-24 15:51:02,922  INFO      eds_loader.loader  Writing 2 table(s) to target
2026-08-24 15:51:02,922  INFO      eds_loader.connectors._sql_base  Connected to test_user@localhost:5432/test_db
2026-08-24 15:51:02,922  DEBUG     eds_loader.connectors._sql_base  Table write order (FK-sorted): customers, orders
2026-08-24 15:51:02,923  DEBUG     eds_loader.connectors._sql_base  Ensuring namespace exists: CREATE SCHEMA IF NOT EXISTS "public"
2026-08-24 15:51:02,923  DEBUG     eds_loader.connectors._sql_base  [customers] DROP TABLE IF EXISTS "public"."customers" CASCADE
2026-08-24 15:51:02,923  DEBUG     eds_loader.connectors._sql_base  [customers] CREATE TABLE "public"."customers" (
    "customer_id" BIGINT PRIMARY KEY,
    "name" TEXT UNIQUE
)
2026-08-24 15:51:02,923  DEBUG     eds_loader.connectors._sql_base  [customers] inserting 3 row(s)
2026-08-24 15:51:02,924  INFO      eds_loader.connectors._sql_base  [customers] wrote 3 row(s) in 0.00s
2026-08-24 15:51:02,924  DEBUG     eds_loader.connectors._sql_base  [orders] DROP TABLE IF EXISTS "public"."orders" CASCADE
2026-08-24 15:51:02,924  DEBUG     eds_loader.connectors._sql_base  [orders] CREATE TABLE "public"."orders" (
    "order_id" BIGINT PRIMARY KEY,
    "customer_id" BIGINT NOT NULL REFERENCES "public"."customers"("customer_id"),
    "amount" DOUBLE PRECISION
)
2026-08-24 15:51:02,924  DEBUG     eds_loader.connectors._sql_base  [orders] inserting 2 row(s)
2026-08-24 15:51:02,924  INFO      eds_loader.connectors._sql_base  [orders] wrote 2 row(s) in 0.00s
2026-08-24 15:51:02,924  INFO      eds_loader.loader  Load complete: 5 row(s) written across 2 table(s)
2026-08-24 15:51:02,932  INFO      eds_loader.loader  Starting load: source=local_fs target=postgres schema_required=True enforce_constraints=False
2026-08-24 15:51:02,932  DEBUG     eds_loader.loader  Source connector instantiated: LocalFSConnector
2026-08-24 15:51:02,932  DEBUG     eds_loader.loader  Target connector instantiated: PostgresConnector
2026-08-24 15:51:02,932  INFO      eds_loader.loader  Reading schema.json from source
2026-08-24 15:51:02,932  DEBUG     eds_loader.connectors.local_fs  Reading schema.json from C:\Users\Mohit Patel\AppData\Local\Temp\pytest-of-spmohit\pytest-24\test_integration_enforce_false1\source2\schema.json
2026-08-24 15:51:02,933  DEBUG     eds_loader.connectors.local_fs  schema.json parsed: 2 dataset(s)
2026-08-24 15:51:02,933  DEBUG     eds_loader.loader  schema.json contains 2 dataset definition(s)
2026-08-24 15:51:02,933  INFO      eds_loader.loader  Loading 2 table(s): customers, orders
2026-08-24 15:51:02,936  INFO      eds_loader.connectors.local_fs  Read customers: 3 row(s) from C:\Users\Mohit Patel\AppData\Local\Temp\pytest-of-spmohit\pytest-24\test_integration_enforce_false1\source2\customers.parquet
2026-08-24 15:51:02,938  INFO      eds_loader.connectors.local_fs  Read orders: 2 row(s) from C:\Users\Mohit Patel\AppData\Local\Temp\pytest-of-spmohit\pytest-24\test_integration_enforce_false1\source2\orders.parquet
2026-08-24 15:51:02,938  INFO      eds_loader.loader  Read 2 dataset(s) from source, 5 total row(s)
2026-08-24 15:51:02,938  DEBUG     eds_loader.loader    customers: 3 row(s), 2 column(s)
2026-08-24 15:51:02,938  DEBUG     eds_loader.loader    orders: 2 row(s), 3 column(s)
2026-08-24 15:51:02,938  DEBUG     eds_loader.loader  Constraint enforcement disabled — target will create plain tables
2026-08-24 15:51:02,938  INFO      eds_loader.loader  Writing 2 table(s) to target
2026-08-24 15:51:02,938  INFO      eds_loader.connectors._sql_base  Connected to test_user@localhost:5432/test_db
2026-08-24 15:51:02,938  DEBUG     eds_loader.connectors._sql_base  Ensuring namespace exists: CREATE SCHEMA IF NOT EXISTS "public"
2026-08-24 15:51:02,939  DEBUG     eds_loader.connectors._sql_base  [customers] DROP TABLE IF EXISTS "public"."customers" CASCADE
2026-08-24 15:51:02,939  DEBUG     eds_loader.connectors._sql_base  [customers] CREATE TABLE "public"."customers" (
    "customer_id" BIGINT,
    "name" TEXT
)
2026-08-24 15:51:02,939  DEBUG     eds_loader.connectors._sql_base  [customers] inserting 3 row(s)
2026-08-24 15:51:02,939  INFO      eds_loader.connectors._sql_base  [customers] wrote 3 row(s) in 0.00s
2026-08-24 15:51:02,939  DEBUG     eds_loader.connectors._sql_base  [orders] DROP TABLE IF EXISTS "public"."orders" CASCADE
2026-08-24 15:51:02,939  DEBUG     eds_loader.connectors._sql_base  [orders] CREATE TABLE "public"."orders" (
    "order_id" BIGINT,
    "customer_id" BIGINT,
    "amount" DOUBLE PRECISION
)
2026-08-24 15:51:02,939  DEBUG     eds_loader.connectors._sql_base  [orders] inserting 2 row(s)
2026-08-24 15:51:02,939  INFO      eds_loader.connectors._sql_base  [orders] wrote 2 row(s) in 0.00s
2026-08-24 15:51:02,940  INFO      eds_loader.loader  Load complete: 5 row(s) written across 2 table(s)
2026-08-24 15:51:02,953  INFO      eds_loader.connectors.remote_fs  Connected to SFTP testuser@test.example.com:22
2026-08-24 15:51:02,955  INFO      eds_loader.connectors.remote_fs  Connected to SFTP testuser@test.example.com:22
2026-08-24 15:51:02,998  INFO      eds_loader.connectors.remote_fs  Connected to SFTP testuser@test.example.com:22
2026-08-24 15:51:03,014  DEBUG     eds_loader.connectors.remote_fs  Listing remote directory: /data/eds
2026-08-24 15:51:03,015  DEBUG     eds_loader.connectors.remote_fs  Found 2 .parquet file(s) in /data/eds
2026-08-24 15:51:03,016  INFO      eds_loader.connectors.remote_fs  Downloaded customers: 2 row(s) from /data/eds/customers.parquet
2026-08-24 15:51:03,018  INFO      eds_loader.connectors.remote_fs  Downloaded orders: 1 row(s) from /data/eds/orders.parquet
2026-08-24 15:51:03,020  DEBUG     eds_loader.connectors.remote_fs  Listing remote directory: /data/eds
2026-08-24 15:51:03,020  DEBUG     eds_loader.connectors.remote_fs  Found 1 .parquet file(s) in /data/eds
2026-08-24 15:51:03,021  INFO      eds_loader.connectors.remote_fs  Downloaded data: 1 row(s) from /data/eds/data.parquet
2026-08-24 15:51:03,022  DEBUG     eds_loader.connectors.remote_fs  Listing remote directory: /data/eds
2026-08-24 15:51:03,025  INFO      eds_loader.connectors.remote_fs  Downloaded customers: 2 row(s) from /data/eds/customers.parquet
2026-08-24 15:51:03,027  INFO      eds_loader.connectors.remote_fs  Downloaded my_table: 3 row(s) from /data/eds/my_table.parquet
2026-08-24 15:51:03,059  DEBUG     eds_loader.connectors.remote_fs  Listing remote directory: /data/eds
2026-08-24 15:51:03,060  DEBUG     eds_loader.connectors.remote_fs  Found 0 .parquet file(s) in /data/eds
2026-08-24 15:51:03,067  INFO      eds_loader.loader  Starting load: source=remote_fs target=local_fs schema_required=True enforce_constraints=True
2026-08-24 15:51:03,067  DEBUG     eds_loader.loader  Source connector instantiated: RemoteFSConnector
2026-08-24 15:51:03,068  DEBUG     eds_loader.loader  Target connector instantiated: LocalFSConnector
2026-08-24 15:51:03,068  INFO      eds_loader.loader  Reading schema.json from source
2026-08-24 15:51:03,068  DEBUG     eds_loader.loader  schema.json contains 2 dataset definition(s)
2026-08-24 15:51:03,068  INFO      eds_loader.loader  Loading 2 table(s): customers, orders
2026-08-24 15:51:03,069  INFO      eds_loader.connectors.remote_fs  Downloaded customers: 2 row(s) from /data/eds/customers.parquet
2026-08-24 15:51:03,070  INFO      eds_loader.connectors.remote_fs  Downloaded orders: 1 row(s) from /data/eds/orders.parquet
2026-08-24 15:51:03,070  INFO      eds_loader.loader  Read 2 dataset(s) from source, 3 total row(s)
2026-08-24 15:51:03,070  DEBUG     eds_loader.loader    customers: 2 row(s), 2 column(s)
2026-08-24 15:51:03,070  DEBUG     eds_loader.loader    orders: 1 row(s), 2 column(s)
2026-08-24 15:51:03,070  DEBUG     eds_loader.loader  Constraint enforcement enabled — forwarding schema metadata to target
2026-08-24 15:51:03,070  INFO      eds_loader.loader  Writing 2 table(s) to target
2026-08-24 15:51:03,072  INFO      eds_loader.connectors.local_fs  Wrote customers: 2 row(s) to C:\Users\Mohit Patel\AppData\Local\Temp\pytest-of-spmohit\pytest-24\test_integration_remote_fs_sou0\remote_to_local_target\customers.parquet
2026-08-24 15:51:03,073  INFO      eds_loader.connectors.local_fs  Wrote orders: 1 row(s) to C:\Users\Mohit Patel\AppData\Local\Temp\pytest-of-spmohit\pytest-24\test_integration_remote_fs_sou0\remote_to_local_target\orders.parquet
2026-08-24 15:51:03,074  DEBUG     eds_loader.connectors.local_fs  Merging schema.json at target
2026-08-24 15:51:03,074  INFO      eds_loader.loader  Load complete: 3 row(s) written across 2 table(s)
2026-08-24 15:51:03,078  INFO      eds_loader.loader  Starting load: source=remote_fs target=local_fs schema_required=True enforce_constraints=True
2026-08-24 15:51:03,078  DEBUG     eds_loader.loader  Source connector instantiated: RemoteFSConnector
2026-08-24 15:51:03,078  DEBUG     eds_loader.loader  Target connector instantiated: LocalFSConnector
2026-08-24 15:51:03,078  INFO      eds_loader.loader  Reading schema.json from source
2026-08-24 15:51:03,078  DEBUG     eds_loader.loader  schema.json contains 2 dataset definition(s)
2026-08-24 15:51:03,078  INFO      eds_loader.loader  Loading 1 table(s): customers
2026-08-24 15:51:03,079  INFO      eds_loader.connectors.remote_fs  Downloaded customers: 2 row(s) from /data/eds/customers.parquet
2026-08-24 15:51:03,079  INFO      eds_loader.loader  Read 1 dataset(s) from source, 2 total row(s)
2026-08-24 15:51:03,080  DEBUG     eds_loader.loader    customers: 2 row(s), 2 column(s)
2026-08-24 15:51:03,080  DEBUG     eds_loader.loader  Constraint enforcement enabled — forwarding schema metadata to target
2026-08-24 15:51:03,080  INFO      eds_loader.loader  Writing 1 table(s) to target
2026-08-24 15:51:03,081  INFO      eds_loader.connectors.local_fs  Wrote customers: 2 row(s) to C:\Users\Mohit Patel\AppData\Local\Temp\pytest-of-spmohit\pytest-24\test_integration_table_subset_1\subset_target\customers.parquet
2026-08-24 15:51:03,081  DEBUG     eds_loader.connectors.local_fs  Merging schema.json at target
2026-08-24 15:51:03,082  INFO      eds_loader.loader  Load complete: 2 row(s) written across 1 table(s)
2026-08-24 15:51:03,122  INFO      eds_loader.loader  Starting load: source=s3 target=local_fs schema_required=True enforce_constraints=True
2026-08-24 15:51:03,122  DEBUG     eds_loader.loader  Source connector instantiated: S3Connector
2026-08-24 15:51:03,122  DEBUG     eds_loader.loader  Target connector instantiated: LocalFSConnector
2026-08-24 15:51:03,122  INFO      eds_loader.loader  Reading schema.json from source
2026-08-24 15:51:03,122  DEBUG     eds_loader.loader  schema.json contains 2 dataset definition(s)
2026-08-24 15:51:03,122  INFO      eds_loader.loader  Loading 2 table(s): customers, orders
2026-08-24 15:51:03,124  INFO      eds_loader.loader  Read 2 dataset(s) from source, 3 total row(s)
2026-08-24 15:51:03,124  DEBUG     eds_loader.loader    customers: 2 row(s), 2 column(s)
2026-08-24 15:51:03,124  DEBUG     eds_loader.loader    orders: 1 row(s), 2 column(s)
2026-08-24 15:51:03,124  DEBUG     eds_loader.loader  Constraint enforcement enabled — forwarding schema metadata to target
2026-08-24 15:51:03,124  INFO      eds_loader.loader  Writing 2 table(s) to target
2026-08-24 15:51:03,125  INFO      eds_loader.connectors.local_fs  Wrote customers: 2 row(s) to C:\Users\Mohit Patel\AppData\Local\Temp\pytest-of-spmohit\pytest-24\test_integration_s3_source_via0\target\customers.parquet
2026-08-24 15:51:03,126  INFO      eds_loader.connectors.local_fs  Wrote orders: 1 row(s) to C:\Users\Mohit Patel\AppData\Local\Temp\pytest-of-spmohit\pytest-24\test_integration_s3_source_via0\target\orders.parquet
2026-08-24 15:51:03,127  DEBUG     eds_loader.connectors.local_fs  Merging schema.json at target
2026-08-24 15:51:03,127  INFO      eds_loader.loader  Load complete: 3 row(s) written across 2 table(s)
2026-08-24 15:51:03,139  INFO      eds_loader.connectors._sql_base  Connected to testuser@testhost:9999/testdb
2026-08-24 15:51:03,140  DEBUG     eds_loader.connectors._sql_base  Ensuring namespace exists: CREATE DATABASE IF NOT EXISTS [testdb]
2026-08-24 15:51:03,141  DEBUG     eds_loader.connectors._sql_base  [t] DROP TABLE IF EXISTS [testdb].[t]
2026-08-24 15:51:03,141  DEBUG     eds_loader.connectors._sql_base  [t] CREATE TABLE [testdb].[t] (
    [id] INT
)
2026-08-24 15:51:03,141  DEBUG     eds_loader.connectors._sql_base  [t] inserting 1 row(s)
2026-08-24 15:51:03,141  INFO      eds_loader.connectors._sql_base  [t] wrote 1 row(s) in 0.00s
2026-08-24 15:51:03,142  INFO      eds_loader.connectors._sql_base  Connected to testuser@testhost:9999/testdb
2026-08-24 15:51:03,143  DEBUG     eds_loader.connectors._sql_base  [t] DROP TABLE IF EXISTS [testdb].[t]
2026-08-24 15:51:03,143  DEBUG     eds_loader.connectors._sql_base  [t] CREATE TABLE [testdb].[t] (
    [id] INT
)
2026-08-24 15:51:03,143  DEBUG     eds_loader.connectors._sql_base  [t] inserting 1 row(s)
2026-08-24 15:51:03,143  INFO      eds_loader.connectors._sql_base  [t] wrote 1 row(s) in 0.00s
2026-08-24 15:51:03,145  INFO      eds_loader.connectors._sql_base  Connected to testuser@testhost:9999/testdb
2026-08-24 15:51:03,146  DEBUG     eds_loader.connectors._sql_base  [t] DROP TABLE IF EXISTS [testdb].[t]
2026-08-24 15:51:03,146  ERROR     eds_loader.connectors._sql_base  [t] write failed: DB down
2026-08-24 15:51:03,147  INFO      eds_loader.connectors._sql_base  Connected to testuser@testhost:9999/testdb
2026-08-24 15:51:03,148  DEBUG     eds_loader.connectors._sql_base  [a] DROP TABLE IF EXISTS [testdb].[a]
2026-08-24 15:51:03,148  DEBUG     eds_loader.connectors._sql_base  [a] CREATE TABLE [testdb].[a] (
    [id] INT
)
2026-08-24 15:51:03,148  DEBUG     eds_loader.connectors._sql_base  [a] inserting 1 row(s)
2026-08-24 15:51:03,148  INFO      eds_loader.connectors._sql_base  [a] wrote 1 row(s) in 0.00s
2026-08-24 15:51:03,148  DEBUG     eds_loader.connectors._sql_base  [b] DROP TABLE IF EXISTS [testdb].[b]
2026-08-24 15:51:03,148  DEBUG     eds_loader.connectors._sql_base  [b] CREATE TABLE [testdb].[b] (
    [id] INT
)
2026-08-24 15:51:03,148  DEBUG     eds_loader.connectors._sql_base  [b] inserting 1 row(s)
2026-08-24 15:51:03,149  INFO      eds_loader.connectors._sql_base  [b] wrote 1 row(s) in 0.00s
2026-08-24 15:51:03,150  INFO      eds_loader.connectors._sql_base  Connected to testuser@testhost:9999/testdb
2026-08-24 15:51:03,151  DEBUG     eds_loader.connectors._sql_base  [z] DROP TABLE IF EXISTS [testdb].[z]
2026-08-24 15:51:03,151  DEBUG     eds_loader.connectors._sql_base  [z] CREATE TABLE [testdb].[z] (
    [id] INT
)
2026-08-24 15:51:03,151  DEBUG     eds_loader.connectors._sql_base  [z] inserting 1 row(s)
2026-08-24 15:51:03,151  INFO      eds_loader.connectors._sql_base  [z] wrote 1 row(s) in 0.00s
2026-08-24 15:51:03,151  DEBUG     eds_loader.connectors._sql_base  [a] DROP TABLE IF EXISTS [testdb].[a]
2026-08-24 15:51:03,152  DEBUG     eds_loader.connectors._sql_base  [a] CREATE TABLE [testdb].[a] (
    [id] INT
)
2026-08-24 15:51:03,152  DEBUG     eds_loader.connectors._sql_base  [a] inserting 1 row(s)
2026-08-24 15:51:03,152  INFO      eds_loader.connectors._sql_base  [a] wrote 1 row(s) in 0.00s
2026-08-24 15:51:03,153  INFO      eds_loader.connectors._sql_base  Connected to testuser@testhost:9999/testdb
2026-08-24 15:51:03,154  DEBUG     eds_loader.connectors._sql_base  [tbl] DROP TABLE IF EXISTS [testdb].[tbl]
2026-08-24 15:51:03,154  DEBUG     eds_loader.connectors._sql_base  [tbl] CREATE TABLE [testdb].[tbl] (
    [id] INT
)
2026-08-24 15:51:03,154  DEBUG     eds_loader.connectors._sql_base  [tbl] inserting 1 row(s)
2026-08-24 15:51:03,154  INFO      eds_loader.connectors._sql_base  [tbl] wrote 1 row(s) in 0.00s
2026-08-24 15:51:03,155  INFO      eds_loader.connectors._sql_base  Connected to testuser@testhost:9999/testdb
2026-08-24 15:51:03,156  DEBUG     eds_loader.connectors._sql_base  [t] DROP TABLE IF EXISTS [testdb].[t]
2026-08-24 15:51:03,156  DEBUG     eds_loader.connectors._sql_base  [t] CREATE TABLE [testdb].[t] (
    [id] INT
)
2026-08-24 15:51:03,156  DEBUG     eds_loader.connectors._sql_base  [t] inserting 3 row(s)
2026-08-24 15:51:03,157  INFO      eds_loader.connectors._sql_base  [t] wrote 3 row(s) in 0.00s
2026-08-24 15:51:03,158  INFO      eds_loader.connectors._sql_base  Connected to testuser@testhost:9999/testdb
2026-08-24 15:51:03,159  DEBUG     eds_loader.connectors._sql_base  [t] DROP TABLE IF EXISTS [testdb].[t]
2026-08-24 15:51:03,159  DEBUG     eds_loader.connectors._sql_base  [t] CREATE TABLE [testdb].[t] (
    [id] INT
)
2026-08-24 15:51:03,159  ERROR     eds_loader.connectors._sql_base  [t] write failed: syntax error
2026-08-24 15:51:03,160  INFO      eds_loader.connectors._sql_base  Connected to testuser@testhost:9999/testdb
2026-08-24 15:51:03,161  DEBUG     eds_loader.connectors._sql_base  [t] DROP TABLE IF EXISTS [testdb].[t]
2026-08-24 15:51:03,161  DEBUG     eds_loader.connectors._sql_base  [t] CREATE TABLE [testdb].[t] (
    [id] INT
)
2026-08-24 15:51:03,161  ERROR     eds_loader.connectors._sql_base  [t] write failed: oops
2026-08-24 17:12:39,740  INFO      eds_loader.cli.main  eds-loader run invoked (config=C:\Users\Mohit Patel\AppData\Local\Temp\pytest-of-spmohit\pytest-25\test_run_exits_zero_on_success0\loader.yaml, dry_run=False)
2026-08-24 17:12:39,762  INFO      eds_loader.cli.main  Config loaded: source=local_fs target=local_fs tables=(all) enforce_constraints=True schema_required=True
2026-08-24 17:12:39,762  DEBUG     eds_loader.connectors.local_fs  Reading schema.json from C:\Users\Mohit Patel\AppData\Local\Temp\pytest-of-spmohit\pytest-25\test_run_exits_zero_on_success0\source\schema.json
2026-08-24 17:12:39,780  DEBUG     eds_loader.connectors.local_fs  schema.json parsed: 2 dataset(s)
2026-08-24 17:12:39,805  INFO      eds_loader.connectors.local_fs  Read customers: 3 row(s) from C:\Users\Mohit Patel\AppData\Local\Temp\pytest-of-spmohit\pytest-25\test_run_exits_zero_on_success0\source\customers.parquet
2026-08-24 17:12:39,810  INFO      eds_loader.connectors.local_fs  Read orders: 2 row(s) from C:\Users\Mohit Patel\AppData\Local\Temp\pytest-of-spmohit\pytest-25\test_run_exits_zero_on_success0\source\orders.parquet
2026-08-24 17:12:39,810  INFO      eds_loader.loader  Read 2 dataset(s) from source
2026-08-24 17:12:39,812  INFO      eds_loader.connectors.local_fs  Wrote customers: 3 row(s) to C:\Users\Mohit Patel\AppData\Local\Temp\pytest-of-spmohit\pytest-25\test_run_exits_zero_on_success0\target\customers.parquet
2026-08-24 17:12:39,814  INFO      eds_loader.connectors.local_fs  Wrote orders: 2 row(s) to C:\Users\Mohit Patel\AppData\Local\Temp\pytest-of-spmohit\pytest-25\test_run_exits_zero_on_success0\target\orders.parquet
2026-08-24 17:12:39,814  DEBUG     eds_loader.connectors.local_fs  Merging schema.json at target
2026-08-24 17:12:39,814  INFO      eds_loader.loader  Load complete: 5 row(s) written
2026-08-24 17:12:39,814  INFO      eds_loader.cli.main  Run complete: 5 row(s) across 2 table(s) in 0.1s
2026-08-24 17:12:39,826  INFO      eds_loader.cli.main  eds-loader run invoked (config=C:\Users\Mohit Patel\AppData\Local\Temp\pytest-of-spmohit\pytest-25\test_run_prints_table_with_row0\loader.yaml, dry_run=False)
2026-08-24 17:12:39,844  INFO      eds_loader.cli.main  Config loaded: source=local_fs target=local_fs tables=(all) enforce_constraints=True schema_required=True
2026-08-24 17:12:39,845  DEBUG     eds_loader.connectors.local_fs  Reading schema.json from C:\Users\Mohit Patel\AppData\Local\Temp\pytest-of-spmohit\pytest-25\test_run_prints_table_with_row0\source\schema.json
2026-08-24 17:12:39,846  DEBUG     eds_loader.connectors.local_fs  schema.json parsed: 2 dataset(s)
2026-08-24 17:12:39,848  INFO      eds_loader.connectors.local_fs  Read customers: 3 row(s) from C:\Users\Mohit Patel\AppData\Local\Temp\pytest-of-spmohit\pytest-25\test_run_prints_table_with_row0\source\customers.parquet
2026-08-24 17:12:39,850  INFO      eds_loader.connectors.local_fs  Read orders: 2 row(s) from C:\Users\Mohit Patel\AppData\Local\Temp\pytest-of-spmohit\pytest-25\test_run_prints_table_with_row0\source\orders.parquet
2026-08-24 17:12:39,850  INFO      eds_loader.loader  Read 2 dataset(s) from source
2026-08-24 17:12:39,851  INFO      eds_loader.connectors.local_fs  Wrote customers: 3 row(s) to C:\Users\Mohit Patel\AppData\Local\Temp\pytest-of-spmohit\pytest-25\test_run_prints_table_with_row0\target\customers.parquet
2026-08-24 17:12:39,853  INFO      eds_loader.connectors.local_fs  Wrote orders: 2 row(s) to C:\Users\Mohit Patel\AppData\Local\Temp\pytest-of-spmohit\pytest-25\test_run_prints_table_with_row0\target\orders.parquet
2026-08-24 17:12:39,853  DEBUG     eds_loader.connectors.local_fs  Merging schema.json at target
2026-08-24 17:12:39,853  INFO      eds_loader.loader  Load complete: 5 row(s) written
2026-08-24 17:12:39,854  INFO      eds_loader.cli.main  Run complete: 5 row(s) across 2 table(s) in 0.0s
2026-08-24 17:12:39,863  INFO      eds_loader.cli.main  eds-loader run invoked (config=C:\Users\Mohit Patel\AppData\Local\Temp\pytest-of-spmohit\pytest-25\test_run_prints_timing_in_seco0\loader.yaml, dry_run=False)
2026-08-24 17:12:39,880  INFO      eds_loader.cli.main  Config loaded: source=local_fs target=local_fs tables=(all) enforce_constraints=True schema_required=True
2026-08-24 17:12:39,880  DEBUG     eds_loader.connectors.local_fs  Reading schema.json from C:\Users\Mohit Patel\AppData\Local\Temp\pytest-of-spmohit\pytest-25\test_run_prints_timing_in_seco0\source\schema.json
2026-08-24 17:12:39,883  DEBUG     eds_loader.connectors.local_fs  schema.json parsed: 2 dataset(s)
2026-08-24 17:12:39,886  INFO      eds_loader.connectors.local_fs  Read customers: 3 row(s) from C:\Users\Mohit Patel\AppData\Local\Temp\pytest-of-spmohit\pytest-25\test_run_prints_timing_in_seco0\source\customers.parquet
2026-08-24 17:12:39,888  INFO      eds_loader.connectors.local_fs  Read orders: 2 row(s) from C:\Users\Mohit Patel\AppData\Local\Temp\pytest-of-spmohit\pytest-25\test_run_prints_timing_in_seco0\source\orders.parquet
2026-08-24 17:12:39,888  INFO      eds_loader.loader  Read 2 dataset(s) from source
2026-08-24 17:12:39,890  INFO      eds_loader.connectors.local_fs  Wrote customers: 3 row(s) to C:\Users\Mohit Patel\AppData\Local\Temp\pytest-of-spmohit\pytest-25\test_run_prints_timing_in_seco0\target\customers.parquet
2026-08-24 17:12:39,891  INFO      eds_loader.connectors.local_fs  Wrote orders: 2 row(s) to C:\Users\Mohit Patel\AppData\Local\Temp\pytest-of-spmohit\pytest-25\test_run_prints_timing_in_seco0\target\orders.parquet
2026-08-24 17:12:39,892  DEBUG     eds_loader.connectors.local_fs  Merging schema.json at target
2026-08-24 17:12:39,892  INFO      eds_loader.loader  Load complete: 5 row(s) written
2026-08-24 17:12:39,892  INFO      eds_loader.cli.main  Run complete: 5 row(s) across 2 table(s) in 0.0s
2026-08-24 17:12:39,902  INFO      eds_loader.cli.main  eds-loader run invoked (config=C:\Users\Mohit Patel\AppData\Local\Temp\pytest-of-spmohit\pytest-25\test_run_table_has_location_co0\loader.yaml, dry_run=False)
2026-08-24 17:12:39,912  INFO      eds_loader.cli.main  Config loaded: source=local_fs target=local_fs tables=(all) enforce_constraints=True schema_required=True
2026-08-24 17:12:39,912  DEBUG     eds_loader.connectors.local_fs  Reading schema.json from C:\Users\Mohit Patel\AppData\Local\Temp\pytest-of-spmohit\pytest-25\test_run_table_has_location_co0\source\schema.json
2026-08-24 17:12:39,913  DEBUG     eds_loader.connectors.local_fs  schema.json parsed: 2 dataset(s)
2026-08-24 17:12:39,915  INFO      eds_loader.connectors.local_fs  Read customers: 3 row(s) from C:\Users\Mohit Patel\AppData\Local\Temp\pytest-of-spmohit\pytest-25\test_run_table_has_location_co0\source\customers.parquet
2026-08-24 17:12:39,918  INFO      eds_loader.connectors.local_fs  Read orders: 2 row(s) from C:\Users\Mohit Patel\AppData\Local\Temp\pytest-of-spmohit\pytest-25\test_run_table_has_location_co0\source\orders.parquet
2026-08-24 17:12:39,919  INFO      eds_loader.loader  Read 2 dataset(s) from source
2026-08-24 17:12:39,920  INFO      eds_loader.connectors.local_fs  Wrote customers: 3 row(s) to C:\Users\Mohit Patel\AppData\Local\Temp\pytest-of-spmohit\pytest-25\test_run_table_has_location_co0\target\customers.parquet
2026-08-24 17:12:39,921  INFO      eds_loader.connectors.local_fs  Wrote orders: 2 row(s) to C:\Users\Mohit Patel\AppData\Local\Temp\pytest-of-spmohit\pytest-25\test_run_table_has_location_co0\target\orders.parquet
2026-08-24 17:12:39,921  DEBUG     eds_loader.connectors.local_fs  Merging schema.json at target
2026-08-24 17:12:39,922  INFO      eds_loader.loader  Load complete: 5 row(s) written
2026-08-24 17:12:39,924  INFO      eds_loader.cli.main  Run complete: 5 row(s) across 2 table(s) in 0.0s
2026-08-24 17:12:39,931  INFO      eds_loader.cli.main  eds-loader run invoked (config=C:\Users\Mohit Patel\AppData\Local\Temp\pytest-of-spmohit\pytest-25\test_run_missing_config_exits_0\nope.yaml, dry_run=False)
2026-08-24 17:12:39,931  ERROR     eds_loader.cli.main  Config parse failed: Config file not found: C:\Users\Mohit Patel\AppData\Local\Temp\pytest-of-spmohit\pytest-25\test_run_missing_config_exits_0\nope.yaml
2026-08-24 17:12:39,939  INFO      eds_loader.cli.main  eds-loader run invoked (config=C:\Users\Mohit Patel\AppData\Local\Temp\pytest-of-spmohit\pytest-25\test_run_invalid_yaml_exits_20\loader.yaml, dry_run=False)
2026-08-24 17:12:39,956  ERROR     eds_loader.cli.main  Config parse failed: Config file C:\Users\Mohit Patel\AppData\Local\Temp\pytest-of-spmohit\pytest-25\test_run_invalid_yaml_exits_20\loader.yaml is not valid YAML: while parsing a flow sequence
  in "<unicode string>", line 1, column 9:
    source: [unclosed
            ^
expected ',' or ']', but got '<stream end>'
  in "<unicode string>", line 1, column 18:
    source: [unclosed
                     ^
2026-08-24 17:12:39,964  INFO      eds_loader.cli.main  eds-loader run invoked (config=C:\Users\Mohit Patel\AppData\Local\Temp\pytest-of-spmohit\pytest-25\test_run_unknown_connector_kin0\loader.yaml, dry_run=False)
2026-08-24 17:12:39,965  INFO      eds_loader.cli.main  Config loaded: source=nosuchdb target=local_fs tables=(all) enforce_constraints=True schema_required=True
2026-08-24 17:12:39,966  ERROR     eds_loader.cli.main  Configuration error: Unknown connector kind 'nosuchdb'.
Known connectors: azure_blob, bigquery, elasticsearch, gcs, local_fs, mongodb, mssql, mysql, oracle, postgres, remote_fs, s3.
Run `eds-loader connectors` to see install status.
2026-08-24 17:12:39,975  INFO      eds_loader.cli.main  eds-loader run invoked (config=C:\Users\Mohit Patel\AppData\Local\Temp\pytest-of-spmohit\pytest-25\test_run_load_error_exits_30\loader.yaml, dry_run=False)
2026-08-24 17:12:39,992  INFO      eds_loader.cli.main  Config loaded: source=local_fs target=local_fs tables=(all) enforce_constraints=True schema_required=True
2026-08-24 17:12:39,992  ERROR     eds_loader.cli.main  Load failed after 0.0s: disk full
2026-08-24 17:12:40,004  INFO      eds_loader.cli.main  eds-loader run invoked (config=C:\Users\Mohit Patel\AppData\Local\Temp\pytest-of-spmohit\pytest-25\test_dry_run_exits_zero0\loader.yaml, dry_run=True)
2026-08-24 17:12:40,022  INFO      eds_loader.cli.main  Config loaded: source=local_fs target=local_fs tables=(all) enforce_constraints=True schema_required=True
2026-08-24 17:12:40,022  DEBUG     eds_loader.connectors.local_fs  Reading schema.json from C:\Users\Mohit Patel\AppData\Local\Temp\pytest-of-spmohit\pytest-25\test_dry_run_exits_zero0\source\schema.json
2026-08-24 17:12:40,023  DEBUG     eds_loader.connectors.local_fs  schema.json parsed: 2 dataset(s)
2026-08-24 17:12:40,023  INFO      eds_loader.cli.main  Dry-run: reading ['customers', 'orders'] dataset(s) from source
2026-08-24 17:12:40,026  INFO      eds_loader.connectors.local_fs  Read customers: 3 row(s) from C:\Users\Mohit Patel\AppData\Local\Temp\pytest-of-spmohit\pytest-25\test_dry_run_exits_zero0\source\customers.parquet
2026-08-24 17:12:40,029  INFO      eds_loader.connectors.local_fs  Read orders: 2 row(s) from C:\Users\Mohit Patel\AppData\Local\Temp\pytest-of-spmohit\pytest-25\test_dry_run_exits_zero0\source\orders.parquet
2026-08-24 17:12:40,029  INFO      eds_loader.cli.main  Dry-run complete: 5 row(s) across 2 dataset(s)
2026-08-24 17:12:40,039  INFO      eds_loader.cli.main  eds-loader run invoked (config=C:\Users\Mohit Patel\AppData\Local\Temp\pytest-of-spmohit\pytest-25\test_dry_run_shows_dataset_nam0\loader.yaml, dry_run=True)
2026-08-24 17:12:40,057  INFO      eds_loader.cli.main  Config loaded: source=local_fs target=local_fs tables=(all) enforce_constraints=True schema_required=True
2026-08-24 17:12:40,057  DEBUG     eds_loader.connectors.local_fs  Reading schema.json from C:\Users\Mohit Patel\AppData\Local\Temp\pytest-of-spmohit\pytest-25\test_dry_run_shows_dataset_nam0\source\schema.json
2026-08-24 17:12:40,058  DEBUG     eds_loader.connectors.local_fs  schema.json parsed: 2 dataset(s)
2026-08-24 17:12:40,058  INFO      eds_loader.cli.main  Dry-run: reading ['customers', 'orders'] dataset(s) from source
2026-08-24 17:12:40,060  INFO      eds_loader.connectors.local_fs  Read customers: 3 row(s) from C:\Users\Mohit Patel\AppData\Local\Temp\pytest-of-spmohit\pytest-25\test_dry_run_shows_dataset_nam0\source\customers.parquet
2026-08-24 17:12:40,064  INFO      eds_loader.connectors.local_fs  Read orders: 2 row(s) from C:\Users\Mohit Patel\AppData\Local\Temp\pytest-of-spmohit\pytest-25\test_dry_run_shows_dataset_nam0\source\orders.parquet
2026-08-24 17:12:40,064  INFO      eds_loader.cli.main  Dry-run complete: 5 row(s) across 2 dataset(s)
2026-08-24 17:12:40,074  INFO      eds_loader.cli.main  eds-loader run invoked (config=C:\Users\Mohit Patel\AppData\Local\Temp\pytest-of-spmohit\pytest-25\test_dry_run_shows_total_rows0\loader.yaml, dry_run=True)
2026-08-24 17:12:40,088  INFO      eds_loader.cli.main  Config loaded: source=local_fs target=local_fs tables=(all) enforce_constraints=True schema_required=True
2026-08-24 17:12:40,088  DEBUG     eds_loader.connectors.local_fs  Reading schema.json from C:\Users\Mohit Patel\AppData\Local\Temp\pytest-of-spmohit\pytest-25\test_dry_run_shows_total_rows0\source\schema.json
2026-08-24 17:12:40,089  DEBUG     eds_loader.connectors.local_fs  schema.json parsed: 2 dataset(s)
2026-08-24 17:12:40,090  INFO      eds_loader.cli.main  Dry-run: reading ['customers', 'orders'] dataset(s) from source
2026-08-24 17:12:40,093  INFO      eds_loader.connectors.local_fs  Read customers: 3 row(s) from C:\Users\Mohit Patel\AppData\Local\Temp\pytest-of-spmohit\pytest-25\test_dry_run_shows_total_rows0\source\customers.parquet
2026-08-24 17:12:40,095  INFO      eds_loader.connectors.local_fs  Read orders: 2 row(s) from C:\Users\Mohit Patel\AppData\Local\Temp\pytest-of-spmohit\pytest-25\test_dry_run_shows_total_rows0\source\orders.parquet
2026-08-24 17:12:40,095  INFO      eds_loader.cli.main  Dry-run complete: 5 row(s) across 2 dataset(s)
2026-08-24 17:12:40,105  INFO      eds_loader.cli.main  eds-loader run invoked (config=C:\Users\Mohit Patel\AppData\Local\Temp\pytest-of-spmohit\pytest-25\test_dry_run_does_not_write_ta0\loader.yaml, dry_run=True)
2026-08-24 17:12:40,120  INFO      eds_loader.cli.main  Config loaded: source=local_fs target=local_fs tables=(all) enforce_constraints=True schema_required=True
2026-08-24 17:12:40,120  DEBUG     eds_loader.connectors.local_fs  Reading schema.json from C:\Users\Mohit Patel\AppData\Local\Temp\pytest-of-spmohit\pytest-25\test_dry_run_does_not_write_ta0\source\schema.json
2026-08-24 17:12:40,122  DEBUG     eds_loader.connectors.local_fs  schema.json parsed: 2 dataset(s)
2026-08-24 17:12:40,122  INFO      eds_loader.cli.main  Dry-run: reading ['customers', 'orders'] dataset(s) from source
2026-08-24 17:12:40,124  INFO      eds_loader.connectors.local_fs  Read customers: 3 row(s) from C:\Users\Mohit Patel\AppData\Local\Temp\pytest-of-spmohit\pytest-25\test_dry_run_does_not_write_ta0\source\customers.parquet
2026-08-24 17:12:40,126  INFO      eds_loader.connectors.local_fs  Read orders: 2 row(s) from C:\Users\Mohit Patel\AppData\Local\Temp\pytest-of-spmohit\pytest-25\test_dry_run_does_not_write_ta0\source\orders.parquet
2026-08-24 17:12:40,126  INFO      eds_loader.cli.main  Dry-run complete: 5 row(s) across 2 dataset(s)
2026-08-24 17:12:40,136  INFO      eds_loader.cli.main  eds-loader run invoked (config=C:\Users\Mohit Patel\AppData\Local\Temp\pytest-of-spmohit\pytest-25\test_dry_run_shows_dry_run_hea0\loader.yaml, dry_run=True)
2026-08-24 17:12:40,152  INFO      eds_loader.cli.main  Config loaded: source=local_fs target=local_fs tables=(all) enforce_constraints=True schema_required=True
2026-08-24 17:12:40,152  DEBUG     eds_loader.connectors.local_fs  Reading schema.json from C:\Users\Mohit Patel\AppData\Local\Temp\pytest-of-spmohit\pytest-25\test_dry_run_shows_dry_run_hea0\source\schema.json
2026-08-24 17:12:40,153  DEBUG     eds_loader.connectors.local_fs  schema.json parsed: 2 dataset(s)
2026-08-24 17:12:40,153  INFO      eds_loader.cli.main  Dry-run: reading ['customers', 'orders'] dataset(s) from source
2026-08-24 17:12:40,157  INFO      eds_loader.connectors.local_fs  Read customers: 3 row(s) from C:\Users\Mohit Patel\AppData\Local\Temp\pytest-of-spmohit\pytest-25\test_dry_run_shows_dry_run_hea0\source\customers.parquet
2026-08-24 17:12:40,158  INFO      eds_loader.connectors.local_fs  Read orders: 2 row(s) from C:\Users\Mohit Patel\AppData\Local\Temp\pytest-of-spmohit\pytest-25\test_dry_run_shows_dry_run_hea0\source\orders.parquet
2026-08-24 17:12:40,159  INFO      eds_loader.cli.main  Dry-run complete: 5 row(s) across 2 dataset(s)
2026-08-24 17:12:40,168  INFO      eds_loader.cli.main  eds-loader run invoked (config=C:\Users\Mohit Patel\AppData\Local\Temp\pytest-of-spmohit\pytest-25\test_dry_run_source_error_exit0\loader.yaml, dry_run=True)
2026-08-24 17:12:40,189  INFO      eds_loader.cli.main  Config loaded: source=local_fs target=local_fs tables=(all) enforce_constraints=True schema_required=True
2026-08-24 17:12:40,189  ERROR     eds_loader.cli.main  Dry-run read failed: source down
2026-08-24 17:12:40,221  DEBUG     eds_loader.connectors.local_fs  Reading schema.json from C:\Users\Mohit Patel\AppData\Local\Temp\pytest-of-spmohit\pytest-25\test_validate_good_config_exit0\source\schema.json
2026-08-24 17:12:40,222  DEBUG     eds_loader.connectors.local_fs  schema.json parsed: 2 dataset(s)
2026-08-24 17:12:40,253  DEBUG     eds_loader.connectors.local_fs  Reading schema.json from C:\Users\Mohit Patel\AppData\Local\Temp\pytest-of-spmohit\pytest-25\test_validate_prints_checkmark0\source\schema.json
2026-08-24 17:12:40,254  DEBUG     eds_loader.connectors.local_fs  schema.json parsed: 2 dataset(s)
2026-08-24 17:12:40,279  DEBUG     eds_loader.connectors.local_fs  Reading schema.json from C:\Users\Mohit Patel\AppData\Local\Temp\pytest-of-spmohit\pytest-25\test_validate_shows_dataset_co0\source\schema.json
2026-08-24 17:12:40,280  DEBUG     eds_loader.connectors.local_fs  schema.json parsed: 2 dataset(s)
2026-08-24 17:12:40,384  DEBUG     eds_loader.connectors.local_fs  Reading schema.json from C:\Users\Mohit Patel\AppData\Local\Temp\pytest-of-spmohit\pytest-25\test_validate_shows_connector_0\source\schema.json
2026-08-24 17:12:40,386  DEBUG     eds_loader.connectors.local_fs  schema.json parsed: 2 dataset(s)
2026-08-24 17:12:40,739  INFO      eds_loader.loader  Read 2 dataset(s) from source
2026-08-24 17:12:40,741  INFO      eds_loader.connectors.local_fs  Wrote customers: 3 row(s) to C:\Users\Mohit Patel\AppData\Local\Temp\pytest-of-spmohit\pytest-25\test_integration_gcs_source_vi0\target\customers.parquet
2026-08-24 17:12:40,742  INFO      eds_loader.connectors.local_fs  Wrote orders: 2 row(s) to C:\Users\Mohit Patel\AppData\Local\Temp\pytest-of-spmohit\pytest-25\test_integration_gcs_source_vi0\target\orders.parquet
2026-08-24 17:12:40,742  DEBUG     eds_loader.connectors.local_fs  Merging schema.json at target
2026-08-24 17:12:40,743  INFO      eds_loader.loader  Load complete: 5 row(s) written
2026-08-24 17:12:40,746  INFO      eds_loader.loader  Read 2 dataset(s) from source
2026-08-24 17:12:40,746  INFO      eds_loader.loader  Load complete: 3 row(s) written
2026-08-24 17:12:40,748  INFO      eds_loader.loader  Read 2 dataset(s) from source
2026-08-24 17:12:40,748  INFO      eds_loader.loader  Load complete: 3 row(s) written
2026-08-24 17:12:40,750  INFO      eds_loader.loader  Read 2 dataset(s) from source
2026-08-24 17:12:40,750  INFO      eds_loader.loader  Load complete: 3 row(s) written
2026-08-24 17:12:40,752  INFO      eds_loader.loader  Read 2 dataset(s) from source
2026-08-24 17:12:40,753  INFO      eds_loader.loader  Load complete: 3 row(s) written
2026-08-24 17:12:40,755  INFO      eds_loader.loader  Read 1 dataset(s) from source
2026-08-24 17:12:40,755  INFO      eds_loader.loader  Load complete: 1 row(s) written
2026-08-24 17:12:40,939  DEBUG     eds_loader.connectors.local_fs  Reading schema.json from C:\Users\Mohit Patel\AppData\Local\Temp\pytest-of-spmohit\pytest-25\test_read_schema_metadata_retu0\schema.json
2026-08-24 17:12:40,955  DEBUG     eds_loader.connectors.local_fs  schema.json parsed: 2 dataset(s)
2026-08-24 17:12:40,963  DEBUG     eds_loader.connectors.local_fs  Reading schema.json from C:\Users\Mohit Patel\AppData\Local\Temp\pytest-of-spmohit\pytest-25\test_read_schema_metadata_cont0\schema.json
2026-08-24 17:12:40,964  DEBUG     eds_loader.connectors.local_fs  schema.json parsed: 2 dataset(s)
2026-08-24 17:12:40,971  DEBUG     eds_loader.connectors.local_fs  Reading schema.json from C:\Users\Mohit Patel\AppData\Local\Temp\pytest-of-spmohit\pytest-25\test_read_schema_metadata_corr0\schema.json
2026-08-24 17:12:40,977  DEBUG     eds_loader.connectors.local_fs  Reading schema.json from C:\Users\Mohit Patel\AppData\Local\Temp\pytest-of-spmohit\pytest-25\test_read_schema_metadata_empt0\schema.json
2026-08-24 17:12:40,985  DEBUG     eds_loader.connectors.local_fs  Auto-discovered 2 parquet file(s) in C:\Users\Mohit Patel\AppData\Local\Temp\pytest-of-spmohit\pytest-25\test_read_datasets_none_reads_0
2026-08-24 17:12:40,987  INFO      eds_loader.connectors.local_fs  Read customers: 3 row(s) from C:\Users\Mohit Patel\AppData\Local\Temp\pytest-of-spmohit\pytest-25\test_read_datasets_none_reads_0\customers.parquet
2026-08-24 17:12:41,002  INFO      eds_loader.connectors.local_fs  Read orders: 2 row(s) from C:\Users\Mohit Patel\AppData\Local\Temp\pytest-of-spmohit\pytest-25\test_read_datasets_none_reads_0\orders.parquet
2026-08-24 17:12:41,009  DEBUG     eds_loader.connectors.local_fs  Auto-discovered 1 parquet file(s) in C:\Users\Mohit Patel\AppData\Local\Temp\pytest-of-spmohit\pytest-25\test_read_datasets_none_ignore0
2026-08-24 17:12:41,029  INFO      eds_loader.connectors.local_fs  Read data: 1 row(s) from C:\Users\Mohit Patel\AppData\Local\Temp\pytest-of-spmohit\pytest-25\test_read_datasets_none_ignore0\data.parquet
2026-08-24 17:12:41,036  DEBUG     eds_loader.connectors.local_fs  Auto-discovered 2 parquet file(s) in C:\Users\Mohit Patel\AppData\Local\Temp\pytest-of-spmohit\pytest-25\test_read_datasets_none_return0
2026-08-24 17:12:41,038  INFO      eds_loader.connectors.local_fs  Read customers: 3 row(s) from C:\Users\Mohit Patel\AppData\Local\Temp\pytest-of-spmohit\pytest-25\test_read_datasets_none_return0\customers.parquet
2026-08-24 17:12:41,040  INFO      eds_loader.connectors.local_fs  Read orders: 2 row(s) from C:\Users\Mohit Patel\AppData\Local\Temp\pytest-of-spmohit\pytest-25\test_read_datasets_none_return0\orders.parquet
2026-08-24 17:12:41,043  DEBUG     eds_loader.connectors.local_fs  Auto-discovered 0 parquet file(s) in C:\Users\Mohit Patel\AppData\Local\Temp\pytest-of-spmohit\pytest-25\test_read_datasets_none_empty_0
2026-08-24 17:12:41,052  INFO      eds_loader.connectors.local_fs  Read customers: 3 row(s) from C:\Users\Mohit Patel\AppData\Local\Temp\pytest-of-spmohit\pytest-25\test_read_datasets_explicit_na0\customers.parquet
2026-08-24 17:12:41,061  INFO      eds_loader.connectors.local_fs  Read customers: 3 row(s) from C:\Users\Mohit Patel\AppData\Local\Temp\pytest-of-spmohit\pytest-25\test_read_datasets_explicit_pr0\customers.parquet
2026-08-24 17:12:41,079  INFO      eds_loader.connectors.local_fs  Read customers: 3 row(s) from C:\Users\Mohit Patel\AppData\Local\Temp\pytest-of-spmohit\pytest-25\test_read_datasets_one_missing0\customers.parquet
2026-08-24 17:12:41,085  INFO      eds_loader.connectors.local_fs  Wrote customers: 3 row(s) to C:\Users\Mohit Patel\AppData\Local\Temp\pytest-of-spmohit\pytest-25\test_write_datasets_creates_di0\deep\nested\dir\customers.parquet
2026-08-24 17:12:41,086  INFO      eds_loader.connectors.local_fs  Wrote orders: 2 row(s) to C:\Users\Mohit Patel\AppData\Local\Temp\pytest-of-spmohit\pytest-25\test_write_datasets_creates_di0\deep\nested\dir\orders.parquet
2026-08-24 17:12:41,091  INFO      eds_loader.connectors.local_fs  Wrote customers: 3 row(s) to C:\Users\Mohit Patel\AppData\Local\Temp\pytest-of-spmohit\pytest-25\test_write_datasets_writes_par0\customers.parquet
2026-08-24 17:12:41,092  INFO      eds_loader.connectors.local_fs  Wrote orders: 2 row(s) to C:\Users\Mohit Patel\AppData\Local\Temp\pytest-of-spmohit\pytest-25\test_write_datasets_writes_par0\orders.parquet
2026-08-24 17:12:41,097  INFO      eds_loader.connectors.local_fs  Wrote customers: 3 row(s) to C:\Users\Mohit Patel\AppData\Local\Temp\pytest-of-spmohit\pytest-25\test_write_datasets_returns_on0\customers.parquet
2026-08-24 17:12:41,098  INFO      eds_loader.connectors.local_fs  Wrote orders: 2 row(s) to C:\Users\Mohit Patel\AppData\Local\Temp\pytest-of-spmohit\pytest-25\test_write_datasets_returns_on0\orders.parquet
2026-08-24 17:12:41,103  INFO      eds_loader.connectors.local_fs  Wrote customers: 3 row(s) to C:\Users\Mohit Patel\AppData\Local\Temp\pytest-of-spmohit\pytest-25\test_write_datasets_result_row0\customers.parquet
2026-08-24 17:12:41,105  INFO      eds_loader.connectors.local_fs  Wrote orders: 2 row(s) to C:\Users\Mohit Patel\AppData\Local\Temp\pytest-of-spmohit\pytest-25\test_write_datasets_result_row0\orders.parquet
2026-08-24 17:12:41,110  INFO      eds_loader.connectors.local_fs  Wrote customers: 3 row(s) to C:\Users\Mohit Patel\AppData\Local\Temp\pytest-of-spmohit\pytest-25\test_write_datasets_result_loc0\customers.parquet
2026-08-24 17:12:41,111  INFO      eds_loader.connectors.local_fs  Wrote orders: 2 row(s) to C:\Users\Mohit Patel\AppData\Local\Temp\pytest-of-spmohit\pytest-25\test_write_datasets_result_loc0\orders.parquet
2026-08-24 17:12:41,117  INFO      eds_loader.connectors.local_fs  Wrote data: 3 row(s) to C:\Users\Mohit Patel\AppData\Local\Temp\pytest-of-spmohit\pytest-25\test_write_datasets_overwrites0\data.parquet
2026-08-24 17:12:41,119  INFO      eds_loader.connectors.local_fs  Wrote data: 1 row(s) to C:\Users\Mohit Patel\AppData\Local\Temp\pytest-of-spmohit\pytest-25\test_write_datasets_overwrites0\data.parquet
2026-08-24 17:12:41,143  INFO      eds_loader.connectors.local_fs  Wrote customers: 3 row(s) to C:\Users\Mohit Patel\AppData\Local\Temp\pytest-of-spmohit\pytest-25\test_write_datasets_writes_sch0\customers.parquet
2026-08-24 17:12:41,144  INFO      eds_loader.connectors.local_fs  Wrote orders: 2 row(s) to C:\Users\Mohit Patel\AppData\Local\Temp\pytest-of-spmohit\pytest-25\test_write_datasets_writes_sch0\orders.parquet
2026-08-24 17:12:41,144  DEBUG     eds_loader.connectors.local_fs  Merging schema.json at target
2026-08-24 17:12:41,166  INFO      eds_loader.connectors.local_fs  Wrote customers: 3 row(s) to C:\Users\Mohit Patel\AppData\Local\Temp\pytest-of-spmohit\pytest-25\test_write_datasets_skips_sche0\customers.parquet
2026-08-24 17:12:41,168  INFO      eds_loader.connectors.local_fs  Wrote orders: 2 row(s) to C:\Users\Mohit Patel\AppData\Local\Temp\pytest-of-spmohit\pytest-25\test_write_datasets_skips_sche0\orders.parquet
2026-08-24 17:12:41,177  INFO      eds_loader.connectors.local_fs  Wrote customers: 3 row(s) to C:\Users\Mohit Patel\AppData\Local\Temp\pytest-of-spmohit\pytest-25\test_write_datasets_merges_sch0\customers.parquet
2026-08-24 17:12:41,178  INFO      eds_loader.connectors.local_fs  Wrote orders: 2 row(s) to C:\Users\Mohit Patel\AppData\Local\Temp\pytest-of-spmohit\pytest-25\test_write_datasets_merges_sch0\orders.parquet
2026-08-24 17:12:41,178  DEBUG     eds_loader.connectors.local_fs  Merging schema.json at target
2026-08-24 17:12:41,225  INFO      eds_loader.connectors.local_fs  Wrote customers: 3 row(s) to C:\Users\Mohit Patel\AppData\Local\Temp\pytest-of-spmohit\pytest-25\test_write_datasets_corrupt_ex0\customers.parquet
2026-08-24 17:12:41,226  INFO      eds_loader.connectors.local_fs  Wrote orders: 2 row(s) to C:\Users\Mohit Patel\AppData\Local\Temp\pytest-of-spmohit\pytest-25\test_write_datasets_corrupt_ex0\orders.parquet
2026-08-24 17:12:41,226  DEBUG     eds_loader.connectors.local_fs  Merging schema.json at target
2026-08-24 17:12:41,250  INFO      eds_loader.connectors.local_fs  Wrote customers: 3 row(s) to C:\Users\Mohit Patel\AppData\Local\Temp\pytest-of-spmohit\pytest-25\test_round_trip_dataframes_mat0\customers.parquet
2026-08-24 17:12:41,251  INFO      eds_loader.connectors.local_fs  Wrote orders: 2 row(s) to C:\Users\Mohit Patel\AppData\Local\Temp\pytest-of-spmohit\pytest-25\test_round_trip_dataframes_mat0\orders.parquet
2026-08-24 17:12:41,252  DEBUG     eds_loader.connectors.local_fs  Merging schema.json at target
2026-08-24 17:12:41,255  INFO      eds_loader.connectors.local_fs  Read customers: 3 row(s) from C:\Users\Mohit Patel\AppData\Local\Temp\pytest-of-spmohit\pytest-25\test_round_trip_dataframes_mat0\customers.parquet
2026-08-24 17:12:41,257  INFO      eds_loader.connectors.local_fs  Read orders: 2 row(s) from C:\Users\Mohit Patel\AppData\Local\Temp\pytest-of-spmohit\pytest-25\test_round_trip_dataframes_mat0\orders.parquet
2026-08-24 17:12:41,264  INFO      eds_loader.connectors.local_fs  Wrote customers: 3 row(s) to C:\Users\Mohit Patel\AppData\Local\Temp\pytest-of-spmohit\pytest-25\test_round_trip_schema_survive0\customers.parquet
2026-08-24 17:12:41,265  INFO      eds_loader.connectors.local_fs  Wrote orders: 2 row(s) to C:\Users\Mohit Patel\AppData\Local\Temp\pytest-of-spmohit\pytest-25\test_round_trip_schema_survive0\orders.parquet
2026-08-24 17:12:41,265  DEBUG     eds_loader.connectors.local_fs  Merging schema.json at target
2026-08-24 17:12:41,267  DEBUG     eds_loader.connectors.local_fs  Reading schema.json from C:\Users\Mohit Patel\AppData\Local\Temp\pytest-of-spmohit\pytest-25\test_round_trip_schema_survive0\schema.json
2026-08-24 17:12:41,268  DEBUG     eds_loader.connectors.local_fs  schema.json parsed: 2 dataset(s)
2026-08-24 17:12:41,276  DEBUG     eds_loader.connectors.local_fs  Reading schema.json from C:\Users\Mohit Patel\AppData\Local\Temp\pytest-of-spmohit\pytest-25\test_integration_local_to_loca0\schema.json
2026-08-24 17:12:41,277  DEBUG     eds_loader.connectors.local_fs  schema.json parsed: 2 dataset(s)
2026-08-24 17:12:41,280  INFO      eds_loader.connectors.local_fs  Read customers: 3 row(s) from C:\Users\Mohit Patel\AppData\Local\Temp\pytest-of-spmohit\pytest-25\test_integration_local_to_loca0\customers.parquet
2026-08-24 17:12:41,282  INFO      eds_loader.connectors.local_fs  Read orders: 2 row(s) from C:\Users\Mohit Patel\AppData\Local\Temp\pytest-of-spmohit\pytest-25\test_integration_local_to_loca0\orders.parquet
2026-08-24 17:12:41,282  INFO      eds_loader.loader  Read 2 dataset(s) from source
2026-08-24 17:12:41,283  INFO      eds_loader.connectors.local_fs  Wrote customers: 3 row(s) to C:\Users\Mohit Patel\AppData\Local\Temp\pytest-of-spmohit\pytest-25\test_integration_local_to_loca0\target\customers.parquet
2026-08-24 17:12:41,285  INFO      eds_loader.connectors.local_fs  Wrote orders: 2 row(s) to C:\Users\Mohit Patel\AppData\Local\Temp\pytest-of-spmohit\pytest-25\test_integration_local_to_loca0\target\orders.parquet
2026-08-24 17:12:41,285  DEBUG     eds_loader.connectors.local_fs  Merging schema.json at target
2026-08-24 17:12:41,285  INFO      eds_loader.loader  Load complete: 5 row(s) written
2026-08-24 17:12:41,293  DEBUG     eds_loader.connectors.local_fs  Reading schema.json from C:\Users\Mohit Patel\AppData\Local\Temp\pytest-of-spmohit\pytest-25\test_integration_table_subset_0\schema.json
2026-08-24 17:12:41,296  DEBUG     eds_loader.connectors.local_fs  schema.json parsed: 2 dataset(s)
2026-08-24 17:12:41,299  INFO      eds_loader.connectors.local_fs  Read customers: 3 row(s) from C:\Users\Mohit Patel\AppData\Local\Temp\pytest-of-spmohit\pytest-25\test_integration_table_subset_0\customers.parquet
2026-08-24 17:12:41,299  INFO      eds_loader.loader  Read 1 dataset(s) from source
2026-08-24 17:12:41,300  INFO      eds_loader.connectors.local_fs  Wrote customers: 3 row(s) to C:\Users\Mohit Patel\AppData\Local\Temp\pytest-of-spmohit\pytest-25\test_integration_table_subset_0\target_subset\customers.parquet
2026-08-24 17:12:41,300  DEBUG     eds_loader.connectors.local_fs  Merging schema.json at target
2026-08-24 17:12:41,301  INFO      eds_loader.loader  Load complete: 3 row(s) written
2026-08-24 17:12:41,309  DEBUG     eds_loader.connectors.local_fs  Reading schema.json from C:\Users\Mohit Patel\AppData\Local\Temp\pytest-of-spmohit\pytest-25\test_integration_schema_json_w0\schema.json
2026-08-24 17:12:41,310  DEBUG     eds_loader.connectors.local_fs  schema.json parsed: 2 dataset(s)
2026-08-24 17:12:41,312  INFO      eds_loader.connectors.local_fs  Read customers: 3 row(s) from C:\Users\Mohit Patel\AppData\Local\Temp\pytest-of-spmohit\pytest-25\test_integration_schema_json_w0\customers.parquet
2026-08-24 17:12:41,314  INFO      eds_loader.connectors.local_fs  Read orders: 2 row(s) from C:\Users\Mohit Patel\AppData\Local\Temp\pytest-of-spmohit\pytest-25\test_integration_schema_json_w0\orders.parquet
2026-08-24 17:12:41,314  INFO      eds_loader.loader  Read 2 dataset(s) from source
2026-08-24 17:12:41,316  INFO      eds_loader.connectors.local_fs  Wrote customers: 3 row(s) to C:\Users\Mohit Patel\AppData\Local\Temp\pytest-of-spmohit\pytest-25\test_integration_schema_json_w0\target_schema\customers.parquet
2026-08-24 17:12:41,317  INFO      eds_loader.connectors.local_fs  Wrote orders: 2 row(s) to C:\Users\Mohit Patel\AppData\Local\Temp\pytest-of-spmohit\pytest-25\test_integration_schema_json_w0\target_schema\orders.parquet
2026-08-24 17:12:41,317  DEBUG     eds_loader.connectors.local_fs  Merging schema.json at target
2026-08-24 17:12:41,318  INFO      eds_loader.loader  Load complete: 5 row(s) written
2026-08-24 17:12:41,327  DEBUG     eds_loader.connectors.local_fs  Reading schema.json from C:\Users\Mohit Patel\AppData\Local\Temp\pytest-of-spmohit\pytest-25\test_integration_schema_json_n0\schema.json
2026-08-24 17:12:41,328  DEBUG     eds_loader.connectors.local_fs  schema.json parsed: 2 dataset(s)
2026-08-24 17:12:41,332  INFO      eds_loader.connectors.local_fs  Read customers: 3 row(s) from C:\Users\Mohit Patel\AppData\Local\Temp\pytest-of-spmohit\pytest-25\test_integration_schema_json_n0\customers.parquet
2026-08-24 17:12:41,334  INFO      eds_loader.connectors.local_fs  Read orders: 2 row(s) from C:\Users\Mohit Patel\AppData\Local\Temp\pytest-of-spmohit\pytest-25\test_integration_schema_json_n0\orders.parquet
2026-08-24 17:12:41,334  INFO      eds_loader.loader  Read 2 dataset(s) from source
2026-08-24 17:12:41,336  INFO      eds_loader.connectors.local_fs  Wrote customers: 3 row(s) to C:\Users\Mohit Patel\AppData\Local\Temp\pytest-of-spmohit\pytest-25\test_integration_schema_json_n0\target_no_schema\customers.parquet
2026-08-24 17:12:41,337  INFO      eds_loader.connectors.local_fs  Wrote orders: 2 row(s) to C:\Users\Mohit Patel\AppData\Local\Temp\pytest-of-spmohit\pytest-25\test_integration_schema_json_n0\target_no_schema\orders.parquet
2026-08-24 17:12:41,337  INFO      eds_loader.loader  Load complete: 5 row(s) written
2026-08-24 17:12:41,349  INFO      eds_loader.connectors.mongodb  Connected to MongoDB localhost:27017/test_db
2026-08-24 17:12:41,350  DEBUG     eds_loader.connectors.mongodb  [customers] dropping existing collection
2026-08-24 17:12:41,351  DEBUG     eds_loader.connectors.mongodb  [customers] inserting 3 document(s)
2026-08-24 17:12:41,351  INFO      eds_loader.connectors.mongodb  [customers] wrote 3 document(s) in 0.00s
2026-08-24 17:12:41,352  DEBUG     eds_loader.connectors.mongodb  [orders] dropping existing collection
2026-08-24 17:12:41,353  DEBUG     eds_loader.connectors.mongodb  [orders] inserting 2 document(s)
2026-08-24 17:12:41,353  INFO      eds_loader.connectors.mongodb  [orders] wrote 2 document(s) in 0.00s
2026-08-24 17:12:41,355  INFO      eds_loader.connectors.mongodb  Connected to MongoDB localhost:27017/test_db
2026-08-24 17:12:41,355  DEBUG     eds_loader.connectors.mongodb  [data] dropping existing collection
2026-08-24 17:12:41,355  DEBUG     eds_loader.connectors.mongodb  [data] inserting 2 document(s)
2026-08-24 17:12:41,355  INFO      eds_loader.connectors.mongodb  [data] wrote 2 document(s) in 0.00s
2026-08-24 17:12:41,357  INFO      eds_loader.connectors.mongodb  Connected to MongoDB localhost:27017/test_db
2026-08-24 17:12:41,357  DEBUG     eds_loader.connectors.mongodb  [t] dropping existing collection
2026-08-24 17:12:41,357  DEBUG     eds_loader.connectors.mongodb  [t] inserting 1 document(s)
2026-08-24 17:12:41,357  INFO      eds_loader.connectors.mongodb  [t] wrote 1 document(s) in 0.00s
2026-08-24 17:12:41,359  INFO      eds_loader.connectors.mongodb  Connected to MongoDB localhost:27017/test_db
2026-08-24 17:12:41,359  DEBUG     eds_loader.connectors.mongodb  [empty] dropping existing collection
2026-08-24 17:12:41,359  INFO      eds_loader.connectors.mongodb  [empty] wrote 0 document(s) in 0.00s
2026-08-24 17:12:41,361  INFO      eds_loader.connectors.mongodb  Connected to MongoDB localhost:27017/test_db
2026-08-24 17:12:41,361  DEBUG     eds_loader.connectors.mongodb  [empty] dropping existing collection
2026-08-24 17:12:41,361  INFO      eds_loader.connectors.mongodb  [empty] wrote 0 document(s) in 0.00s
2026-08-24 17:12:41,362  INFO      eds_loader.connectors.mongodb  Connected to MongoDB localhost:27017/test_db
2026-08-24 17:12:41,363  DEBUG     eds_loader.connectors.mongodb  [customers] dropping existing collection
2026-08-24 17:12:41,363  DEBUG     eds_loader.connectors.mongodb  [customers] inserting 3 document(s)
2026-08-24 17:12:41,363  INFO      eds_loader.connectors.mongodb  [customers] wrote 3 document(s) in 0.00s
2026-08-24 17:12:41,363  DEBUG     eds_loader.connectors.mongodb  [orders] dropping existing collection
2026-08-24 17:12:41,363  DEBUG     eds_loader.connectors.mongodb  [orders] inserting 2 document(s)
2026-08-24 17:12:41,363  INFO      eds_loader.connectors.mongodb  [orders] wrote 2 document(s) in 0.00s
2026-08-24 17:12:41,365  INFO      eds_loader.connectors.mongodb  Connected to MongoDB localhost:27017/test_db
2026-08-24 17:12:41,365  DEBUG     eds_loader.connectors.mongodb  [customers] dropping existing collection
2026-08-24 17:12:41,365  DEBUG     eds_loader.connectors.mongodb  [customers] inserting 3 document(s)
2026-08-24 17:12:41,365  INFO      eds_loader.connectors.mongodb  [customers] wrote 3 document(s) in 0.00s
2026-08-24 17:12:41,365  DEBUG     eds_loader.connectors.mongodb  [orders] dropping existing collection
2026-08-24 17:12:41,366  DEBUG     eds_loader.connectors.mongodb  [orders] inserting 2 document(s)
2026-08-24 17:12:41,366  INFO      eds_loader.connectors.mongodb  [orders] wrote 2 document(s) in 0.00s
2026-08-24 17:12:41,367  INFO      eds_loader.connectors.mongodb  Connected to MongoDB mgserver:27020/mydb
2026-08-24 17:12:41,367  DEBUG     eds_loader.connectors.mongodb  [tbl] dropping existing collection
2026-08-24 17:12:41,367  DEBUG     eds_loader.connectors.mongodb  [tbl] inserting 1 document(s)
2026-08-24 17:12:41,367  INFO      eds_loader.connectors.mongodb  [tbl] wrote 1 document(s) in 0.00s
2026-08-24 17:12:41,369  INFO      eds_loader.connectors.mongodb  Connected to MongoDB localhost:27017/test_db
2026-08-24 17:12:41,369  DEBUG     eds_loader.connectors.mongodb  [z] dropping existing collection
2026-08-24 17:12:41,370  DEBUG     eds_loader.connectors.mongodb  [z] inserting 1 document(s)
2026-08-24 17:12:41,370  INFO      eds_loader.connectors.mongodb  [z] wrote 1 document(s) in 0.00s
2026-08-24 17:12:41,370  DEBUG     eds_loader.connectors.mongodb  [a] dropping existing collection
2026-08-24 17:12:41,370  DEBUG     eds_loader.connectors.mongodb  [a] inserting 1 document(s)
2026-08-24 17:12:41,371  INFO      eds_loader.connectors.mongodb  [a] wrote 1 document(s) in 0.00s
2026-08-24 17:12:41,372  INFO      eds_loader.connectors.mongodb  Connected to MongoDB localhost:27017/test_db
2026-08-24 17:12:41,372  DEBUG     eds_loader.connectors.mongodb  [orders] dropping existing collection
2026-08-24 17:12:41,372  DEBUG     eds_loader.connectors.mongodb  [orders] inserting 1 document(s)
2026-08-24 17:12:41,372  DEBUG     eds_loader.connectors.mongodb  [orders] creating indexes from schema metadata
2026-08-24 17:12:41,373  INFO      eds_loader.connectors.mongodb  [orders] wrote 1 document(s) in 0.00s
2026-08-24 17:12:41,373  DEBUG     eds_loader.connectors.mongodb  [customers] dropping existing collection
2026-08-24 17:12:41,373  DEBUG     eds_loader.connectors.mongodb  [customers] inserting 1 document(s)
2026-08-24 17:12:41,373  DEBUG     eds_loader.connectors.mongodb  [customers] creating indexes from schema metadata
2026-08-24 17:12:41,373  INFO      eds_loader.connectors.mongodb  [customers] wrote 1 document(s) in 0.00s
2026-08-24 17:12:41,378  INFO      eds_loader.connectors.mongodb  Connected to MongoDB localhost:27017/test_db
2026-08-24 17:12:41,378  DEBUG     eds_loader.connectors.mongodb  [customers] dropping existing collection
2026-08-24 17:12:41,378  DEBUG     eds_loader.connectors.mongodb  [customers] inserting 1 document(s)
2026-08-24 17:12:41,378  DEBUG     eds_loader.connectors.mongodb  [customers] creating indexes from schema metadata
2026-08-24 17:12:41,378  INFO      eds_loader.connectors.mongodb  [customers] wrote 1 document(s) in 0.00s
2026-08-24 17:12:41,380  INFO      eds_loader.connectors.mongodb  Connected to MongoDB localhost:27017/test_db
2026-08-24 17:12:41,380  DEBUG     eds_loader.connectors.mongodb  [customers] dropping existing collection
2026-08-24 17:12:41,380  DEBUG     eds_loader.connectors.mongodb  [customers] inserting 1 document(s)
2026-08-24 17:12:41,381  DEBUG     eds_loader.connectors.mongodb  [customers] creating indexes from schema metadata
2026-08-24 17:12:41,382  INFO      eds_loader.connectors.mongodb  [customers] wrote 1 document(s) in 0.00s
2026-08-24 17:12:41,383  INFO      eds_loader.connectors.mongodb  Connected to MongoDB localhost:27017/test_db
2026-08-24 17:12:41,383  DEBUG     eds_loader.connectors.mongodb  [orders] dropping existing collection
2026-08-24 17:12:41,383  DEBUG     eds_loader.connectors.mongodb  [orders] inserting 1 document(s)
2026-08-24 17:12:41,383  DEBUG     eds_loader.connectors.mongodb  [orders] creating indexes from schema metadata
2026-08-24 17:12:41,384  INFO      eds_loader.connectors.mongodb  [orders] wrote 1 document(s) in 0.00s
2026-08-24 17:12:41,385  INFO      eds_loader.connectors.mongodb  Connected to MongoDB localhost:27017/test_db
2026-08-24 17:12:41,385  DEBUG     eds_loader.connectors.mongodb  [customers] dropping existing collection
2026-08-24 17:12:41,385  DEBUG     eds_loader.connectors.mongodb  [customers] inserting 1 document(s)
2026-08-24 17:12:41,386  INFO      eds_loader.connectors.mongodb  [customers] wrote 1 document(s) in 0.00s
2026-08-24 17:12:41,397  INFO      eds_loader.connectors.mongodb  Connected to MongoDB localhost:27017/test_db
2026-08-24 17:12:41,397  DEBUG     eds_loader.connectors.mongodb  [t] dropping existing collection
2026-08-24 17:12:41,397  ERROR     eds_loader.connectors.mongodb  [t] write failed: network error
2026-08-24 17:12:41,398  INFO      eds_loader.connectors.mongodb  Connected to MongoDB localhost:27017/test_db
2026-08-24 17:12:41,398  DEBUG     eds_loader.connectors.mongodb  [t] dropping existing collection
2026-08-24 17:12:41,399  DEBUG     eds_loader.connectors.mongodb  [t] inserting 1 document(s)
2026-08-24 17:12:41,399  ERROR     eds_loader.connectors.mongodb  [t] write failed: duplicate key
2026-08-24 17:12:41,411  DEBUG     eds_loader.connectors.local_fs  Reading schema.json from C:\Users\Mohit Patel\AppData\Local\Temp\pytest-of-spmohit\pytest-25\test_integration_local_fs_to_m0\source\schema.json
2026-08-24 17:12:41,426  DEBUG     eds_loader.connectors.local_fs  schema.json parsed: 2 dataset(s)
2026-08-24 17:12:41,444  INFO      eds_loader.connectors.local_fs  Read customers: 3 row(s) from C:\Users\Mohit Patel\AppData\Local\Temp\pytest-of-spmohit\pytest-25\test_integration_local_fs_to_m0\source\customers.parquet
2026-08-24 17:12:41,462  INFO      eds_loader.connectors.local_fs  Read orders: 2 row(s) from C:\Users\Mohit Patel\AppData\Local\Temp\pytest-of-spmohit\pytest-25\test_integration_local_fs_to_m0\source\orders.parquet
2026-08-24 17:12:41,462  INFO      eds_loader.loader  Read 2 dataset(s) from source
2026-08-24 17:12:41,462  INFO      eds_loader.connectors.mongodb  Connected to MongoDB localhost:27017/test_db
2026-08-24 17:12:41,462  DEBUG     eds_loader.connectors.mongodb  [customers] dropping existing collection
2026-08-24 17:12:41,463  DEBUG     eds_loader.connectors.mongodb  [customers] inserting 3 document(s)
2026-08-24 17:12:41,463  DEBUG     eds_loader.connectors.mongodb  [customers] creating indexes from schema metadata
2026-08-24 17:12:41,463  INFO      eds_loader.connectors.mongodb  [customers] wrote 3 document(s) in 0.00s
2026-08-24 17:12:41,463  DEBUG     eds_loader.connectors.mongodb  [orders] dropping existing collection
2026-08-24 17:12:41,463  DEBUG     eds_loader.connectors.mongodb  [orders] inserting 2 document(s)
2026-08-24 17:12:41,464  DEBUG     eds_loader.connectors.mongodb  [orders] creating indexes from schema metadata
2026-08-24 17:12:41,464  INFO      eds_loader.connectors.mongodb  [orders] wrote 2 document(s) in 0.00s
2026-08-24 17:12:41,464  INFO      eds_loader.loader  Load complete: 5 row(s) written
2026-08-24 17:12:41,474  DEBUG     eds_loader.connectors.local_fs  Reading schema.json from C:\Users\Mohit Patel\AppData\Local\Temp\pytest-of-spmohit\pytest-25\test_integration_enforce_false0\source2\schema.json
2026-08-24 17:12:41,476  DEBUG     eds_loader.connectors.local_fs  schema.json parsed: 2 dataset(s)
2026-08-24 17:12:41,479  INFO      eds_loader.connectors.local_fs  Read customers: 3 row(s) from C:\Users\Mohit Patel\AppData\Local\Temp\pytest-of-spmohit\pytest-25\test_integration_enforce_false0\source2\customers.parquet
2026-08-24 17:12:41,481  INFO      eds_loader.connectors.local_fs  Read orders: 2 row(s) from C:\Users\Mohit Patel\AppData\Local\Temp\pytest-of-spmohit\pytest-25\test_integration_enforce_false0\source2\orders.parquet
2026-08-24 17:12:41,481  INFO      eds_loader.loader  Read 2 dataset(s) from source
2026-08-24 17:12:41,481  INFO      eds_loader.connectors.mongodb  Connected to MongoDB localhost:27017/test_db
2026-08-24 17:12:41,482  DEBUG     eds_loader.connectors.mongodb  [customers] dropping existing collection
2026-08-24 17:12:41,482  DEBUG     eds_loader.connectors.mongodb  [customers] inserting 3 document(s)
2026-08-24 17:12:41,482  INFO      eds_loader.connectors.mongodb  [customers] wrote 3 document(s) in 0.00s
2026-08-24 17:12:41,482  DEBUG     eds_loader.connectors.mongodb  [orders] dropping existing collection
2026-08-24 17:12:41,483  DEBUG     eds_loader.connectors.mongodb  [orders] inserting 2 document(s)
2026-08-24 17:12:41,483  INFO      eds_loader.connectors.mongodb  [orders] wrote 2 document(s) in 0.00s
2026-08-24 17:12:41,483  INFO      eds_loader.loader  Load complete: 5 row(s) written
2026-08-24 17:12:41,497  INFO      eds_loader.connectors._sql_base  Connected to test_user@localhost:3306/test_db
2026-08-24 17:12:41,497  DEBUG     eds_loader.connectors._sql_base  Ensuring namespace exists: CREATE DATABASE IF NOT EXISTS `test_db`
2026-08-24 17:12:41,498  DEBUG     eds_loader.connectors._sql_base  [t] DROP TABLE IF EXISTS `test_db`.`t`
2026-08-24 17:12:41,498  DEBUG     eds_loader.connectors._sql_base  [t] CREATE TABLE `test_db`.`t` (
    `id` BIGINT
)
2026-08-24 17:12:41,498  DEBUG     eds_loader.connectors._sql_base  [t] inserting 1 row(s)
2026-08-24 17:12:41,498  INFO      eds_loader.connectors._sql_base  [t] wrote 1 row(s) in 0.00s
2026-08-24 17:12:41,499  INFO      eds_loader.connectors._sql_base  Connected to test_user@localhost:3306/test_db
2026-08-24 17:12:41,500  DEBUG     eds_loader.connectors._sql_base  Ensuring namespace exists: CREATE DATABASE IF NOT EXISTS `test_db`
2026-08-24 17:12:41,500  DEBUG     eds_loader.connectors._sql_base  [t] DROP TABLE IF EXISTS `test_db`.`t`
2026-08-24 17:12:41,500  DEBUG     eds_loader.connectors._sql_base  [t] CREATE TABLE `test_db`.`t` (
    `id` BIGINT
)
2026-08-24 17:12:41,500  DEBUG     eds_loader.connectors._sql_base  [t] inserting 1 row(s)
2026-08-24 17:12:41,501  INFO      eds_loader.connectors._sql_base  [t] wrote 1 row(s) in 0.00s
2026-08-24 17:12:41,502  INFO      eds_loader.connectors._sql_base  Connected to test_user@localhost:3306/test_db
2026-08-24 17:12:41,502  DEBUG     eds_loader.connectors._sql_base  Ensuring namespace exists: CREATE DATABASE IF NOT EXISTS `test_db`
2026-08-24 17:12:41,502  DEBUG     eds_loader.connectors._sql_base  [t] DROP TABLE IF EXISTS `test_db`.`t`
2026-08-24 17:12:41,503  ERROR     eds_loader.connectors._sql_base  [t] write failed: DB down
2026-08-24 17:12:41,504  INFO      eds_loader.connectors._sql_base  Connected to test_user@localhost:3306/eds_db
2026-08-24 17:12:41,504  DEBUG     eds_loader.connectors._sql_base  Ensuring namespace exists: CREATE DATABASE IF NOT EXISTS `eds_db`
2026-08-24 17:12:41,505  DEBUG     eds_loader.connectors._sql_base  [customers] DROP TABLE IF EXISTS `eds_db`.`customers`
2026-08-24 17:12:41,505  DEBUG     eds_loader.connectors._sql_base  [customers] CREATE TABLE `eds_db`.`customers` (
    `id` BIGINT
)
2026-08-24 17:12:41,505  DEBUG     eds_loader.connectors._sql_base  [customers] inserting 1 row(s)
2026-08-24 17:12:41,505  INFO      eds_loader.connectors._sql_base  [customers] wrote 1 row(s) in 0.00s
2026-08-24 17:12:41,507  INFO      eds_loader.connectors._sql_base  Connected to test_user@localhost:3306/eds_db
2026-08-24 17:12:41,507  DEBUG     eds_loader.connectors._sql_base  Table write order (FK-sorted): customers, orders
2026-08-24 17:12:41,507  DEBUG     eds_loader.connectors._sql_base  Ensuring namespace exists: CREATE DATABASE IF NOT EXISTS `eds_db`
2026-08-24 17:12:41,507  DEBUG     eds_loader.connectors._sql_base  [customers] DROP TABLE IF EXISTS `eds_db`.`customers`
2026-08-24 17:12:41,507  DEBUG     eds_loader.connectors._sql_base  [customers] CREATE TABLE `eds_db`.`customers` (
    `customer_id` BIGINT PRIMARY KEY,
    `name` TEXT
)
2026-08-24 17:12:41,507  DEBUG     eds_loader.connectors._sql_base  [customers] inserting 2 row(s)
2026-08-24 17:12:41,508  INFO      eds_loader.connectors._sql_base  [customers] wrote 2 row(s) in 0.00s
2026-08-24 17:12:41,508  DEBUG     eds_loader.connectors._sql_base  [orders] DROP TABLE IF EXISTS `eds_db`.`orders`
2026-08-24 17:12:41,508  DEBUG     eds_loader.connectors._sql_base  [orders] CREATE TABLE `eds_db`.`orders` (
    `order_id` BIGINT PRIMARY KEY,
    `customer_id` BIGINT NOT NULL REFERENCES `eds_db`.`customers`(`customer_id`)
)
2026-08-24 17:12:41,508  DEBUG     eds_loader.connectors._sql_base  [orders] inserting 1 row(s)
2026-08-24 17:12:41,508  INFO      eds_loader.connectors._sql_base  [orders] wrote 1 row(s) in 0.00s
2026-08-24 17:12:41,510  INFO      eds_loader.connectors._sql_base  Connected to test_user@localhost:3306/test_db
2026-08-24 17:12:41,511  DEBUG     eds_loader.connectors._sql_base  Ensuring namespace exists: CREATE DATABASE IF NOT EXISTS `test_db`
2026-08-24 17:12:41,511  DEBUG     eds_loader.connectors._sql_base  [t] DROP TABLE IF EXISTS `test_db`.`t`
2026-08-24 17:12:41,511  DEBUG     eds_loader.connectors._sql_base  [t] CREATE TABLE `test_db`.`t` (
    `id` BIGINT
)
2026-08-24 17:12:41,511  DEBUG     eds_loader.connectors._sql_base  [t] inserting 1 row(s)
2026-08-24 17:12:41,511  INFO      eds_loader.connectors._sql_base  [t] wrote 1 row(s) in 0.00s
2026-08-24 17:12:41,513  INFO      eds_loader.connectors._sql_base  Connected to test_user@srv:3306/db
2026-08-24 17:12:41,514  DEBUG     eds_loader.connectors._sql_base  Ensuring namespace exists: CREATE DATABASE IF NOT EXISTS `db`
2026-08-24 17:12:41,514  DEBUG     eds_loader.connectors._sql_base  [tbl] DROP TABLE IF EXISTS `db`.`tbl`
2026-08-24 17:12:41,514  DEBUG     eds_loader.connectors._sql_base  [tbl] CREATE TABLE `db`.`tbl` (
    `id` BIGINT
)
2026-08-24 17:12:41,514  DEBUG     eds_loader.connectors._sql_base  [tbl] inserting 1 row(s)
2026-08-24 17:12:41,514  INFO      eds_loader.connectors._sql_base  [tbl] wrote 1 row(s) in 0.00s
2026-08-24 17:12:41,516  INFO      eds_loader.connectors._sql_base  Connected to test_user@localhost:3306/test_db
2026-08-24 17:12:41,516  DEBUG     eds_loader.connectors._sql_base  Table write order (FK-sorted): customers, orders
2026-08-24 17:12:41,516  DEBUG     eds_loader.connectors._sql_base  Ensuring namespace exists: CREATE DATABASE IF NOT EXISTS `test_db`
2026-08-24 17:12:41,517  DEBUG     eds_loader.connectors._sql_base  [customers] DROP TABLE IF EXISTS `test_db`.`customers`
2026-08-24 17:12:41,517  DEBUG     eds_loader.connectors._sql_base  [customers] CREATE TABLE `test_db`.`customers` (
    `customer_id` BIGINT PRIMARY KEY,
    `name` TEXT
)
2026-08-24 17:12:41,517  DEBUG     eds_loader.connectors._sql_base  [customers] inserting 2 row(s)
2026-08-24 17:12:41,517  INFO      eds_loader.connectors._sql_base  [customers] wrote 2 row(s) in 0.00s
2026-08-24 17:12:41,517  DEBUG     eds_loader.connectors._sql_base  [orders] DROP TABLE IF EXISTS `test_db`.`orders`
2026-08-24 17:12:41,517  DEBUG     eds_loader.connectors._sql_base  [orders] CREATE TABLE `test_db`.`orders` (
    `order_id` BIGINT PRIMARY KEY,
    `customer_id` BIGINT NOT NULL REFERENCES `test_db`.`customers`(`customer_id`)
)
2026-08-24 17:12:41,517  DEBUG     eds_loader.connectors._sql_base  [orders] inserting 1 row(s)
2026-08-24 17:12:41,517  INFO      eds_loader.connectors._sql_base  [orders] wrote 1 row(s) in 0.00s
2026-08-24 17:12:41,534  DEBUG     eds_loader.connectors.local_fs  Reading schema.json from C:\Users\Mohit Patel\AppData\Local\Temp\pytest-of-spmohit\pytest-25\test_integration_local_fs_to_m1\source\schema.json
2026-08-24 17:12:41,555  DEBUG     eds_loader.connectors.local_fs  schema.json parsed: 2 dataset(s)
2026-08-24 17:12:41,557  INFO      eds_loader.connectors.local_fs  Read customers: 2 row(s) from C:\Users\Mohit Patel\AppData\Local\Temp\pytest-of-spmohit\pytest-25\test_integration_local_fs_to_m1\source\customers.parquet
2026-08-24 17:12:41,559  INFO      eds_loader.connectors.local_fs  Read orders: 1 row(s) from C:\Users\Mohit Patel\AppData\Local\Temp\pytest-of-spmohit\pytest-25\test_integration_local_fs_to_m1\source\orders.parquet
2026-08-24 17:12:41,559  INFO      eds_loader.loader  Read 2 dataset(s) from source
2026-08-24 17:12:41,559  INFO      eds_loader.connectors._sql_base  Connected to test_user@localhost:3306/test_db
2026-08-24 17:12:41,559  DEBUG     eds_loader.connectors._sql_base  Table write order (FK-sorted): customers, orders
2026-08-24 17:12:41,559  DEBUG     eds_loader.connectors._sql_base  Ensuring namespace exists: CREATE DATABASE IF NOT EXISTS `test_db`
2026-08-24 17:12:41,560  DEBUG     eds_loader.connectors._sql_base  [customers] DROP TABLE IF EXISTS `test_db`.`customers`
2026-08-24 17:12:41,561  DEBUG     eds_loader.connectors._sql_base  [customers] CREATE TABLE `test_db`.`customers` (
    `customer_id` BIGINT PRIMARY KEY,
    `name` TEXT
)
2026-08-24 17:12:41,561  DEBUG     eds_loader.connectors._sql_base  [customers] inserting 2 row(s)
2026-08-24 17:12:41,561  INFO      eds_loader.connectors._sql_base  [customers] wrote 2 row(s) in 0.00s
2026-08-24 17:12:41,562  DEBUG     eds_loader.connectors._sql_base  [orders] DROP TABLE IF EXISTS `test_db`.`orders`
2026-08-24 17:12:41,562  DEBUG     eds_loader.connectors._sql_base  [orders] CREATE TABLE `test_db`.`orders` (
    `order_id` BIGINT PRIMARY KEY,
    `customer_id` BIGINT NOT NULL REFERENCES `test_db`.`customers`(`customer_id`)
)
2026-08-24 17:12:41,562  DEBUG     eds_loader.connectors._sql_base  [orders] inserting 1 row(s)
2026-08-24 17:12:41,562  INFO      eds_loader.connectors._sql_base  [orders] wrote 1 row(s) in 0.00s
2026-08-24 17:12:41,562  INFO      eds_loader.loader  Load complete: 3 row(s) written
2026-08-24 17:12:41,582  INFO      eds_loader.connectors._sql_base  Connected to test_user@localhost:5432/test_db
2026-08-24 17:12:41,582  DEBUG     eds_loader.connectors._sql_base  Ensuring namespace exists: CREATE SCHEMA IF NOT EXISTS "public"
2026-08-24 17:12:41,582  DEBUG     eds_loader.connectors._sql_base  [customers] DROP TABLE IF EXISTS "public"."customers" CASCADE
2026-08-24 17:12:41,582  DEBUG     eds_loader.connectors._sql_base  [customers] CREATE TABLE "public"."customers" (
    "customer_id" BIGINT,
    "name" TEXT
)
2026-08-24 17:12:41,582  DEBUG     eds_loader.connectors._sql_base  [customers] inserting 3 row(s)
2026-08-24 17:12:41,583  INFO      eds_loader.connectors._sql_base  [customers] wrote 3 row(s) in 0.00s
2026-08-24 17:12:41,583  DEBUG     eds_loader.connectors._sql_base  [orders] DROP TABLE IF EXISTS "public"."orders" CASCADE
2026-08-24 17:12:41,583  DEBUG     eds_loader.connectors._sql_base  [orders] CREATE TABLE "public"."orders" (
    "order_id" BIGINT,
    "customer_id" BIGINT,
    "amount" DOUBLE PRECISION
)
2026-08-24 17:12:41,583  DEBUG     eds_loader.connectors._sql_base  [orders] inserting 2 row(s)
2026-08-24 17:12:41,583  INFO      eds_loader.connectors._sql_base  [orders] wrote 2 row(s) in 0.00s
2026-08-24 17:12:41,584  INFO      eds_loader.connectors._sql_base  Connected to test_user@localhost:5432/test_db
2026-08-24 17:12:41,584  DEBUG     eds_loader.connectors._sql_base  Ensuring namespace exists: CREATE SCHEMA IF NOT EXISTS "public"
2026-08-24 17:12:41,585  DEBUG     eds_loader.connectors._sql_base  [customers] DROP TABLE IF EXISTS "public"."customers" CASCADE
2026-08-24 17:12:41,585  DEBUG     eds_loader.connectors._sql_base  [customers] CREATE TABLE "public"."customers" (
    "id" BIGINT
)
2026-08-24 17:12:41,585  DEBUG     eds_loader.connectors._sql_base  [customers] inserting 1 row(s)
2026-08-24 17:12:41,585  INFO      eds_loader.connectors._sql_base  [customers] wrote 1 row(s) in 0.00s
2026-08-24 17:12:41,586  INFO      eds_loader.connectors._sql_base  Connected to test_user@localhost:5432/test_db
2026-08-24 17:12:41,587  DEBUG     eds_loader.connectors._sql_base  Ensuring namespace exists: CREATE SCHEMA IF NOT EXISTS "public"
2026-08-24 17:12:41,587  DEBUG     eds_loader.connectors._sql_base  [tbl] DROP TABLE IF EXISTS "public"."tbl" CASCADE
2026-08-24 17:12:41,587  DEBUG     eds_loader.connectors._sql_base  [tbl] CREATE TABLE "public"."tbl" (
    "a" BIGINT
)
2026-08-24 17:12:41,587  DEBUG     eds_loader.connectors._sql_base  [tbl] inserting 1 row(s)
2026-08-24 17:12:41,587  INFO      eds_loader.connectors._sql_base  [tbl] wrote 1 row(s) in 0.00s
2026-08-24 17:12:41,589  INFO      eds_loader.connectors._sql_base  Connected to test_user@localhost:5432/test_db
2026-08-24 17:12:41,589  DEBUG     eds_loader.connectors._sql_base  Ensuring namespace exists: CREATE SCHEMA IF NOT EXISTS "public"
2026-08-24 17:12:41,589  DEBUG     eds_loader.connectors._sql_base  [data] DROP TABLE IF EXISTS "public"."data" CASCADE
2026-08-24 17:12:41,589  DEBUG     eds_loader.connectors._sql_base  [data] CREATE TABLE "public"."data" (
    "id" BIGINT,
    "val" TEXT
)
2026-08-24 17:12:41,589  DEBUG     eds_loader.connectors._sql_base  [data] inserting 3 row(s)
2026-08-24 17:12:41,590  INFO      eds_loader.connectors._sql_base  [data] wrote 3 row(s) in 0.00s
2026-08-24 17:12:41,591  INFO      eds_loader.connectors._sql_base  Connected to test_user@localhost:5432/test_db
2026-08-24 17:12:41,591  DEBUG     eds_loader.connectors._sql_base  Ensuring namespace exists: CREATE SCHEMA IF NOT EXISTS "public"
2026-08-24 17:12:41,592  DEBUG     eds_loader.connectors._sql_base  [customers] DROP TABLE IF EXISTS "public"."customers" CASCADE
2026-08-24 17:12:41,592  DEBUG     eds_loader.connectors._sql_base  [customers] CREATE TABLE "public"."customers" (
    "customer_id" BIGINT,
    "name" TEXT
)
2026-08-24 17:12:41,592  DEBUG     eds_loader.connectors._sql_base  [customers] inserting 3 row(s)
2026-08-24 17:12:41,592  INFO      eds_loader.connectors._sql_base  [customers] wrote 3 row(s) in 0.00s
2026-08-24 17:12:41,592  DEBUG     eds_loader.connectors._sql_base  [orders] DROP TABLE IF EXISTS "public"."orders" CASCADE
2026-08-24 17:12:41,592  DEBUG     eds_loader.connectors._sql_base  [orders] CREATE TABLE "public"."orders" (
    "order_id" BIGINT,
    "customer_id" BIGINT,
    "amount" DOUBLE PRECISION
)
2026-08-24 17:12:41,592  DEBUG     eds_loader.connectors._sql_base  [orders] inserting 2 row(s)
2026-08-24 17:12:41,592  INFO      eds_loader.connectors._sql_base  [orders] wrote 2 row(s) in 0.00s
2026-08-24 17:12:41,594  INFO      eds_loader.connectors._sql_base  Connected to test_user@localhost:5432/test_db
2026-08-24 17:12:41,594  DEBUG     eds_loader.connectors._sql_base  Ensuring namespace exists: CREATE SCHEMA IF NOT EXISTS "public"
2026-08-24 17:12:41,595  DEBUG     eds_loader.connectors._sql_base  [customers] DROP TABLE IF EXISTS "public"."customers" CASCADE
2026-08-24 17:12:41,595  DEBUG     eds_loader.connectors._sql_base  [customers] CREATE TABLE "public"."customers" (
    "customer_id" BIGINT,
    "name" TEXT
)
2026-08-24 17:12:41,595  DEBUG     eds_loader.connectors._sql_base  [customers] inserting 3 row(s)
2026-08-24 17:12:41,595  INFO      eds_loader.connectors._sql_base  [customers] wrote 3 row(s) in 0.00s
2026-08-24 17:12:41,595  DEBUG     eds_loader.connectors._sql_base  [orders] DROP TABLE IF EXISTS "public"."orders" CASCADE
2026-08-24 17:12:41,595  DEBUG     eds_loader.connectors._sql_base  [orders] CREATE TABLE "public"."orders" (
    "order_id" BIGINT,
    "customer_id" BIGINT,
    "amount" DOUBLE PRECISION
)
2026-08-24 17:12:41,595  DEBUG     eds_loader.connectors._sql_base  [orders] inserting 2 row(s)
2026-08-24 17:12:41,595  INFO      eds_loader.connectors._sql_base  [orders] wrote 2 row(s) in 0.00s
2026-08-24 17:12:41,597  INFO      eds_loader.connectors._sql_base  Connected to test_user@localhost:5432/test_db
2026-08-24 17:12:41,597  DEBUG     eds_loader.connectors._sql_base  Ensuring namespace exists: CREATE SCHEMA IF NOT EXISTS "public"
2026-08-24 17:12:41,597  DEBUG     eds_loader.connectors._sql_base  [customers] DROP TABLE IF EXISTS "public"."customers" CASCADE
2026-08-24 17:12:41,597  DEBUG     eds_loader.connectors._sql_base  [customers] CREATE TABLE "public"."customers" (
    "customer_id" BIGINT,
    "name" TEXT
)
2026-08-24 17:12:41,597  DEBUG     eds_loader.connectors._sql_base  [customers] inserting 3 row(s)
2026-08-24 17:12:41,598  INFO      eds_loader.connectors._sql_base  [customers] wrote 3 row(s) in 0.00s
2026-08-24 17:12:41,598  DEBUG     eds_loader.connectors._sql_base  [orders] DROP TABLE IF EXISTS "public"."orders" CASCADE
2026-08-24 17:12:41,598  DEBUG     eds_loader.connectors._sql_base  [orders] CREATE TABLE "public"."orders" (
    "order_id" BIGINT,
    "customer_id" BIGINT,
    "amount" DOUBLE PRECISION
)
2026-08-24 17:12:41,598  DEBUG     eds_loader.connectors._sql_base  [orders] inserting 2 row(s)
2026-08-24 17:12:41,598  INFO      eds_loader.connectors._sql_base  [orders] wrote 2 row(s) in 0.00s
2026-08-24 17:12:41,599  INFO      eds_loader.connectors._sql_base  Connected to test_user@dbserver:5433/mydb
2026-08-24 17:12:41,600  DEBUG     eds_loader.connectors._sql_base  Ensuring namespace exists: CREATE SCHEMA IF NOT EXISTS "public"
2026-08-24 17:12:41,600  DEBUG     eds_loader.connectors._sql_base  [tbl] DROP TABLE IF EXISTS "public"."tbl" CASCADE
2026-08-24 17:12:41,600  DEBUG     eds_loader.connectors._sql_base  [tbl] CREATE TABLE "public"."tbl" (
    "id" BIGINT
)
2026-08-24 17:12:41,600  DEBUG     eds_loader.connectors._sql_base  [tbl] inserting 1 row(s)
2026-08-24 17:12:41,600  INFO      eds_loader.connectors._sql_base  [tbl] wrote 1 row(s) in 0.00s
2026-08-24 17:12:41,602  INFO      eds_loader.connectors._sql_base  Connected to test_user@localhost:5432/test_db
2026-08-24 17:12:41,602  DEBUG     eds_loader.connectors._sql_base  Table write order (FK-sorted): customers, orders
2026-08-24 17:12:41,602  DEBUG     eds_loader.connectors._sql_base  Ensuring namespace exists: CREATE SCHEMA IF NOT EXISTS "public"
2026-08-24 17:12:41,602  DEBUG     eds_loader.connectors._sql_base  [customers] DROP TABLE IF EXISTS "public"."customers" CASCADE
2026-08-24 17:12:41,602  DEBUG     eds_loader.connectors._sql_base  [customers] CREATE TABLE "public"."customers" (
    "customer_id" BIGINT PRIMARY KEY,
    "name" TEXT UNIQUE
)
2026-08-24 17:12:41,602  DEBUG     eds_loader.connectors._sql_base  [customers] inserting 3 row(s)
2026-08-24 17:12:41,603  INFO      eds_loader.connectors._sql_base  [customers] wrote 3 row(s) in 0.00s
2026-08-24 17:12:41,603  DEBUG     eds_loader.connectors._sql_base  [orders] DROP TABLE IF EXISTS "public"."orders" CASCADE
2026-08-24 17:12:41,603  DEBUG     eds_loader.connectors._sql_base  [orders] CREATE TABLE "public"."orders" (
    "order_id" BIGINT PRIMARY KEY,
    "customer_id" BIGINT NOT NULL REFERENCES "public"."customers"("customer_id"),
    "amount" DOUBLE PRECISION
)
2026-08-24 17:12:41,603  DEBUG     eds_loader.connectors._sql_base  [orders] inserting 2 row(s)
2026-08-24 17:12:41,603  INFO      eds_loader.connectors._sql_base  [orders] wrote 2 row(s) in 0.00s
2026-08-24 17:12:41,605  INFO      eds_loader.connectors._sql_base  Connected to test_user@localhost:5432/test_db
2026-08-24 17:12:41,605  DEBUG     eds_loader.connectors._sql_base  Table write order (FK-sorted): customers, orders
2026-08-24 17:12:41,605  DEBUG     eds_loader.connectors._sql_base  Ensuring namespace exists: CREATE SCHEMA IF NOT EXISTS "public"
2026-08-24 17:12:41,605  DEBUG     eds_loader.connectors._sql_base  [customers] DROP TABLE IF EXISTS "public"."customers" CASCADE
2026-08-24 17:12:41,605  DEBUG     eds_loader.connectors._sql_base  [customers] CREATE TABLE "public"."customers" (
    "customer_id" BIGINT PRIMARY KEY,
    "name" TEXT UNIQUE
)
2026-08-24 17:12:41,606  DEBUG     eds_loader.connectors._sql_base  [customers] inserting 3 row(s)
2026-08-24 17:12:41,606  INFO      eds_loader.connectors._sql_base  [customers] wrote 3 row(s) in 0.00s
2026-08-24 17:12:41,606  DEBUG     eds_loader.connectors._sql_base  [orders] DROP TABLE IF EXISTS "public"."orders" CASCADE
2026-08-24 17:12:41,606  DEBUG     eds_loader.connectors._sql_base  [orders] CREATE TABLE "public"."orders" (
    "order_id" BIGINT PRIMARY KEY,
    "customer_id" BIGINT NOT NULL REFERENCES "public"."customers"("customer_id"),
    "amount" DOUBLE PRECISION
)
2026-08-24 17:12:41,606  DEBUG     eds_loader.connectors._sql_base  [orders] inserting 2 row(s)
2026-08-24 17:12:41,606  INFO      eds_loader.connectors._sql_base  [orders] wrote 2 row(s) in 0.00s
2026-08-24 17:12:41,608  INFO      eds_loader.connectors._sql_base  Connected to test_user@localhost:5432/test_db
2026-08-24 17:12:41,609  DEBUG     eds_loader.connectors._sql_base  Ensuring namespace exists: CREATE SCHEMA IF NOT EXISTS "public"
2026-08-24 17:12:41,609  DEBUG     eds_loader.connectors._sql_base  [empty] DROP TABLE IF EXISTS "public"."empty" CASCADE
2026-08-24 17:12:41,609  DEBUG     eds_loader.connectors._sql_base  [empty] CREATE TABLE "public"."empty" (
    "id" BIGINT
)
2026-08-24 17:12:41,609  DEBUG     eds_loader.connectors._sql_base  [empty] inserting 0 row(s)
2026-08-24 17:12:41,610  INFO      eds_loader.connectors._sql_base  [empty] wrote 0 row(s) in 0.00s
2026-08-24 17:12:41,612  INFO      eds_loader.connectors._sql_base  Connected to test_user@localhost:5432/test_db
2026-08-24 17:12:41,612  DEBUG     eds_loader.connectors._sql_base  Ensuring namespace exists: CREATE SCHEMA IF NOT EXISTS "public"
2026-08-24 17:12:41,613  DEBUG     eds_loader.connectors._sql_base  [tbl] DROP TABLE IF EXISTS "public"."tbl" CASCADE
2026-08-24 17:12:41,613  DEBUG     eds_loader.connectors._sql_base  [tbl] CREATE TABLE "public"."tbl" (
    "id" BIGINT
)
2026-08-24 17:12:41,613  ERROR     eds_loader.connectors._sql_base  [tbl] write failed: DB error
2026-08-24 17:12:41,615  INFO      eds_loader.connectors._sql_base  Connected to test_user@localhost:5432/test_db
2026-08-24 17:12:41,615  DEBUG     eds_loader.connectors._sql_base  Ensuring namespace exists: CREATE SCHEMA IF NOT EXISTS "public"
2026-08-24 17:12:41,615  DEBUG     eds_loader.connectors._sql_base  [tbl] DROP TABLE IF EXISTS "public"."tbl" CASCADE
2026-08-24 17:12:41,616  DEBUG     eds_loader.connectors._sql_base  [tbl] CREATE TABLE "public"."tbl" (
    "id" BIGINT
)
2026-08-24 17:12:41,616  ERROR     eds_loader.connectors._sql_base  [tbl] write failed: oops
2026-08-24 17:12:41,637  DEBUG     eds_loader.connectors.local_fs  Reading schema.json from C:\Users\Mohit Patel\AppData\Local\Temp\pytest-of-spmohit\pytest-25\test_integration_local_fs_to_p0\source\schema.json
2026-08-24 17:12:41,655  DEBUG     eds_loader.connectors.local_fs  schema.json parsed: 2 dataset(s)
2026-08-24 17:12:41,658  INFO      eds_loader.connectors.local_fs  Read customers: 3 row(s) from C:\Users\Mohit Patel\AppData\Local\Temp\pytest-of-spmohit\pytest-25\test_integration_local_fs_to_p0\source\customers.parquet
2026-08-24 17:12:41,661  INFO      eds_loader.connectors.local_fs  Read orders: 2 row(s) from C:\Users\Mohit Patel\AppData\Local\Temp\pytest-of-spmohit\pytest-25\test_integration_local_fs_to_p0\source\orders.parquet
2026-08-24 17:12:41,661  INFO      eds_loader.loader  Read 2 dataset(s) from source
2026-08-24 17:12:41,662  INFO      eds_loader.connectors._sql_base  Connected to test_user@localhost:5432/test_db
2026-08-24 17:12:41,662  DEBUG     eds_loader.connectors._sql_base  Table write order (FK-sorted): customers, orders
2026-08-24 17:12:41,662  DEBUG     eds_loader.connectors._sql_base  Ensuring namespace exists: CREATE SCHEMA IF NOT EXISTS "public"
2026-08-24 17:12:41,662  DEBUG     eds_loader.connectors._sql_base  [customers] DROP TABLE IF EXISTS "public"."customers" CASCADE
2026-08-24 17:12:41,663  DEBUG     eds_loader.connectors._sql_base  [customers] CREATE TABLE "public"."customers" (
    "customer_id" BIGINT PRIMARY KEY,
    "name" TEXT UNIQUE
)
2026-08-24 17:12:41,663  DEBUG     eds_loader.connectors._sql_base  [customers] inserting 3 row(s)
2026-08-24 17:12:41,663  INFO      eds_loader.connectors._sql_base  [customers] wrote 3 row(s) in 0.00s
2026-08-24 17:12:41,663  DEBUG     eds_loader.connectors._sql_base  [orders] DROP TABLE IF EXISTS "public"."orders" CASCADE
2026-08-24 17:12:41,664  DEBUG     eds_loader.connectors._sql_base  [orders] CREATE TABLE "public"."orders" (
    "order_id" BIGINT PRIMARY KEY,
    "customer_id" BIGINT NOT NULL REFERENCES "public"."customers"("customer_id"),
    "amount" DOUBLE PRECISION
)
2026-08-24 17:12:41,664  DEBUG     eds_loader.connectors._sql_base  [orders] inserting 2 row(s)
2026-08-24 17:12:41,664  INFO      eds_loader.connectors._sql_base  [orders] wrote 2 row(s) in 0.00s
2026-08-24 17:12:41,664  INFO      eds_loader.loader  Load complete: 5 row(s) written
2026-08-24 17:12:41,674  DEBUG     eds_loader.connectors.local_fs  Reading schema.json from C:\Users\Mohit Patel\AppData\Local\Temp\pytest-of-spmohit\pytest-25\test_integration_enforce_false1\source2\schema.json
2026-08-24 17:12:41,676  DEBUG     eds_loader.connectors.local_fs  schema.json parsed: 2 dataset(s)
2026-08-24 17:12:41,678  INFO      eds_loader.connectors.local_fs  Read customers: 3 row(s) from C:\Users\Mohit Patel\AppData\Local\Temp\pytest-of-spmohit\pytest-25\test_integration_enforce_false1\source2\customers.parquet
2026-08-24 17:12:41,681  INFO      eds_loader.connectors.local_fs  Read orders: 2 row(s) from C:\Users\Mohit Patel\AppData\Local\Temp\pytest-of-spmohit\pytest-25\test_integration_enforce_false1\source2\orders.parquet
2026-08-24 17:12:41,681  INFO      eds_loader.loader  Read 2 dataset(s) from source
2026-08-24 17:12:41,681  INFO      eds_loader.connectors._sql_base  Connected to test_user@localhost:5432/test_db
2026-08-24 17:12:41,681  DEBUG     eds_loader.connectors._sql_base  Ensuring namespace exists: CREATE SCHEMA IF NOT EXISTS "public"
2026-08-24 17:12:41,682  DEBUG     eds_loader.connectors._sql_base  [customers] DROP TABLE IF EXISTS "public"."customers" CASCADE
2026-08-24 17:12:41,682  DEBUG     eds_loader.connectors._sql_base  [customers] CREATE TABLE "public"."customers" (
    "customer_id" BIGINT,
    "name" TEXT
)
2026-08-24 17:12:41,682  DEBUG     eds_loader.connectors._sql_base  [customers] inserting 3 row(s)
2026-08-24 17:12:41,682  INFO      eds_loader.connectors._sql_base  [customers] wrote 3 row(s) in 0.00s
2026-08-24 17:12:41,683  DEBUG     eds_loader.connectors._sql_base  [orders] DROP TABLE IF EXISTS "public"."orders" CASCADE
2026-08-24 17:12:41,683  DEBUG     eds_loader.connectors._sql_base  [orders] CREATE TABLE "public"."orders" (
    "order_id" BIGINT,
    "customer_id" BIGINT,
    "amount" DOUBLE PRECISION
)
2026-08-24 17:12:41,683  DEBUG     eds_loader.connectors._sql_base  [orders] inserting 2 row(s)
2026-08-24 17:12:41,683  INFO      eds_loader.connectors._sql_base  [orders] wrote 2 row(s) in 0.00s
2026-08-24 17:12:41,683  INFO      eds_loader.loader  Load complete: 5 row(s) written
2026-08-24 17:12:41,701  INFO      eds_loader.connectors.remote_fs  Connected to SFTP testuser@test.example.com:22
2026-08-24 17:12:41,704  INFO      eds_loader.connectors.remote_fs  Connected to SFTP testuser@test.example.com:22
2026-08-24 17:12:41,800  INFO      eds_loader.connectors.remote_fs  Connected to SFTP testuser@test.example.com:22
2026-08-24 17:12:41,813  DEBUG     eds_loader.connectors.remote_fs  Listing remote directory: /data/eds
2026-08-24 17:12:41,813  DEBUG     eds_loader.connectors.remote_fs  Found 2 .parquet file(s) in /data/eds
2026-08-24 17:12:41,814  INFO      eds_loader.connectors.remote_fs  Downloaded customers: 2 row(s) from /data/eds/customers.parquet
2026-08-24 17:12:41,815  INFO      eds_loader.connectors.remote_fs  Downloaded orders: 1 row(s) from /data/eds/orders.parquet
2026-08-24 17:12:41,818  DEBUG     eds_loader.connectors.remote_fs  Listing remote directory: /data/eds
2026-08-24 17:12:41,819  DEBUG     eds_loader.connectors.remote_fs  Found 1 .parquet file(s) in /data/eds
2026-08-24 17:12:41,819  INFO      eds_loader.connectors.remote_fs  Downloaded data: 1 row(s) from /data/eds/data.parquet
2026-08-24 17:12:41,821  DEBUG     eds_loader.connectors.remote_fs  Listing remote directory: /data/eds
2026-08-24 17:12:41,823  INFO      eds_loader.connectors.remote_fs  Downloaded customers: 2 row(s) from /data/eds/customers.parquet
2026-08-24 17:12:41,826  INFO      eds_loader.connectors.remote_fs  Downloaded my_table: 3 row(s) from /data/eds/my_table.parquet
2026-08-24 17:12:41,862  DEBUG     eds_loader.connectors.remote_fs  Listing remote directory: /data/eds
2026-08-24 17:12:41,863  DEBUG     eds_loader.connectors.remote_fs  Found 0 .parquet file(s) in /data/eds
2026-08-24 17:12:41,872  INFO      eds_loader.connectors.remote_fs  Downloaded customers: 2 row(s) from /data/eds/customers.parquet
2026-08-24 17:12:41,873  INFO      eds_loader.connectors.remote_fs  Downloaded orders: 1 row(s) from /data/eds/orders.parquet
2026-08-24 17:12:41,873  INFO      eds_loader.loader  Read 2 dataset(s) from source
2026-08-24 17:12:41,875  INFO      eds_loader.connectors.local_fs  Wrote customers: 2 row(s) to C:\Users\Mohit Patel\AppData\Local\Temp\pytest-of-spmohit\pytest-25\test_integration_remote_fs_sou0\remote_to_local_target\customers.parquet
2026-08-24 17:12:41,877  INFO      eds_loader.connectors.local_fs  Wrote orders: 1 row(s) to C:\Users\Mohit Patel\AppData\Local\Temp\pytest-of-spmohit\pytest-25\test_integration_remote_fs_sou0\remote_to_local_target\orders.parquet
2026-08-24 17:12:41,877  DEBUG     eds_loader.connectors.local_fs  Merging schema.json at target
2026-08-24 17:12:41,878  INFO      eds_loader.loader  Load complete: 3 row(s) written
2026-08-24 17:12:41,884  INFO      eds_loader.connectors.remote_fs  Downloaded customers: 2 row(s) from /data/eds/customers.parquet
2026-08-24 17:12:41,884  INFO      eds_loader.loader  Read 1 dataset(s) from source
2026-08-24 17:12:41,886  INFO      eds_loader.connectors.local_fs  Wrote customers: 2 row(s) to C:\Users\Mohit Patel\AppData\Local\Temp\pytest-of-spmohit\pytest-25\test_integration_table_subset_1\subset_target\customers.parquet
2026-08-24 17:12:41,886  DEBUG     eds_loader.connectors.local_fs  Merging schema.json at target
2026-08-24 17:12:41,887  INFO      eds_loader.loader  Load complete: 2 row(s) written
2026-08-24 17:12:41,922  INFO      eds_loader.loader  Read 2 dataset(s) from source
2026-08-24 17:12:41,924  INFO      eds_loader.connectors.local_fs  Wrote customers: 2 row(s) to C:\Users\Mohit Patel\AppData\Local\Temp\pytest-of-spmohit\pytest-25\test_integration_s3_source_via0\target\customers.parquet
2026-08-24 17:12:41,926  INFO      eds_loader.connectors.local_fs  Wrote orders: 1 row(s) to C:\Users\Mohit Patel\AppData\Local\Temp\pytest-of-spmohit\pytest-25\test_integration_s3_source_via0\target\orders.parquet
2026-08-24 17:12:41,926  DEBUG     eds_loader.connectors.local_fs  Merging schema.json at target
2026-08-24 17:12:41,927  INFO      eds_loader.loader  Load complete: 3 row(s) written
2026-08-24 17:12:41,942  INFO      eds_loader.connectors._sql_base  Connected to testuser@testhost:9999/testdb
2026-08-24 17:12:41,942  DEBUG     eds_loader.connectors._sql_base  Ensuring namespace exists: CREATE DATABASE IF NOT EXISTS [testdb]
2026-08-24 17:12:41,943  DEBUG     eds_loader.connectors._sql_base  [t] DROP TABLE IF EXISTS [testdb].[t]
2026-08-24 17:12:41,943  DEBUG     eds_loader.connectors._sql_base  [t] CREATE TABLE [testdb].[t] (
    [id] INT
)
2026-08-24 17:12:41,943  DEBUG     eds_loader.connectors._sql_base  [t] inserting 1 row(s)
2026-08-24 17:12:41,944  INFO      eds_loader.connectors._sql_base  [t] wrote 1 row(s) in 0.00s
2026-08-24 17:12:41,946  INFO      eds_loader.connectors._sql_base  Connected to testuser@testhost:9999/testdb
2026-08-24 17:12:41,946  DEBUG     eds_loader.connectors._sql_base  [t] DROP TABLE IF EXISTS [testdb].[t]
2026-08-24 17:12:41,947  DEBUG     eds_loader.connectors._sql_base  [t] CREATE TABLE [testdb].[t] (
    [id] INT
)
2026-08-24 17:12:41,947  DEBUG     eds_loader.connectors._sql_base  [t] inserting 1 row(s)
2026-08-24 17:12:41,947  INFO      eds_loader.connectors._sql_base  [t] wrote 1 row(s) in 0.00s
2026-08-24 17:12:41,948  INFO      eds_loader.connectors._sql_base  Connected to testuser@testhost:9999/testdb
2026-08-24 17:12:41,949  DEBUG     eds_loader.connectors._sql_base  [t] DROP TABLE IF EXISTS [testdb].[t]
2026-08-24 17:12:41,950  ERROR     eds_loader.connectors._sql_base  [t] write failed: DB down
2026-08-24 17:12:41,951  INFO      eds_loader.connectors._sql_base  Connected to testuser@testhost:9999/testdb
2026-08-24 17:12:41,952  DEBUG     eds_loader.connectors._sql_base  [a] DROP TABLE IF EXISTS [testdb].[a]
2026-08-24 17:12:41,952  DEBUG     eds_loader.connectors._sql_base  [a] CREATE TABLE [testdb].[a] (
    [id] INT
)
2026-08-24 17:12:41,952  DEBUG     eds_loader.connectors._sql_base  [a] inserting 1 row(s)
2026-08-24 17:12:41,952  INFO      eds_loader.connectors._sql_base  [a] wrote 1 row(s) in 0.00s
2026-08-24 17:12:41,953  DEBUG     eds_loader.connectors._sql_base  [b] DROP TABLE IF EXISTS [testdb].[b]
2026-08-24 17:12:41,953  DEBUG     eds_loader.connectors._sql_base  [b] CREATE TABLE [testdb].[b] (
    [id] INT
)
2026-08-24 17:12:41,953  DEBUG     eds_loader.connectors._sql_base  [b] inserting 1 row(s)
2026-08-24 17:12:41,953  INFO      eds_loader.connectors._sql_base  [b] wrote 1 row(s) in 0.00s
2026-08-24 17:12:41,957  INFO      eds_loader.connectors._sql_base  Connected to testuser@testhost:9999/testdb
2026-08-24 17:12:41,957  DEBUG     eds_loader.connectors._sql_base  [z] DROP TABLE IF EXISTS [testdb].[z]
2026-08-24 17:12:41,958  DEBUG     eds_loader.connectors._sql_base  [z] CREATE TABLE [testdb].[z] (
    [id] INT
)
2026-08-24 17:12:41,958  DEBUG     eds_loader.connectors._sql_base  [z] inserting 1 row(s)
2026-08-24 17:12:41,958  INFO      eds_loader.connectors._sql_base  [z] wrote 1 row(s) in 0.00s
2026-08-24 17:12:41,958  DEBUG     eds_loader.connectors._sql_base  [a] DROP TABLE IF EXISTS [testdb].[a]
2026-08-24 17:12:41,958  DEBUG     eds_loader.connectors._sql_base  [a] CREATE TABLE [testdb].[a] (
    [id] INT
)
2026-08-24 17:12:41,958  DEBUG     eds_loader.connectors._sql_base  [a] inserting 1 row(s)
2026-08-24 17:12:41,958  INFO      eds_loader.connectors._sql_base  [a] wrote 1 row(s) in 0.00s
2026-08-24 17:12:41,960  INFO      eds_loader.connectors._sql_base  Connected to testuser@testhost:9999/testdb
2026-08-24 17:12:41,960  DEBUG     eds_loader.connectors._sql_base  [tbl] DROP TABLE IF EXISTS [testdb].[tbl]
2026-08-24 17:12:41,961  DEBUG     eds_loader.connectors._sql_base  [tbl] CREATE TABLE [testdb].[tbl] (
    [id] INT
)
2026-08-24 17:12:41,961  DEBUG     eds_loader.connectors._sql_base  [tbl] inserting 1 row(s)
2026-08-24 17:12:41,961  INFO      eds_loader.connectors._sql_base  [tbl] wrote 1 row(s) in 0.00s
2026-08-24 17:12:41,962  INFO      eds_loader.connectors._sql_base  Connected to testuser@testhost:9999/testdb
2026-08-24 17:12:41,963  DEBUG     eds_loader.connectors._sql_base  [t] DROP TABLE IF EXISTS [testdb].[t]
2026-08-24 17:12:41,963  DEBUG     eds_loader.connectors._sql_base  [t] CREATE TABLE [testdb].[t] (
    [id] INT
)
2026-08-24 17:12:41,963  DEBUG     eds_loader.connectors._sql_base  [t] inserting 3 row(s)
2026-08-24 17:12:41,963  INFO      eds_loader.connectors._sql_base  [t] wrote 3 row(s) in 0.00s
2026-08-24 17:12:41,965  INFO      eds_loader.connectors._sql_base  Connected to testuser@testhost:9999/testdb
2026-08-24 17:12:41,966  DEBUG     eds_loader.connectors._sql_base  [t] DROP TABLE IF EXISTS [testdb].[t]
2026-08-24 17:12:41,966  DEBUG     eds_loader.connectors._sql_base  [t] CREATE TABLE [testdb].[t] (
    [id] INT
)
2026-08-24 17:12:41,966  ERROR     eds_loader.connectors._sql_base  [t] write failed: syntax error
2026-08-24 17:12:41,969  INFO      eds_loader.connectors._sql_base  Connected to testuser@testhost:9999/testdb
2026-08-24 17:12:41,971  DEBUG     eds_loader.connectors._sql_base  [t] DROP TABLE IF EXISTS [testdb].[t]
2026-08-24 17:12:41,971  DEBUG     eds_loader.connectors._sql_base  [t] CREATE TABLE [testdb].[t] (
    [id] INT
)
2026-08-24 17:12:41,971  ERROR     eds_loader.connectors._sql_base  [t] write failed: oops
2026-08-24 17:13:04,134  INFO      eds_loader.cli.main  eds-loader run invoked (config=C:\Users\Mohit Patel\AppData\Local\Temp\pytest-of-spmohit\pytest-26\test_run_exits_zero_on_success0\loader.yaml, dry_run=False)
2026-08-24 17:13:04,156  INFO      eds_loader.cli.main  Config loaded: source=local_fs target=local_fs tables=(all) enforce_constraints=True schema_required=True
2026-08-24 17:13:04,156  DEBUG     eds_loader.connectors.local_fs  Reading schema.json from C:\Users\Mohit Patel\AppData\Local\Temp\pytest-of-spmohit\pytest-26\test_run_exits_zero_on_success0\source\schema.json
2026-08-24 17:13:04,157  DEBUG     eds_loader.connectors.local_fs  schema.json parsed: 2 dataset(s)
2026-08-24 17:13:04,159  INFO      eds_loader.connectors.local_fs  Read customers: 3 row(s) from C:\Users\Mohit Patel\AppData\Local\Temp\pytest-of-spmohit\pytest-26\test_run_exits_zero_on_success0\source\customers.parquet
2026-08-24 17:13:04,163  INFO      eds_loader.connectors.local_fs  Read orders: 2 row(s) from C:\Users\Mohit Patel\AppData\Local\Temp\pytest-of-spmohit\pytest-26\test_run_exits_zero_on_success0\source\orders.parquet
2026-08-24 17:13:04,163  INFO      eds_loader.loader  Read 2 dataset(s) from source
2026-08-24 17:13:04,164  INFO      eds_loader.connectors.local_fs  Wrote customers: 3 row(s) to C:\Users\Mohit Patel\AppData\Local\Temp\pytest-of-spmohit\pytest-26\test_run_exits_zero_on_success0\target\customers.parquet
2026-08-24 17:13:04,165  INFO      eds_loader.connectors.local_fs  Wrote orders: 2 row(s) to C:\Users\Mohit Patel\AppData\Local\Temp\pytest-of-spmohit\pytest-26\test_run_exits_zero_on_success0\target\orders.parquet
2026-08-24 17:13:04,165  DEBUG     eds_loader.connectors.local_fs  Merging schema.json at target
2026-08-24 17:13:04,166  INFO      eds_loader.loader  Load complete: 5 row(s) written
2026-08-24 17:13:04,166  INFO      eds_loader.cli.main  Run complete: 5 row(s) across 2 table(s) in 0.0s
2026-08-24 17:13:04,176  INFO      eds_loader.cli.main  eds-loader run invoked (config=C:\Users\Mohit Patel\AppData\Local\Temp\pytest-of-spmohit\pytest-26\test_run_prints_table_with_row0\loader.yaml, dry_run=False)
2026-08-24 17:13:04,195  INFO      eds_loader.cli.main  Config loaded: source=local_fs target=local_fs tables=(all) enforce_constraints=True schema_required=True
2026-08-24 17:13:04,196  DEBUG     eds_loader.connectors.local_fs  Reading schema.json from C:\Users\Mohit Patel\AppData\Local\Temp\pytest-of-spmohit\pytest-26\test_run_prints_table_with_row0\source\schema.json
2026-08-24 17:13:04,197  DEBUG     eds_loader.connectors.local_fs  schema.json parsed: 2 dataset(s)
2026-08-24 17:13:04,199  INFO      eds_loader.connectors.local_fs  Read customers: 3 row(s) from C:\Users\Mohit Patel\AppData\Local\Temp\pytest-of-spmohit\pytest-26\test_run_prints_table_with_row0\source\customers.parquet
2026-08-24 17:13:04,200  INFO      eds_loader.connectors.local_fs  Read orders: 2 row(s) from C:\Users\Mohit Patel\AppData\Local\Temp\pytest-of-spmohit\pytest-26\test_run_prints_table_with_row0\source\orders.parquet
2026-08-24 17:13:04,201  INFO      eds_loader.loader  Read 2 dataset(s) from source
2026-08-24 17:13:04,202  INFO      eds_loader.connectors.local_fs  Wrote customers: 3 row(s) to C:\Users\Mohit Patel\AppData\Local\Temp\pytest-of-spmohit\pytest-26\test_run_prints_table_with_row0\target\customers.parquet
2026-08-24 17:13:04,204  INFO      eds_loader.connectors.local_fs  Wrote orders: 2 row(s) to C:\Users\Mohit Patel\AppData\Local\Temp\pytest-of-spmohit\pytest-26\test_run_prints_table_with_row0\target\orders.parquet
2026-08-24 17:13:04,204  DEBUG     eds_loader.connectors.local_fs  Merging schema.json at target
2026-08-24 17:13:04,205  INFO      eds_loader.loader  Load complete: 5 row(s) written
2026-08-24 17:13:04,205  INFO      eds_loader.cli.main  Run complete: 5 row(s) across 2 table(s) in 0.0s
2026-08-24 17:13:04,215  INFO      eds_loader.cli.main  eds-loader run invoked (config=C:\Users\Mohit Patel\AppData\Local\Temp\pytest-of-spmohit\pytest-26\test_run_prints_timing_in_seco0\loader.yaml, dry_run=False)
2026-08-24 17:13:04,234  INFO      eds_loader.cli.main  Config loaded: source=local_fs target=local_fs tables=(all) enforce_constraints=True schema_required=True
2026-08-24 17:13:04,234  DEBUG     eds_loader.connectors.local_fs  Reading schema.json from C:\Users\Mohit Patel\AppData\Local\Temp\pytest-of-spmohit\pytest-26\test_run_prints_timing_in_seco0\source\schema.json
2026-08-24 17:13:04,236  DEBUG     eds_loader.connectors.local_fs  schema.json parsed: 2 dataset(s)
2026-08-24 17:13:04,238  INFO      eds_loader.connectors.local_fs  Read customers: 3 row(s) from C:\Users\Mohit Patel\AppData\Local\Temp\pytest-of-spmohit\pytest-26\test_run_prints_timing_in_seco0\source\customers.parquet
2026-08-24 17:13:04,240  INFO      eds_loader.connectors.local_fs  Read orders: 2 row(s) from C:\Users\Mohit Patel\AppData\Local\Temp\pytest-of-spmohit\pytest-26\test_run_prints_timing_in_seco0\source\orders.parquet
2026-08-24 17:13:04,240  INFO      eds_loader.loader  Read 2 dataset(s) from source
2026-08-24 17:13:04,242  INFO      eds_loader.connectors.local_fs  Wrote customers: 3 row(s) to C:\Users\Mohit Patel\AppData\Local\Temp\pytest-of-spmohit\pytest-26\test_run_prints_timing_in_seco0\target\customers.parquet
2026-08-24 17:13:04,243  INFO      eds_loader.connectors.local_fs  Wrote orders: 2 row(s) to C:\Users\Mohit Patel\AppData\Local\Temp\pytest-of-spmohit\pytest-26\test_run_prints_timing_in_seco0\target\orders.parquet
2026-08-24 17:13:04,243  DEBUG     eds_loader.connectors.local_fs  Merging schema.json at target
2026-08-24 17:13:04,244  INFO      eds_loader.loader  Load complete: 5 row(s) written
2026-08-24 17:13:04,244  INFO      eds_loader.cli.main  Run complete: 5 row(s) across 2 table(s) in 0.0s
2026-08-24 17:13:04,256  INFO      eds_loader.cli.main  eds-loader run invoked (config=C:\Users\Mohit Patel\AppData\Local\Temp\pytest-of-spmohit\pytest-26\test_run_table_has_location_co0\loader.yaml, dry_run=False)
2026-08-24 17:13:04,271  INFO      eds_loader.cli.main  Config loaded: source=local_fs target=local_fs tables=(all) enforce_constraints=True schema_required=True
2026-08-24 17:13:04,271  DEBUG     eds_loader.connectors.local_fs  Reading schema.json from C:\Users\Mohit Patel\AppData\Local\Temp\pytest-of-spmohit\pytest-26\test_run_table_has_location_co0\source\schema.json
2026-08-24 17:13:04,273  DEBUG     eds_loader.connectors.local_fs  schema.json parsed: 2 dataset(s)
2026-08-24 17:13:04,276  INFO      eds_loader.connectors.local_fs  Read customers: 3 row(s) from C:\Users\Mohit Patel\AppData\Local\Temp\pytest-of-spmohit\pytest-26\test_run_table_has_location_co0\source\customers.parquet
2026-08-24 17:13:04,279  INFO      eds_loader.connectors.local_fs  Read orders: 2 row(s) from C:\Users\Mohit Patel\AppData\Local\Temp\pytest-of-spmohit\pytest-26\test_run_table_has_location_co0\source\orders.parquet
2026-08-24 17:13:04,279  INFO      eds_loader.loader  Read 2 dataset(s) from source
2026-08-24 17:13:04,281  INFO      eds_loader.connectors.local_fs  Wrote customers: 3 row(s) to C:\Users\Mohit Patel\AppData\Local\Temp\pytest-of-spmohit\pytest-26\test_run_table_has_location_co0\target\customers.parquet
2026-08-24 17:13:04,282  INFO      eds_loader.connectors.local_fs  Wrote orders: 2 row(s) to C:\Users\Mohit Patel\AppData\Local\Temp\pytest-of-spmohit\pytest-26\test_run_table_has_location_co0\target\orders.parquet
2026-08-24 17:13:04,282  DEBUG     eds_loader.connectors.local_fs  Merging schema.json at target
2026-08-24 17:13:04,283  INFO      eds_loader.loader  Load complete: 5 row(s) written
2026-08-24 17:13:04,283  INFO      eds_loader.cli.main  Run complete: 5 row(s) across 2 table(s) in 0.0s
2026-08-24 17:13:04,294  INFO      eds_loader.cli.main  eds-loader run invoked (config=C:\Users\Mohit Patel\AppData\Local\Temp\pytest-of-spmohit\pytest-26\test_run_missing_config_exits_0\nope.yaml, dry_run=False)
2026-08-24 17:13:04,294  ERROR     eds_loader.cli.main  Config parse failed: Config file not found: C:\Users\Mohit Patel\AppData\Local\Temp\pytest-of-spmohit\pytest-26\test_run_missing_config_exits_0\nope.yaml
2026-08-24 17:13:04,304  INFO      eds_loader.cli.main  eds-loader run invoked (config=C:\Users\Mohit Patel\AppData\Local\Temp\pytest-of-spmohit\pytest-26\test_run_invalid_yaml_exits_20\loader.yaml, dry_run=False)
2026-08-24 17:13:04,306  ERROR     eds_loader.cli.main  Config parse failed: Config file C:\Users\Mohit Patel\AppData\Local\Temp\pytest-of-spmohit\pytest-26\test_run_invalid_yaml_exits_20\loader.yaml is not valid YAML: while parsing a flow sequence
  in "<unicode string>", line 1, column 9:
    source: [unclosed
            ^
expected ',' or ']', but got '<stream end>'
  in "<unicode string>", line 1, column 18:
    source: [unclosed
                     ^
2026-08-24 17:13:04,315  INFO      eds_loader.cli.main  eds-loader run invoked (config=C:\Users\Mohit Patel\AppData\Local\Temp\pytest-of-spmohit\pytest-26\test_run_unknown_connector_kin0\loader.yaml, dry_run=False)
2026-08-24 17:13:04,316  INFO      eds_loader.cli.main  Config loaded: source=nosuchdb target=local_fs tables=(all) enforce_constraints=True schema_required=True
2026-08-24 17:13:04,317  ERROR     eds_loader.cli.main  Configuration error: Unknown connector kind 'nosuchdb'.
Known connectors: azure_blob, bigquery, elasticsearch, gcs, local_fs, mongodb, mssql, mysql, oracle, postgres, remote_fs, s3.
Run `eds-loader connectors` to see install status.
2026-08-24 17:13:04,332  INFO      eds_loader.cli.main  eds-loader run invoked (config=C:\Users\Mohit Patel\AppData\Local\Temp\pytest-of-spmohit\pytest-26\test_run_load_error_exits_30\loader.yaml, dry_run=False)
2026-08-24 17:13:04,354  INFO      eds_loader.cli.main  Config loaded: source=local_fs target=local_fs tables=(all) enforce_constraints=True schema_required=True
2026-08-24 17:13:04,355  ERROR     eds_loader.cli.main  Load failed after 0.0s: disk full
2026-08-24 17:13:04,368  INFO      eds_loader.cli.main  eds-loader run invoked (config=C:\Users\Mohit Patel\AppData\Local\Temp\pytest-of-spmohit\pytest-26\test_dry_run_exits_zero0\loader.yaml, dry_run=True)
2026-08-24 17:13:04,384  INFO      eds_loader.cli.main  Config loaded: source=local_fs target=local_fs tables=(all) enforce_constraints=True schema_required=True
2026-08-24 17:13:04,385  DEBUG     eds_loader.connectors.local_fs  Reading schema.json from C:\Users\Mohit Patel\AppData\Local\Temp\pytest-of-spmohit\pytest-26\test_dry_run_exits_zero0\source\schema.json
2026-08-24 17:13:04,386  DEBUG     eds_loader.connectors.local_fs  schema.json parsed: 2 dataset(s)
2026-08-24 17:13:04,386  INFO      eds_loader.cli.main  Dry-run: reading ['customers', 'orders'] dataset(s) from source
2026-08-24 17:13:04,388  INFO      eds_loader.connectors.local_fs  Read customers: 3 row(s) from C:\Users\Mohit Patel\AppData\Local\Temp\pytest-of-spmohit\pytest-26\test_dry_run_exits_zero0\source\customers.parquet
2026-08-24 17:13:04,390  INFO      eds_loader.connectors.local_fs  Read orders: 2 row(s) from C:\Users\Mohit Patel\AppData\Local\Temp\pytest-of-spmohit\pytest-26\test_dry_run_exits_zero0\source\orders.parquet
2026-08-24 17:13:04,391  INFO      eds_loader.cli.main  Dry-run complete: 5 row(s) across 2 dataset(s)
2026-08-24 17:13:04,402  INFO      eds_loader.cli.main  eds-loader run invoked (config=C:\Users\Mohit Patel\AppData\Local\Temp\pytest-of-spmohit\pytest-26\test_dry_run_shows_dataset_nam0\loader.yaml, dry_run=True)
2026-08-24 17:13:04,420  INFO      eds_loader.cli.main  Config loaded: source=local_fs target=local_fs tables=(all) enforce_constraints=True schema_required=True
2026-08-24 17:13:04,421  DEBUG     eds_loader.connectors.local_fs  Reading schema.json from C:\Users\Mohit Patel\AppData\Local\Temp\pytest-of-spmohit\pytest-26\test_dry_run_shows_dataset_nam0\source\schema.json
2026-08-24 17:13:04,422  DEBUG     eds_loader.connectors.local_fs  schema.json parsed: 2 dataset(s)
2026-08-24 17:13:04,422  INFO      eds_loader.cli.main  Dry-run: reading ['customers', 'orders'] dataset(s) from source
2026-08-24 17:13:04,424  INFO      eds_loader.connectors.local_fs  Read customers: 3 row(s) from C:\Users\Mohit Patel\AppData\Local\Temp\pytest-of-spmohit\pytest-26\test_dry_run_shows_dataset_nam0\source\customers.parquet
2026-08-24 17:13:04,427  INFO      eds_loader.connectors.local_fs  Read orders: 2 row(s) from C:\Users\Mohit Patel\AppData\Local\Temp\pytest-of-spmohit\pytest-26\test_dry_run_shows_dataset_nam0\source\orders.parquet
2026-08-24 17:13:04,427  INFO      eds_loader.cli.main  Dry-run complete: 5 row(s) across 2 dataset(s)
2026-08-24 17:13:04,438  INFO      eds_loader.cli.main  eds-loader run invoked (config=C:\Users\Mohit Patel\AppData\Local\Temp\pytest-of-spmohit\pytest-26\test_dry_run_shows_total_rows0\loader.yaml, dry_run=True)
2026-08-24 17:13:04,458  INFO      eds_loader.cli.main  Config loaded: source=local_fs target=local_fs tables=(all) enforce_constraints=True schema_required=True
2026-08-24 17:13:04,458  DEBUG     eds_loader.connectors.local_fs  Reading schema.json from C:\Users\Mohit Patel\AppData\Local\Temp\pytest-of-spmohit\pytest-26\test_dry_run_shows_total_rows0\source\schema.json
2026-08-24 17:13:04,459  DEBUG     eds_loader.connectors.local_fs  schema.json parsed: 2 dataset(s)
2026-08-24 17:13:04,459  INFO      eds_loader.cli.main  Dry-run: reading ['customers', 'orders'] dataset(s) from source
2026-08-24 17:13:04,461  INFO      eds_loader.connectors.local_fs  Read customers: 3 row(s) from C:\Users\Mohit Patel\AppData\Local\Temp\pytest-of-spmohit\pytest-26\test_dry_run_shows_total_rows0\source\customers.parquet
2026-08-24 17:13:04,465  INFO      eds_loader.connectors.local_fs  Read orders: 2 row(s) from C:\Users\Mohit Patel\AppData\Local\Temp\pytest-of-spmohit\pytest-26\test_dry_run_shows_total_rows0\source\orders.parquet
2026-08-24 17:13:04,465  INFO      eds_loader.cli.main  Dry-run complete: 5 row(s) across 2 dataset(s)
2026-08-24 17:13:04,478  INFO      eds_loader.cli.main  eds-loader run invoked (config=C:\Users\Mohit Patel\AppData\Local\Temp\pytest-of-spmohit\pytest-26\test_dry_run_does_not_write_ta0\loader.yaml, dry_run=True)
2026-08-24 17:13:04,496  INFO      eds_loader.cli.main  Config loaded: source=local_fs target=local_fs tables=(all) enforce_constraints=True schema_required=True
2026-08-24 17:13:04,497  DEBUG     eds_loader.connectors.local_fs  Reading schema.json from C:\Users\Mohit Patel\AppData\Local\Temp\pytest-of-spmohit\pytest-26\test_dry_run_does_not_write_ta0\source\schema.json
2026-08-24 17:13:04,498  DEBUG     eds_loader.connectors.local_fs  schema.json parsed: 2 dataset(s)
2026-08-24 17:13:04,498  INFO      eds_loader.cli.main  Dry-run: reading ['customers', 'orders'] dataset(s) from source
2026-08-24 17:13:04,501  INFO      eds_loader.connectors.local_fs  Read customers: 3 row(s) from C:\Users\Mohit Patel\AppData\Local\Temp\pytest-of-spmohit\pytest-26\test_dry_run_does_not_write_ta0\source\customers.parquet
2026-08-24 17:13:04,503  INFO      eds_loader.connectors.local_fs  Read orders: 2 row(s) from C:\Users\Mohit Patel\AppData\Local\Temp\pytest-of-spmohit\pytest-26\test_dry_run_does_not_write_ta0\source\orders.parquet
2026-08-24 17:13:04,504  INFO      eds_loader.cli.main  Dry-run complete: 5 row(s) across 2 dataset(s)
2026-08-24 17:13:04,515  INFO      eds_loader.cli.main  eds-loader run invoked (config=C:\Users\Mohit Patel\AppData\Local\Temp\pytest-of-spmohit\pytest-26\test_dry_run_shows_dry_run_hea0\loader.yaml, dry_run=True)
2026-08-24 17:13:04,529  INFO      eds_loader.cli.main  Config loaded: source=local_fs target=local_fs tables=(all) enforce_constraints=True schema_required=True
2026-08-24 17:13:04,529  DEBUG     eds_loader.connectors.local_fs  Reading schema.json from C:\Users\Mohit Patel\AppData\Local\Temp\pytest-of-spmohit\pytest-26\test_dry_run_shows_dry_run_hea0\source\schema.json
2026-08-24 17:13:04,531  DEBUG     eds_loader.connectors.local_fs  schema.json parsed: 2 dataset(s)
2026-08-24 17:13:04,531  INFO      eds_loader.cli.main  Dry-run: reading ['customers', 'orders'] dataset(s) from source
2026-08-24 17:13:04,535  INFO      eds_loader.connectors.local_fs  Read customers: 3 row(s) from C:\Users\Mohit Patel\AppData\Local\Temp\pytest-of-spmohit\pytest-26\test_dry_run_shows_dry_run_hea0\source\customers.parquet
2026-08-24 17:13:04,537  INFO      eds_loader.connectors.local_fs  Read orders: 2 row(s) from C:\Users\Mohit Patel\AppData\Local\Temp\pytest-of-spmohit\pytest-26\test_dry_run_shows_dry_run_hea0\source\orders.parquet
2026-08-24 17:13:04,537  INFO      eds_loader.cli.main  Dry-run complete: 5 row(s) across 2 dataset(s)
2026-08-24 17:13:04,548  INFO      eds_loader.cli.main  eds-loader run invoked (config=C:\Users\Mohit Patel\AppData\Local\Temp\pytest-of-spmohit\pytest-26\test_dry_run_source_error_exit0\loader.yaml, dry_run=True)
2026-08-24 17:13:04,566  INFO      eds_loader.cli.main  Config loaded: source=local_fs target=local_fs tables=(all) enforce_constraints=True schema_required=True
2026-08-24 17:13:04,566  ERROR     eds_loader.cli.main  Dry-run read failed: source down
2026-08-24 17:13:04,599  DEBUG     eds_loader.connectors.local_fs  Reading schema.json from C:\Users\Mohit Patel\AppData\Local\Temp\pytest-of-spmohit\pytest-26\test_validate_good_config_exit0\source\schema.json
2026-08-24 17:13:04,601  DEBUG     eds_loader.connectors.local_fs  schema.json parsed: 2 dataset(s)
2026-08-24 17:13:04,632  DEBUG     eds_loader.connectors.local_fs  Reading schema.json from C:\Users\Mohit Patel\AppData\Local\Temp\pytest-of-spmohit\pytest-26\test_validate_prints_checkmark0\source\schema.json
2026-08-24 17:13:04,634  DEBUG     eds_loader.connectors.local_fs  schema.json parsed: 2 dataset(s)
2026-08-24 17:13:04,666  DEBUG     eds_loader.connectors.local_fs  Reading schema.json from C:\Users\Mohit Patel\AppData\Local\Temp\pytest-of-spmohit\pytest-26\test_validate_shows_dataset_co0\source\schema.json
2026-08-24 17:13:04,667  DEBUG     eds_loader.connectors.local_fs  schema.json parsed: 2 dataset(s)
2026-08-24 17:13:04,749  DEBUG     eds_loader.connectors.local_fs  Reading schema.json from C:\Users\Mohit Patel\AppData\Local\Temp\pytest-of-spmohit\pytest-26\test_validate_shows_connector_0\source\schema.json
2026-08-24 17:13:04,751  DEBUG     eds_loader.connectors.local_fs  schema.json parsed: 2 dataset(s)
2026-08-24 17:13:05,070  INFO      eds_loader.loader  Read 2 dataset(s) from source
2026-08-24 17:13:05,073  INFO      eds_loader.connectors.local_fs  Wrote customers: 3 row(s) to C:\Users\Mohit Patel\AppData\Local\Temp\pytest-of-spmohit\pytest-26\test_integration_gcs_source_vi0\target\customers.parquet
2026-08-24 17:13:05,073  INFO      eds_loader.connectors.local_fs  Wrote orders: 2 row(s) to C:\Users\Mohit Patel\AppData\Local\Temp\pytest-of-spmohit\pytest-26\test_integration_gcs_source_vi0\target\orders.parquet
2026-08-24 17:13:05,074  DEBUG     eds_loader.connectors.local_fs  Merging schema.json at target
2026-08-24 17:13:05,074  INFO      eds_loader.loader  Load complete: 5 row(s) written
2026-08-24 17:13:05,077  INFO      eds_loader.loader  Read 2 dataset(s) from source
2026-08-24 17:13:05,077  INFO      eds_loader.loader  Load complete: 3 row(s) written
2026-08-24 17:13:05,079  INFO      eds_loader.loader  Read 2 dataset(s) from source
2026-08-24 17:13:05,079  INFO      eds_loader.loader  Load complete: 3 row(s) written
2026-08-24 17:13:05,081  INFO      eds_loader.loader  Read 2 dataset(s) from source
2026-08-24 17:13:05,082  INFO      eds_loader.loader  Load complete: 3 row(s) written
2026-08-24 17:13:05,084  INFO      eds_loader.loader  Read 2 dataset(s) from source
2026-08-24 17:13:05,084  INFO      eds_loader.loader  Load complete: 3 row(s) written
2026-08-24 17:13:05,086  INFO      eds_loader.loader  Read 1 dataset(s) from source
2026-08-24 17:13:05,086  INFO      eds_loader.loader  Load complete: 1 row(s) written
2026-08-24 17:13:05,106  DEBUG     eds_loader.connectors.local_fs  Reading schema.json from C:\Users\Mohit Patel\AppData\Local\Temp\pytest-of-spmohit\pytest-26\test_read_schema_metadata_retu0\schema.json
2026-08-24 17:13:05,107  DEBUG     eds_loader.connectors.local_fs  schema.json parsed: 2 dataset(s)
2026-08-24 17:13:05,113  DEBUG     eds_loader.connectors.local_fs  Reading schema.json from C:\Users\Mohit Patel\AppData\Local\Temp\pytest-of-spmohit\pytest-26\test_read_schema_metadata_cont0\schema.json
2026-08-24 17:13:05,114  DEBUG     eds_loader.connectors.local_fs  schema.json parsed: 2 dataset(s)
2026-08-24 17:13:05,121  DEBUG     eds_loader.connectors.local_fs  Reading schema.json from C:\Users\Mohit Patel\AppData\Local\Temp\pytest-of-spmohit\pytest-26\test_read_schema_metadata_corr0\schema.json
2026-08-24 17:13:05,128  DEBUG     eds_loader.connectors.local_fs  Reading schema.json from C:\Users\Mohit Patel\AppData\Local\Temp\pytest-of-spmohit\pytest-26\test_read_schema_metadata_empt0\schema.json
2026-08-24 17:13:05,134  DEBUG     eds_loader.connectors.local_fs  Auto-discovered 2 parquet file(s) in C:\Users\Mohit Patel\AppData\Local\Temp\pytest-of-spmohit\pytest-26\test_read_datasets_none_reads_0
2026-08-24 17:13:05,136  INFO      eds_loader.connectors.local_fs  Read customers: 3 row(s) from C:\Users\Mohit Patel\AppData\Local\Temp\pytest-of-spmohit\pytest-26\test_read_datasets_none_reads_0\customers.parquet
2026-08-24 17:13:05,138  INFO      eds_loader.connectors.local_fs  Read orders: 2 row(s) from C:\Users\Mohit Patel\AppData\Local\Temp\pytest-of-spmohit\pytest-26\test_read_datasets_none_reads_0\orders.parquet
2026-08-24 17:13:05,145  DEBUG     eds_loader.connectors.local_fs  Auto-discovered 1 parquet file(s) in C:\Users\Mohit Patel\AppData\Local\Temp\pytest-of-spmohit\pytest-26\test_read_datasets_none_ignore0
2026-08-24 17:13:05,147  INFO      eds_loader.connectors.local_fs  Read data: 1 row(s) from C:\Users\Mohit Patel\AppData\Local\Temp\pytest-of-spmohit\pytest-26\test_read_datasets_none_ignore0\data.parquet
2026-08-24 17:13:05,154  DEBUG     eds_loader.connectors.local_fs  Auto-discovered 2 parquet file(s) in C:\Users\Mohit Patel\AppData\Local\Temp\pytest-of-spmohit\pytest-26\test_read_datasets_none_return0
2026-08-24 17:13:05,156  INFO      eds_loader.connectors.local_fs  Read customers: 3 row(s) from C:\Users\Mohit Patel\AppData\Local\Temp\pytest-of-spmohit\pytest-26\test_read_datasets_none_return0\customers.parquet
2026-08-24 17:13:05,158  INFO      eds_loader.connectors.local_fs  Read orders: 2 row(s) from C:\Users\Mohit Patel\AppData\Local\Temp\pytest-of-spmohit\pytest-26\test_read_datasets_none_return0\orders.parquet
2026-08-24 17:13:05,162  DEBUG     eds_loader.connectors.local_fs  Auto-discovered 0 parquet file(s) in C:\Users\Mohit Patel\AppData\Local\Temp\pytest-of-spmohit\pytest-26\test_read_datasets_none_empty_0
2026-08-24 17:13:05,170  INFO      eds_loader.connectors.local_fs  Read customers: 3 row(s) from C:\Users\Mohit Patel\AppData\Local\Temp\pytest-of-spmohit\pytest-26\test_read_datasets_explicit_na0\customers.parquet
2026-08-24 17:13:05,179  INFO      eds_loader.connectors.local_fs  Read customers: 3 row(s) from C:\Users\Mohit Patel\AppData\Local\Temp\pytest-of-spmohit\pytest-26\test_read_datasets_explicit_pr0\customers.parquet
2026-08-24 17:13:05,195  INFO      eds_loader.connectors.local_fs  Read customers: 3 row(s) from C:\Users\Mohit Patel\AppData\Local\Temp\pytest-of-spmohit\pytest-26\test_read_datasets_one_missing0\customers.parquet
2026-08-24 17:13:05,201  INFO      eds_loader.connectors.local_fs  Wrote customers: 3 row(s) to C:\Users\Mohit Patel\AppData\Local\Temp\pytest-of-spmohit\pytest-26\test_write_datasets_creates_di0\deep\nested\dir\customers.parquet
2026-08-24 17:13:05,202  INFO      eds_loader.connectors.local_fs  Wrote orders: 2 row(s) to C:\Users\Mohit Patel\AppData\Local\Temp\pytest-of-spmohit\pytest-26\test_write_datasets_creates_di0\deep\nested\dir\orders.parquet
2026-08-24 17:13:05,207  INFO      eds_loader.connectors.local_fs  Wrote customers: 3 row(s) to C:\Users\Mohit Patel\AppData\Local\Temp\pytest-of-spmohit\pytest-26\test_write_datasets_writes_par0\customers.parquet
2026-08-24 17:13:05,208  INFO      eds_loader.connectors.local_fs  Wrote orders: 2 row(s) to C:\Users\Mohit Patel\AppData\Local\Temp\pytest-of-spmohit\pytest-26\test_write_datasets_writes_par0\orders.parquet
2026-08-24 17:13:05,213  INFO      eds_loader.connectors.local_fs  Wrote customers: 3 row(s) to C:\Users\Mohit Patel\AppData\Local\Temp\pytest-of-spmohit\pytest-26\test_write_datasets_returns_on0\customers.parquet
2026-08-24 17:13:05,215  INFO      eds_loader.connectors.local_fs  Wrote orders: 2 row(s) to C:\Users\Mohit Patel\AppData\Local\Temp\pytest-of-spmohit\pytest-26\test_write_datasets_returns_on0\orders.parquet
2026-08-24 17:13:05,221  INFO      eds_loader.connectors.local_fs  Wrote customers: 3 row(s) to C:\Users\Mohit Patel\AppData\Local\Temp\pytest-of-spmohit\pytest-26\test_write_datasets_result_row0\customers.parquet
2026-08-24 17:13:05,222  INFO      eds_loader.connectors.local_fs  Wrote orders: 2 row(s) to C:\Users\Mohit Patel\AppData\Local\Temp\pytest-of-spmohit\pytest-26\test_write_datasets_result_row0\orders.parquet
2026-08-24 17:13:05,227  INFO      eds_loader.connectors.local_fs  Wrote customers: 3 row(s) to C:\Users\Mohit Patel\AppData\Local\Temp\pytest-of-spmohit\pytest-26\test_write_datasets_result_loc0\customers.parquet
2026-08-24 17:13:05,229  INFO      eds_loader.connectors.local_fs  Wrote orders: 2 row(s) to C:\Users\Mohit Patel\AppData\Local\Temp\pytest-of-spmohit\pytest-26\test_write_datasets_result_loc0\orders.parquet
2026-08-24 17:13:05,234  INFO      eds_loader.connectors.local_fs  Wrote data: 3 row(s) to C:\Users\Mohit Patel\AppData\Local\Temp\pytest-of-spmohit\pytest-26\test_write_datasets_overwrites0\data.parquet
2026-08-24 17:13:05,235  INFO      eds_loader.connectors.local_fs  Wrote data: 1 row(s) to C:\Users\Mohit Patel\AppData\Local\Temp\pytest-of-spmohit\pytest-26\test_write_datasets_overwrites0\data.parquet
2026-08-24 17:13:05,243  INFO      eds_loader.connectors.local_fs  Wrote customers: 3 row(s) to C:\Users\Mohit Patel\AppData\Local\Temp\pytest-of-spmohit\pytest-26\test_write_datasets_writes_sch0\customers.parquet
2026-08-24 17:13:05,245  INFO      eds_loader.connectors.local_fs  Wrote orders: 2 row(s) to C:\Users\Mohit Patel\AppData\Local\Temp\pytest-of-spmohit\pytest-26\test_write_datasets_writes_sch0\orders.parquet
2026-08-24 17:13:05,245  DEBUG     eds_loader.connectors.local_fs  Merging schema.json at target
2026-08-24 17:13:05,272  INFO      eds_loader.connectors.local_fs  Wrote customers: 3 row(s) to C:\Users\Mohit Patel\AppData\Local\Temp\pytest-of-spmohit\pytest-26\test_write_datasets_skips_sche0\customers.parquet
2026-08-24 17:13:05,273  INFO      eds_loader.connectors.local_fs  Wrote orders: 2 row(s) to C:\Users\Mohit Patel\AppData\Local\Temp\pytest-of-spmohit\pytest-26\test_write_datasets_skips_sche0\orders.parquet
2026-08-24 17:13:05,280  INFO      eds_loader.connectors.local_fs  Wrote customers: 3 row(s) to C:\Users\Mohit Patel\AppData\Local\Temp\pytest-of-spmohit\pytest-26\test_write_datasets_merges_sch0\customers.parquet
2026-08-24 17:13:05,281  INFO      eds_loader.connectors.local_fs  Wrote orders: 2 row(s) to C:\Users\Mohit Patel\AppData\Local\Temp\pytest-of-spmohit\pytest-26\test_write_datasets_merges_sch0\orders.parquet
2026-08-24 17:13:05,281  DEBUG     eds_loader.connectors.local_fs  Merging schema.json at target
2026-08-24 17:13:05,290  INFO      eds_loader.connectors.local_fs  Wrote customers: 3 row(s) to C:\Users\Mohit Patel\AppData\Local\Temp\pytest-of-spmohit\pytest-26\test_write_datasets_corrupt_ex0\customers.parquet
2026-08-24 17:13:05,292  INFO      eds_loader.connectors.local_fs  Wrote orders: 2 row(s) to C:\Users\Mohit Patel\AppData\Local\Temp\pytest-of-spmohit\pytest-26\test_write_datasets_corrupt_ex0\orders.parquet
2026-08-24 17:13:05,292  DEBUG     eds_loader.connectors.local_fs  Merging schema.json at target
2026-08-24 17:13:05,300  INFO      eds_loader.connectors.local_fs  Wrote customers: 3 row(s) to C:\Users\Mohit Patel\AppData\Local\Temp\pytest-of-spmohit\pytest-26\test_round_trip_dataframes_mat0\customers.parquet
2026-08-24 17:13:05,301  INFO      eds_loader.connectors.local_fs  Wrote orders: 2 row(s) to C:\Users\Mohit Patel\AppData\Local\Temp\pytest-of-spmohit\pytest-26\test_round_trip_dataframes_mat0\orders.parquet
2026-08-24 17:13:05,302  DEBUG     eds_loader.connectors.local_fs  Merging schema.json at target
2026-08-24 17:13:05,304  INFO      eds_loader.connectors.local_fs  Read customers: 3 row(s) from C:\Users\Mohit Patel\AppData\Local\Temp\pytest-of-spmohit\pytest-26\test_round_trip_dataframes_mat0\customers.parquet
2026-08-24 17:13:05,307  INFO      eds_loader.connectors.local_fs  Read orders: 2 row(s) from C:\Users\Mohit Patel\AppData\Local\Temp\pytest-of-spmohit\pytest-26\test_round_trip_dataframes_mat0\orders.parquet
2026-08-24 17:13:05,313  INFO      eds_loader.connectors.local_fs  Wrote customers: 3 row(s) to C:\Users\Mohit Patel\AppData\Local\Temp\pytest-of-spmohit\pytest-26\test_round_trip_schema_survive0\customers.parquet
2026-08-24 17:13:05,315  INFO      eds_loader.connectors.local_fs  Wrote orders: 2 row(s) to C:\Users\Mohit Patel\AppData\Local\Temp\pytest-of-spmohit\pytest-26\test_round_trip_schema_survive0\orders.parquet
2026-08-24 17:13:05,315  DEBUG     eds_loader.connectors.local_fs  Merging schema.json at target
2026-08-24 17:13:05,316  DEBUG     eds_loader.connectors.local_fs  Reading schema.json from C:\Users\Mohit Patel\AppData\Local\Temp\pytest-of-spmohit\pytest-26\test_round_trip_schema_survive0\schema.json
2026-08-24 17:13:05,318  DEBUG     eds_loader.connectors.local_fs  schema.json parsed: 2 dataset(s)
2026-08-24 17:13:05,327  DEBUG     eds_loader.connectors.local_fs  Reading schema.json from C:\Users\Mohit Patel\AppData\Local\Temp\pytest-of-spmohit\pytest-26\test_integration_local_to_loca0\schema.json
2026-08-24 17:13:05,328  DEBUG     eds_loader.connectors.local_fs  schema.json parsed: 2 dataset(s)
2026-08-24 17:13:05,330  INFO      eds_loader.connectors.local_fs  Read customers: 3 row(s) from C:\Users\Mohit Patel\AppData\Local\Temp\pytest-of-spmohit\pytest-26\test_integration_local_to_loca0\customers.parquet
2026-08-24 17:13:05,334  INFO      eds_loader.connectors.local_fs  Read orders: 2 row(s) from C:\Users\Mohit Patel\AppData\Local\Temp\pytest-of-spmohit\pytest-26\test_integration_local_to_loca0\orders.parquet
2026-08-24 17:13:05,334  INFO      eds_loader.loader  Read 2 dataset(s) from source
2026-08-24 17:13:05,337  INFO      eds_loader.connectors.local_fs  Wrote customers: 3 row(s) to C:\Users\Mohit Patel\AppData\Local\Temp\pytest-of-spmohit\pytest-26\test_integration_local_to_loca0\target\customers.parquet
2026-08-24 17:13:05,338  INFO      eds_loader.connectors.local_fs  Wrote orders: 2 row(s) to C:\Users\Mohit Patel\AppData\Local\Temp\pytest-of-spmohit\pytest-26\test_integration_local_to_loca0\target\orders.parquet
2026-08-24 17:13:05,338  DEBUG     eds_loader.connectors.local_fs  Merging schema.json at target
2026-08-24 17:13:05,339  INFO      eds_loader.loader  Load complete: 5 row(s) written
2026-08-24 17:13:05,349  DEBUG     eds_loader.connectors.local_fs  Reading schema.json from C:\Users\Mohit Patel\AppData\Local\Temp\pytest-of-spmohit\pytest-26\test_integration_table_subset_0\schema.json
2026-08-24 17:13:05,351  DEBUG     eds_loader.connectors.local_fs  schema.json parsed: 2 dataset(s)
2026-08-24 17:13:05,354  INFO      eds_loader.connectors.local_fs  Read customers: 3 row(s) from C:\Users\Mohit Patel\AppData\Local\Temp\pytest-of-spmohit\pytest-26\test_integration_table_subset_0\customers.parquet
2026-08-24 17:13:05,354  INFO      eds_loader.loader  Read 1 dataset(s) from source
2026-08-24 17:13:05,357  INFO      eds_loader.connectors.local_fs  Wrote customers: 3 row(s) to C:\Users\Mohit Patel\AppData\Local\Temp\pytest-of-spmohit\pytest-26\test_integration_table_subset_0\target_subset\customers.parquet
2026-08-24 17:13:05,357  DEBUG     eds_loader.connectors.local_fs  Merging schema.json at target
2026-08-24 17:13:05,358  INFO      eds_loader.loader  Load complete: 3 row(s) written
2026-08-24 17:13:05,370  DEBUG     eds_loader.connectors.local_fs  Reading schema.json from C:\Users\Mohit Patel\AppData\Local\Temp\pytest-of-spmohit\pytest-26\test_integration_schema_json_w0\schema.json
2026-08-24 17:13:05,371  DEBUG     eds_loader.connectors.local_fs  schema.json parsed: 2 dataset(s)
2026-08-24 17:13:05,373  INFO      eds_loader.connectors.local_fs  Read customers: 3 row(s) from C:\Users\Mohit Patel\AppData\Local\Temp\pytest-of-spmohit\pytest-26\test_integration_schema_json_w0\customers.parquet
2026-08-24 17:13:05,376  INFO      eds_loader.connectors.local_fs  Read orders: 2 row(s) from C:\Users\Mohit Patel\AppData\Local\Temp\pytest-of-spmohit\pytest-26\test_integration_schema_json_w0\orders.parquet
2026-08-24 17:13:05,376  INFO      eds_loader.loader  Read 2 dataset(s) from source
2026-08-24 17:13:05,378  INFO      eds_loader.connectors.local_fs  Wrote customers: 3 row(s) to C:\Users\Mohit Patel\AppData\Local\Temp\pytest-of-spmohit\pytest-26\test_integration_schema_json_w0\target_schema\customers.parquet
2026-08-24 17:13:05,381  INFO      eds_loader.connectors.local_fs  Wrote orders: 2 row(s) to C:\Users\Mohit Patel\AppData\Local\Temp\pytest-of-spmohit\pytest-26\test_integration_schema_json_w0\target_schema\orders.parquet
2026-08-24 17:13:05,381  DEBUG     eds_loader.connectors.local_fs  Merging schema.json at target
2026-08-24 17:13:05,382  INFO      eds_loader.loader  Load complete: 5 row(s) written
2026-08-24 17:13:05,390  DEBUG     eds_loader.connectors.local_fs  Reading schema.json from C:\Users\Mohit Patel\AppData\Local\Temp\pytest-of-spmohit\pytest-26\test_integration_schema_json_n0\schema.json
2026-08-24 17:13:05,392  DEBUG     eds_loader.connectors.local_fs  schema.json parsed: 2 dataset(s)
2026-08-24 17:13:05,394  INFO      eds_loader.connectors.local_fs  Read customers: 3 row(s) from C:\Users\Mohit Patel\AppData\Local\Temp\pytest-of-spmohit\pytest-26\test_integration_schema_json_n0\customers.parquet
2026-08-24 17:13:05,398  INFO      eds_loader.connectors.local_fs  Read orders: 2 row(s) from C:\Users\Mohit Patel\AppData\Local\Temp\pytest-of-spmohit\pytest-26\test_integration_schema_json_n0\orders.parquet
2026-08-24 17:13:05,399  INFO      eds_loader.loader  Read 2 dataset(s) from source
2026-08-24 17:13:05,401  INFO      eds_loader.connectors.local_fs  Wrote customers: 3 row(s) to C:\Users\Mohit Patel\AppData\Local\Temp\pytest-of-spmohit\pytest-26\test_integration_schema_json_n0\target_no_schema\customers.parquet
2026-08-24 17:13:05,403  INFO      eds_loader.connectors.local_fs  Wrote orders: 2 row(s) to C:\Users\Mohit Patel\AppData\Local\Temp\pytest-of-spmohit\pytest-26\test_integration_schema_json_n0\target_no_schema\orders.parquet
2026-08-24 17:13:05,403  INFO      eds_loader.loader  Load complete: 5 row(s) written
2026-08-24 17:13:05,420  INFO      eds_loader.connectors.mongodb  Connected to MongoDB localhost:27017/test_db
2026-08-24 17:13:05,420  DEBUG     eds_loader.connectors.mongodb  [customers] dropping existing collection
2026-08-24 17:13:05,420  DEBUG     eds_loader.connectors.mongodb  [customers] inserting 3 document(s)
2026-08-24 17:13:05,421  INFO      eds_loader.connectors.mongodb  [customers] wrote 3 document(s) in 0.00s
2026-08-24 17:13:05,421  DEBUG     eds_loader.connectors.mongodb  [orders] dropping existing collection
2026-08-24 17:13:05,421  DEBUG     eds_loader.connectors.mongodb  [orders] inserting 2 document(s)
2026-08-24 17:13:05,421  INFO      eds_loader.connectors.mongodb  [orders] wrote 2 document(s) in 0.00s
2026-08-24 17:13:05,423  INFO      eds_loader.connectors.mongodb  Connected to MongoDB localhost:27017/test_db
2026-08-24 17:13:05,423  DEBUG     eds_loader.connectors.mongodb  [data] dropping existing collection
2026-08-24 17:13:05,423  DEBUG     eds_loader.connectors.mongodb  [data] inserting 2 document(s)
2026-08-24 17:13:05,423  INFO      eds_loader.connectors.mongodb  [data] wrote 2 document(s) in 0.00s
2026-08-24 17:13:05,425  INFO      eds_loader.connectors.mongodb  Connected to MongoDB localhost:27017/test_db
2026-08-24 17:13:05,425  DEBUG     eds_loader.connectors.mongodb  [t] dropping existing collection
2026-08-24 17:13:05,425  DEBUG     eds_loader.connectors.mongodb  [t] inserting 1 document(s)
2026-08-24 17:13:05,425  INFO      eds_loader.connectors.mongodb  [t] wrote 1 document(s) in 0.00s
2026-08-24 17:13:05,427  INFO      eds_loader.connectors.mongodb  Connected to MongoDB localhost:27017/test_db
2026-08-24 17:13:05,427  DEBUG     eds_loader.connectors.mongodb  [empty] dropping existing collection
2026-08-24 17:13:05,427  INFO      eds_loader.connectors.mongodb  [empty] wrote 0 document(s) in 0.00s
2026-08-24 17:13:05,429  INFO      eds_loader.connectors.mongodb  Connected to MongoDB localhost:27017/test_db
2026-08-24 17:13:05,429  DEBUG     eds_loader.connectors.mongodb  [empty] dropping existing collection
2026-08-24 17:13:05,429  INFO      eds_loader.connectors.mongodb  [empty] wrote 0 document(s) in 0.00s
2026-08-24 17:13:05,431  INFO      eds_loader.connectors.mongodb  Connected to MongoDB localhost:27017/test_db
2026-08-24 17:13:05,432  DEBUG     eds_loader.connectors.mongodb  [customers] dropping existing collection
2026-08-24 17:13:05,432  DEBUG     eds_loader.connectors.mongodb  [customers] inserting 3 document(s)
2026-08-24 17:13:05,432  INFO      eds_loader.connectors.mongodb  [customers] wrote 3 document(s) in 0.00s
2026-08-24 17:13:05,432  DEBUG     eds_loader.connectors.mongodb  [orders] dropping existing collection
2026-08-24 17:13:05,433  DEBUG     eds_loader.connectors.mongodb  [orders] inserting 2 document(s)
2026-08-24 17:13:05,433  INFO      eds_loader.connectors.mongodb  [orders] wrote 2 document(s) in 0.00s
2026-08-24 17:13:05,435  INFO      eds_loader.connectors.mongodb  Connected to MongoDB localhost:27017/test_db
2026-08-24 17:13:05,435  DEBUG     eds_loader.connectors.mongodb  [customers] dropping existing collection
2026-08-24 17:13:05,435  DEBUG     eds_loader.connectors.mongodb  [customers] inserting 3 document(s)
2026-08-24 17:13:05,435  INFO      eds_loader.connectors.mongodb  [customers] wrote 3 document(s) in 0.00s
2026-08-24 17:13:05,436  DEBUG     eds_loader.connectors.mongodb  [orders] dropping existing collection
2026-08-24 17:13:05,436  DEBUG     eds_loader.connectors.mongodb  [orders] inserting 2 document(s)
2026-08-24 17:13:05,436  INFO      eds_loader.connectors.mongodb  [orders] wrote 2 document(s) in 0.00s
2026-08-24 17:13:05,437  INFO      eds_loader.connectors.mongodb  Connected to MongoDB mgserver:27020/mydb
2026-08-24 17:13:05,438  DEBUG     eds_loader.connectors.mongodb  [tbl] dropping existing collection
2026-08-24 17:13:05,438  DEBUG     eds_loader.connectors.mongodb  [tbl] inserting 1 document(s)
2026-08-24 17:13:05,438  INFO      eds_loader.connectors.mongodb  [tbl] wrote 1 document(s) in 0.00s
2026-08-24 17:13:05,439  INFO      eds_loader.connectors.mongodb  Connected to MongoDB localhost:27017/test_db
2026-08-24 17:13:05,440  DEBUG     eds_loader.connectors.mongodb  [z] dropping existing collection
2026-08-24 17:13:05,440  DEBUG     eds_loader.connectors.mongodb  [z] inserting 1 document(s)
2026-08-24 17:13:05,440  INFO      eds_loader.connectors.mongodb  [z] wrote 1 document(s) in 0.00s
2026-08-24 17:13:05,440  DEBUG     eds_loader.connectors.mongodb  [a] dropping existing collection
2026-08-24 17:13:05,440  DEBUG     eds_loader.connectors.mongodb  [a] inserting 1 document(s)
2026-08-24 17:13:05,441  INFO      eds_loader.connectors.mongodb  [a] wrote 1 document(s) in 0.00s
2026-08-24 17:13:05,442  INFO      eds_loader.connectors.mongodb  Connected to MongoDB localhost:27017/test_db
2026-08-24 17:13:05,442  DEBUG     eds_loader.connectors.mongodb  [orders] dropping existing collection
2026-08-24 17:13:05,443  DEBUG     eds_loader.connectors.mongodb  [orders] inserting 1 document(s)
2026-08-24 17:13:05,443  DEBUG     eds_loader.connectors.mongodb  [orders] creating indexes from schema metadata
2026-08-24 17:13:05,443  INFO      eds_loader.connectors.mongodb  [orders] wrote 1 document(s) in 0.00s
2026-08-24 17:13:05,443  DEBUG     eds_loader.connectors.mongodb  [customers] dropping existing collection
2026-08-24 17:13:05,443  DEBUG     eds_loader.connectors.mongodb  [customers] inserting 1 document(s)
2026-08-24 17:13:05,443  DEBUG     eds_loader.connectors.mongodb  [customers] creating indexes from schema metadata
2026-08-24 17:13:05,444  INFO      eds_loader.connectors.mongodb  [customers] wrote 1 document(s) in 0.00s
2026-08-24 17:13:05,449  INFO      eds_loader.connectors.mongodb  Connected to MongoDB localhost:27017/test_db
2026-08-24 17:13:05,449  DEBUG     eds_loader.connectors.mongodb  [customers] dropping existing collection
2026-08-24 17:13:05,449  DEBUG     eds_loader.connectors.mongodb  [customers] inserting 1 document(s)
2026-08-24 17:13:05,449  DEBUG     eds_loader.connectors.mongodb  [customers] creating indexes from schema metadata
2026-08-24 17:13:05,450  INFO      eds_loader.connectors.mongodb  [customers] wrote 1 document(s) in 0.00s
2026-08-24 17:13:05,451  INFO      eds_loader.connectors.mongodb  Connected to MongoDB localhost:27017/test_db
2026-08-24 17:13:05,451  DEBUG     eds_loader.connectors.mongodb  [customers] dropping existing collection
2026-08-24 17:13:05,452  DEBUG     eds_loader.connectors.mongodb  [customers] inserting 1 document(s)
2026-08-24 17:13:05,452  DEBUG     eds_loader.connectors.mongodb  [customers] creating indexes from schema metadata
2026-08-24 17:13:05,452  INFO      eds_loader.connectors.mongodb  [customers] wrote 1 document(s) in 0.00s
2026-08-24 17:13:05,453  INFO      eds_loader.connectors.mongodb  Connected to MongoDB localhost:27017/test_db
2026-08-24 17:13:05,453  DEBUG     eds_loader.connectors.mongodb  [orders] dropping existing collection
2026-08-24 17:13:05,453  DEBUG     eds_loader.connectors.mongodb  [orders] inserting 1 document(s)
2026-08-24 17:13:05,454  DEBUG     eds_loader.connectors.mongodb  [orders] creating indexes from schema metadata
2026-08-24 17:13:05,454  INFO      eds_loader.connectors.mongodb  [orders] wrote 1 document(s) in 0.00s
2026-08-24 17:13:05,455  INFO      eds_loader.connectors.mongodb  Connected to MongoDB localhost:27017/test_db
2026-08-24 17:13:05,455  DEBUG     eds_loader.connectors.mongodb  [customers] dropping existing collection
2026-08-24 17:13:05,456  DEBUG     eds_loader.connectors.mongodb  [customers] inserting 1 document(s)
2026-08-24 17:13:05,456  INFO      eds_loader.connectors.mongodb  [customers] wrote 1 document(s) in 0.00s
2026-08-24 17:13:05,460  INFO      eds_loader.connectors.mongodb  Connected to MongoDB localhost:27017/test_db
2026-08-24 17:13:05,461  DEBUG     eds_loader.connectors.mongodb  [t] dropping existing collection
2026-08-24 17:13:05,461  ERROR     eds_loader.connectors.mongodb  [t] write failed: network error
2026-08-24 17:13:05,462  INFO      eds_loader.connectors.mongodb  Connected to MongoDB localhost:27017/test_db
2026-08-24 17:13:05,462  DEBUG     eds_loader.connectors.mongodb  [t] dropping existing collection
2026-08-24 17:13:05,463  DEBUG     eds_loader.connectors.mongodb  [t] inserting 1 document(s)
2026-08-24 17:13:05,463  ERROR     eds_loader.connectors.mongodb  [t] write failed: duplicate key
2026-08-24 17:13:05,477  DEBUG     eds_loader.connectors.local_fs  Reading schema.json from C:\Users\Mohit Patel\AppData\Local\Temp\pytest-of-spmohit\pytest-26\test_integration_local_fs_to_m0\source\schema.json
2026-08-24 17:13:05,478  DEBUG     eds_loader.connectors.local_fs  schema.json parsed: 2 dataset(s)
2026-08-24 17:13:05,480  INFO      eds_loader.connectors.local_fs  Read customers: 3 row(s) from C:\Users\Mohit Patel\AppData\Local\Temp\pytest-of-spmohit\pytest-26\test_integration_local_fs_to_m0\source\customers.parquet
2026-08-24 17:13:05,483  INFO      eds_loader.connectors.local_fs  Read orders: 2 row(s) from C:\Users\Mohit Patel\AppData\Local\Temp\pytest-of-spmohit\pytest-26\test_integration_local_fs_to_m0\source\orders.parquet
2026-08-24 17:13:05,483  INFO      eds_loader.loader  Read 2 dataset(s) from source
2026-08-24 17:13:05,483  INFO      eds_loader.connectors.mongodb  Connected to MongoDB localhost:27017/test_db
2026-08-24 17:13:05,483  DEBUG     eds_loader.connectors.mongodb  [customers] dropping existing collection
2026-08-24 17:13:05,484  DEBUG     eds_loader.connectors.mongodb  [customers] inserting 3 document(s)
2026-08-24 17:13:05,484  DEBUG     eds_loader.connectors.mongodb  [customers] creating indexes from schema metadata
2026-08-24 17:13:05,484  INFO      eds_loader.connectors.mongodb  [customers] wrote 3 document(s) in 0.00s
2026-08-24 17:13:05,484  DEBUG     eds_loader.connectors.mongodb  [orders] dropping existing collection
2026-08-24 17:13:05,484  DEBUG     eds_loader.connectors.mongodb  [orders] inserting 2 document(s)
2026-08-24 17:13:05,484  DEBUG     eds_loader.connectors.mongodb  [orders] creating indexes from schema metadata
2026-08-24 17:13:05,485  INFO      eds_loader.connectors.mongodb  [orders] wrote 2 document(s) in 0.00s
2026-08-24 17:13:05,485  INFO      eds_loader.loader  Load complete: 5 row(s) written
2026-08-24 17:13:05,494  DEBUG     eds_loader.connectors.local_fs  Reading schema.json from C:\Users\Mohit Patel\AppData\Local\Temp\pytest-of-spmohit\pytest-26\test_integration_enforce_false0\source2\schema.json
2026-08-24 17:13:05,496  DEBUG     eds_loader.connectors.local_fs  schema.json parsed: 2 dataset(s)
2026-08-24 17:13:05,499  INFO      eds_loader.connectors.local_fs  Read customers: 3 row(s) from C:\Users\Mohit Patel\AppData\Local\Temp\pytest-of-spmohit\pytest-26\test_integration_enforce_false0\source2\customers.parquet
2026-08-24 17:13:05,501  INFO      eds_loader.connectors.local_fs  Read orders: 2 row(s) from C:\Users\Mohit Patel\AppData\Local\Temp\pytest-of-spmohit\pytest-26\test_integration_enforce_false0\source2\orders.parquet
2026-08-24 17:13:05,501  INFO      eds_loader.loader  Read 2 dataset(s) from source
2026-08-24 17:13:05,502  INFO      eds_loader.connectors.mongodb  Connected to MongoDB localhost:27017/test_db
2026-08-24 17:13:05,502  DEBUG     eds_loader.connectors.mongodb  [customers] dropping existing collection
2026-08-24 17:13:05,502  DEBUG     eds_loader.connectors.mongodb  [customers] inserting 3 document(s)
2026-08-24 17:13:05,503  INFO      eds_loader.connectors.mongodb  [customers] wrote 3 document(s) in 0.00s
2026-08-24 17:13:05,503  DEBUG     eds_loader.connectors.mongodb  [orders] dropping existing collection
2026-08-24 17:13:05,503  DEBUG     eds_loader.connectors.mongodb  [orders] inserting 2 document(s)
2026-08-24 17:13:05,503  INFO      eds_loader.connectors.mongodb  [orders] wrote 2 document(s) in 0.00s
2026-08-24 17:13:05,503  INFO      eds_loader.loader  Load complete: 5 row(s) written
2026-08-24 17:13:05,516  INFO      eds_loader.connectors._sql_base  Connected to test_user@localhost:3306/test_db
2026-08-24 17:13:05,517  DEBUG     eds_loader.connectors._sql_base  Ensuring namespace exists: CREATE DATABASE IF NOT EXISTS `test_db`
2026-08-24 17:13:05,517  DEBUG     eds_loader.connectors._sql_base  [t] DROP TABLE IF EXISTS `test_db`.`t`
2026-08-24 17:13:05,517  DEBUG     eds_loader.connectors._sql_base  [t] CREATE TABLE `test_db`.`t` (
    `id` BIGINT
)
2026-08-24 17:13:05,517  DEBUG     eds_loader.connectors._sql_base  [t] inserting 1 row(s)
2026-08-24 17:13:05,517  INFO      eds_loader.connectors._sql_base  [t] wrote 1 row(s) in 0.00s
2026-08-24 17:13:05,519  INFO      eds_loader.connectors._sql_base  Connected to test_user@localhost:3306/test_db
2026-08-24 17:13:05,519  DEBUG     eds_loader.connectors._sql_base  Ensuring namespace exists: CREATE DATABASE IF NOT EXISTS `test_db`
2026-08-24 17:13:05,519  DEBUG     eds_loader.connectors._sql_base  [t] DROP TABLE IF EXISTS `test_db`.`t`
2026-08-24 17:13:05,520  DEBUG     eds_loader.connectors._sql_base  [t] CREATE TABLE `test_db`.`t` (
    `id` BIGINT
)
2026-08-24 17:13:05,520  DEBUG     eds_loader.connectors._sql_base  [t] inserting 1 row(s)
2026-08-24 17:13:05,520  INFO      eds_loader.connectors._sql_base  [t] wrote 1 row(s) in 0.00s
2026-08-24 17:13:05,522  INFO      eds_loader.connectors._sql_base  Connected to test_user@localhost:3306/test_db
2026-08-24 17:13:05,522  DEBUG     eds_loader.connectors._sql_base  Ensuring namespace exists: CREATE DATABASE IF NOT EXISTS `test_db`
2026-08-24 17:13:05,522  DEBUG     eds_loader.connectors._sql_base  [t] DROP TABLE IF EXISTS `test_db`.`t`
2026-08-24 17:13:05,523  ERROR     eds_loader.connectors._sql_base  [t] write failed: DB down
2026-08-24 17:13:05,524  INFO      eds_loader.connectors._sql_base  Connected to test_user@localhost:3306/eds_db
2026-08-24 17:13:05,524  DEBUG     eds_loader.connectors._sql_base  Ensuring namespace exists: CREATE DATABASE IF NOT EXISTS `eds_db`
2026-08-24 17:13:05,525  DEBUG     eds_loader.connectors._sql_base  [customers] DROP TABLE IF EXISTS `eds_db`.`customers`
2026-08-24 17:13:05,525  DEBUG     eds_loader.connectors._sql_base  [customers] CREATE TABLE `eds_db`.`customers` (
    `id` BIGINT
)
2026-08-24 17:13:05,525  DEBUG     eds_loader.connectors._sql_base  [customers] inserting 1 row(s)
2026-08-24 17:13:05,525  INFO      eds_loader.connectors._sql_base  [customers] wrote 1 row(s) in 0.00s
2026-08-24 17:13:05,527  INFO      eds_loader.connectors._sql_base  Connected to test_user@localhost:3306/eds_db
2026-08-24 17:13:05,527  DEBUG     eds_loader.connectors._sql_base  Table write order (FK-sorted): customers, orders
2026-08-24 17:13:05,527  DEBUG     eds_loader.connectors._sql_base  Ensuring namespace exists: CREATE DATABASE IF NOT EXISTS `eds_db`
2026-08-24 17:13:05,528  DEBUG     eds_loader.connectors._sql_base  [customers] DROP TABLE IF EXISTS `eds_db`.`customers`
2026-08-24 17:13:05,528  DEBUG     eds_loader.connectors._sql_base  [customers] CREATE TABLE `eds_db`.`customers` (
    `customer_id` BIGINT PRIMARY KEY,
    `name` TEXT
)
2026-08-24 17:13:05,528  DEBUG     eds_loader.connectors._sql_base  [customers] inserting 2 row(s)
2026-08-24 17:13:05,528  INFO      eds_loader.connectors._sql_base  [customers] wrote 2 row(s) in 0.00s
2026-08-24 17:13:05,528  DEBUG     eds_loader.connectors._sql_base  [orders] DROP TABLE IF EXISTS `eds_db`.`orders`
2026-08-24 17:13:05,528  DEBUG     eds_loader.connectors._sql_base  [orders] CREATE TABLE `eds_db`.`orders` (
    `order_id` BIGINT PRIMARY KEY,
    `customer_id` BIGINT NOT NULL REFERENCES `eds_db`.`customers`(`customer_id`)
)
2026-08-24 17:13:05,529  DEBUG     eds_loader.connectors._sql_base  [orders] inserting 1 row(s)
2026-08-24 17:13:05,529  INFO      eds_loader.connectors._sql_base  [orders] wrote 1 row(s) in 0.00s
2026-08-24 17:13:05,531  INFO      eds_loader.connectors._sql_base  Connected to test_user@localhost:3306/test_db
2026-08-24 17:13:05,531  DEBUG     eds_loader.connectors._sql_base  Ensuring namespace exists: CREATE DATABASE IF NOT EXISTS `test_db`
2026-08-24 17:13:05,532  DEBUG     eds_loader.connectors._sql_base  [t] DROP TABLE IF EXISTS `test_db`.`t`
2026-08-24 17:13:05,532  DEBUG     eds_loader.connectors._sql_base  [t] CREATE TABLE `test_db`.`t` (
    `id` BIGINT
)
2026-08-24 17:13:05,532  DEBUG     eds_loader.connectors._sql_base  [t] inserting 1 row(s)
2026-08-24 17:13:05,532  INFO      eds_loader.connectors._sql_base  [t] wrote 1 row(s) in 0.00s
2026-08-24 17:13:05,534  INFO      eds_loader.connectors._sql_base  Connected to test_user@srv:3306/db
2026-08-24 17:13:05,535  DEBUG     eds_loader.connectors._sql_base  Ensuring namespace exists: CREATE DATABASE IF NOT EXISTS `db`
2026-08-24 17:13:05,535  DEBUG     eds_loader.connectors._sql_base  [tbl] DROP TABLE IF EXISTS `db`.`tbl`
2026-08-24 17:13:05,535  DEBUG     eds_loader.connectors._sql_base  [tbl] CREATE TABLE `db`.`tbl` (
    `id` BIGINT
)
2026-08-24 17:13:05,535  DEBUG     eds_loader.connectors._sql_base  [tbl] inserting 1 row(s)
2026-08-24 17:13:05,535  INFO      eds_loader.connectors._sql_base  [tbl] wrote 1 row(s) in 0.00s
2026-08-24 17:13:05,537  INFO      eds_loader.connectors._sql_base  Connected to test_user@localhost:3306/test_db
2026-08-24 17:13:05,537  DEBUG     eds_loader.connectors._sql_base  Table write order (FK-sorted): customers, orders
2026-08-24 17:13:05,537  DEBUG     eds_loader.connectors._sql_base  Ensuring namespace exists: CREATE DATABASE IF NOT EXISTS `test_db`
2026-08-24 17:13:05,538  DEBUG     eds_loader.connectors._sql_base  [customers] DROP TABLE IF EXISTS `test_db`.`customers`
2026-08-24 17:13:05,538  DEBUG     eds_loader.connectors._sql_base  [customers] CREATE TABLE `test_db`.`customers` (
    `customer_id` BIGINT PRIMARY KEY,
    `name` TEXT
)
2026-08-24 17:13:05,538  DEBUG     eds_loader.connectors._sql_base  [customers] inserting 2 row(s)
2026-08-24 17:13:05,538  INFO      eds_loader.connectors._sql_base  [customers] wrote 2 row(s) in 0.00s
2026-08-24 17:13:05,538  DEBUG     eds_loader.connectors._sql_base  [orders] DROP TABLE IF EXISTS `test_db`.`orders`
2026-08-24 17:13:05,538  DEBUG     eds_loader.connectors._sql_base  [orders] CREATE TABLE `test_db`.`orders` (
    `order_id` BIGINT PRIMARY KEY,
    `customer_id` BIGINT NOT NULL REFERENCES `test_db`.`customers`(`customer_id`)
)
2026-08-24 17:13:05,538  DEBUG     eds_loader.connectors._sql_base  [orders] inserting 1 row(s)
2026-08-24 17:13:05,538  INFO      eds_loader.connectors._sql_base  [orders] wrote 1 row(s) in 0.00s
2026-08-24 17:13:05,557  DEBUG     eds_loader.connectors.local_fs  Reading schema.json from C:\Users\Mohit Patel\AppData\Local\Temp\pytest-of-spmohit\pytest-26\test_integration_local_fs_to_m1\source\schema.json
2026-08-24 17:13:05,558  DEBUG     eds_loader.connectors.local_fs  schema.json parsed: 2 dataset(s)
2026-08-24 17:13:05,562  INFO      eds_loader.connectors.local_fs  Read customers: 2 row(s) from C:\Users\Mohit Patel\AppData\Local\Temp\pytest-of-spmohit\pytest-26\test_integration_local_fs_to_m1\source\customers.parquet
2026-08-24 17:13:05,567  INFO      eds_loader.connectors.local_fs  Read orders: 1 row(s) from C:\Users\Mohit Patel\AppData\Local\Temp\pytest-of-spmohit\pytest-26\test_integration_local_fs_to_m1\source\orders.parquet
2026-08-24 17:13:05,567  INFO      eds_loader.loader  Read 2 dataset(s) from source
2026-08-24 17:13:05,567  INFO      eds_loader.connectors._sql_base  Connected to test_user@localhost:3306/test_db
2026-08-24 17:13:05,567  DEBUG     eds_loader.connectors._sql_base  Table write order (FK-sorted): customers, orders
2026-08-24 17:13:05,567  DEBUG     eds_loader.connectors._sql_base  Ensuring namespace exists: CREATE DATABASE IF NOT EXISTS `test_db`
2026-08-24 17:13:05,568  DEBUG     eds_loader.connectors._sql_base  [customers] DROP TABLE IF EXISTS `test_db`.`customers`
2026-08-24 17:13:05,568  DEBUG     eds_loader.connectors._sql_base  [customers] CREATE TABLE `test_db`.`customers` (
    `customer_id` BIGINT PRIMARY KEY,
    `name` TEXT
)
2026-08-24 17:13:05,568  DEBUG     eds_loader.connectors._sql_base  [customers] inserting 2 row(s)
2026-08-24 17:13:05,568  INFO      eds_loader.connectors._sql_base  [customers] wrote 2 row(s) in 0.00s
2026-08-24 17:13:05,568  DEBUG     eds_loader.connectors._sql_base  [orders] DROP TABLE IF EXISTS `test_db`.`orders`
2026-08-24 17:13:05,568  DEBUG     eds_loader.connectors._sql_base  [orders] CREATE TABLE `test_db`.`orders` (
    `order_id` BIGINT PRIMARY KEY,
    `customer_id` BIGINT NOT NULL REFERENCES `test_db`.`customers`(`customer_id`)
)
2026-08-24 17:13:05,569  DEBUG     eds_loader.connectors._sql_base  [orders] inserting 1 row(s)
2026-08-24 17:13:05,569  INFO      eds_loader.connectors._sql_base  [orders] wrote 1 row(s) in 0.00s
2026-08-24 17:13:05,569  INFO      eds_loader.loader  Load complete: 3 row(s) written
2026-08-24 17:13:05,593  INFO      eds_loader.connectors._sql_base  Connected to test_user@localhost:5432/test_db
2026-08-24 17:13:05,593  DEBUG     eds_loader.connectors._sql_base  Ensuring namespace exists: CREATE SCHEMA IF NOT EXISTS "public"
2026-08-24 17:13:05,594  DEBUG     eds_loader.connectors._sql_base  [customers] DROP TABLE IF EXISTS "public"."customers" CASCADE
2026-08-24 17:13:05,594  DEBUG     eds_loader.connectors._sql_base  [customers] CREATE TABLE "public"."customers" (
    "customer_id" BIGINT,
    "name" TEXT
)
2026-08-24 17:13:05,594  DEBUG     eds_loader.connectors._sql_base  [customers] inserting 3 row(s)
2026-08-24 17:13:05,594  INFO      eds_loader.connectors._sql_base  [customers] wrote 3 row(s) in 0.00s
2026-08-24 17:13:05,594  DEBUG     eds_loader.connectors._sql_base  [orders] DROP TABLE IF EXISTS "public"."orders" CASCADE
2026-08-24 17:13:05,594  DEBUG     eds_loader.connectors._sql_base  [orders] CREATE TABLE "public"."orders" (
    "order_id" BIGINT,
    "customer_id" BIGINT,
    "amount" DOUBLE PRECISION
)
2026-08-24 17:13:05,594  DEBUG     eds_loader.connectors._sql_base  [orders] inserting 2 row(s)
2026-08-24 17:13:05,594  INFO      eds_loader.connectors._sql_base  [orders] wrote 2 row(s) in 0.00s
2026-08-24 17:13:05,596  INFO      eds_loader.connectors._sql_base  Connected to test_user@localhost:5432/test_db
2026-08-24 17:13:05,596  DEBUG     eds_loader.connectors._sql_base  Ensuring namespace exists: CREATE SCHEMA IF NOT EXISTS "public"
2026-08-24 17:13:05,596  DEBUG     eds_loader.connectors._sql_base  [customers] DROP TABLE IF EXISTS "public"."customers" CASCADE
2026-08-24 17:13:05,596  DEBUG     eds_loader.connectors._sql_base  [customers] CREATE TABLE "public"."customers" (
    "id" BIGINT
)
2026-08-24 17:13:05,597  DEBUG     eds_loader.connectors._sql_base  [customers] inserting 1 row(s)
2026-08-24 17:13:05,597  INFO      eds_loader.connectors._sql_base  [customers] wrote 1 row(s) in 0.00s
2026-08-24 17:13:05,601  INFO      eds_loader.connectors._sql_base  Connected to test_user@localhost:5432/test_db
2026-08-24 17:13:05,601  DEBUG     eds_loader.connectors._sql_base  Ensuring namespace exists: CREATE SCHEMA IF NOT EXISTS "public"
2026-08-24 17:13:05,602  DEBUG     eds_loader.connectors._sql_base  [tbl] DROP TABLE IF EXISTS "public"."tbl" CASCADE
2026-08-24 17:13:05,602  DEBUG     eds_loader.connectors._sql_base  [tbl] CREATE TABLE "public"."tbl" (
    "a" BIGINT
)
2026-08-24 17:13:05,602  DEBUG     eds_loader.connectors._sql_base  [tbl] inserting 1 row(s)
2026-08-24 17:13:05,603  INFO      eds_loader.connectors._sql_base  [tbl] wrote 1 row(s) in 0.00s
2026-08-24 17:13:05,604  INFO      eds_loader.connectors._sql_base  Connected to test_user@localhost:5432/test_db
2026-08-24 17:13:05,605  DEBUG     eds_loader.connectors._sql_base  Ensuring namespace exists: CREATE SCHEMA IF NOT EXISTS "public"
2026-08-24 17:13:05,605  DEBUG     eds_loader.connectors._sql_base  [data] DROP TABLE IF EXISTS "public"."data" CASCADE
2026-08-24 17:13:05,605  DEBUG     eds_loader.connectors._sql_base  [data] CREATE TABLE "public"."data" (
    "id" BIGINT,
    "val" TEXT
)
2026-08-24 17:13:05,605  DEBUG     eds_loader.connectors._sql_base  [data] inserting 3 row(s)
2026-08-24 17:13:05,605  INFO      eds_loader.connectors._sql_base  [data] wrote 3 row(s) in 0.00s
2026-08-24 17:13:05,607  INFO      eds_loader.connectors._sql_base  Connected to test_user@localhost:5432/test_db
2026-08-24 17:13:05,607  DEBUG     eds_loader.connectors._sql_base  Ensuring namespace exists: CREATE SCHEMA IF NOT EXISTS "public"
2026-08-24 17:13:05,607  DEBUG     eds_loader.connectors._sql_base  [customers] DROP TABLE IF EXISTS "public"."customers" CASCADE
2026-08-24 17:13:05,607  DEBUG     eds_loader.connectors._sql_base  [customers] CREATE TABLE "public"."customers" (
    "customer_id" BIGINT,
    "name" TEXT
)
2026-08-24 17:13:05,607  DEBUG     eds_loader.connectors._sql_base  [customers] inserting 3 row(s)
2026-08-24 17:13:05,608  INFO      eds_loader.connectors._sql_base  [customers] wrote 3 row(s) in 0.00s
2026-08-24 17:13:05,608  DEBUG     eds_loader.connectors._sql_base  [orders] DROP TABLE IF EXISTS "public"."orders" CASCADE
2026-08-24 17:13:05,608  DEBUG     eds_loader.connectors._sql_base  [orders] CREATE TABLE "public"."orders" (
    "order_id" BIGINT,
    "customer_id" BIGINT,
    "amount" DOUBLE PRECISION
)
2026-08-24 17:13:05,608  DEBUG     eds_loader.connectors._sql_base  [orders] inserting 2 row(s)
2026-08-24 17:13:05,608  INFO      eds_loader.connectors._sql_base  [orders] wrote 2 row(s) in 0.00s
2026-08-24 17:13:05,610  INFO      eds_loader.connectors._sql_base  Connected to test_user@localhost:5432/test_db
2026-08-24 17:13:05,610  DEBUG     eds_loader.connectors._sql_base  Ensuring namespace exists: CREATE SCHEMA IF NOT EXISTS "public"
2026-08-24 17:13:05,610  DEBUG     eds_loader.connectors._sql_base  [customers] DROP TABLE IF EXISTS "public"."customers" CASCADE
2026-08-24 17:13:05,610  DEBUG     eds_loader.connectors._sql_base  [customers] CREATE TABLE "public"."customers" (
    "customer_id" BIGINT,
    "name" TEXT
)
2026-08-24 17:13:05,610  DEBUG     eds_loader.connectors._sql_base  [customers] inserting 3 row(s)
2026-08-24 17:13:05,611  INFO      eds_loader.connectors._sql_base  [customers] wrote 3 row(s) in 0.00s
2026-08-24 17:13:05,611  DEBUG     eds_loader.connectors._sql_base  [orders] DROP TABLE IF EXISTS "public"."orders" CASCADE
2026-08-24 17:13:05,611  DEBUG     eds_loader.connectors._sql_base  [orders] CREATE TABLE "public"."orders" (
    "order_id" BIGINT,
    "customer_id" BIGINT,
    "amount" DOUBLE PRECISION
)
2026-08-24 17:13:05,611  DEBUG     eds_loader.connectors._sql_base  [orders] inserting 2 row(s)
2026-08-24 17:13:05,611  INFO      eds_loader.connectors._sql_base  [orders] wrote 2 row(s) in 0.00s
2026-08-24 17:13:05,613  INFO      eds_loader.connectors._sql_base  Connected to test_user@localhost:5432/test_db
2026-08-24 17:13:05,613  DEBUG     eds_loader.connectors._sql_base  Ensuring namespace exists: CREATE SCHEMA IF NOT EXISTS "public"
2026-08-24 17:13:05,613  DEBUG     eds_loader.connectors._sql_base  [customers] DROP TABLE IF EXISTS "public"."customers" CASCADE
2026-08-24 17:13:05,613  DEBUG     eds_loader.connectors._sql_base  [customers] CREATE TABLE "public"."customers" (
    "customer_id" BIGINT,
    "name" TEXT
)
2026-08-24 17:13:05,613  DEBUG     eds_loader.connectors._sql_base  [customers] inserting 3 row(s)
2026-08-24 17:13:05,613  INFO      eds_loader.connectors._sql_base  [customers] wrote 3 row(s) in 0.00s
2026-08-24 17:13:05,614  DEBUG     eds_loader.connectors._sql_base  [orders] DROP TABLE IF EXISTS "public"."orders" CASCADE
2026-08-24 17:13:05,614  DEBUG     eds_loader.connectors._sql_base  [orders] CREATE TABLE "public"."orders" (
    "order_id" BIGINT,
    "customer_id" BIGINT,
    "amount" DOUBLE PRECISION
)
2026-08-24 17:13:05,614  DEBUG     eds_loader.connectors._sql_base  [orders] inserting 2 row(s)
2026-08-24 17:13:05,614  INFO      eds_loader.connectors._sql_base  [orders] wrote 2 row(s) in 0.00s
2026-08-24 17:13:05,615  INFO      eds_loader.connectors._sql_base  Connected to test_user@dbserver:5433/mydb
2026-08-24 17:13:05,615  DEBUG     eds_loader.connectors._sql_base  Ensuring namespace exists: CREATE SCHEMA IF NOT EXISTS "public"
2026-08-24 17:13:05,616  DEBUG     eds_loader.connectors._sql_base  [tbl] DROP TABLE IF EXISTS "public"."tbl" CASCADE
2026-08-24 17:13:05,616  DEBUG     eds_loader.connectors._sql_base  [tbl] CREATE TABLE "public"."tbl" (
    "id" BIGINT
)
2026-08-24 17:13:05,616  DEBUG     eds_loader.connectors._sql_base  [tbl] inserting 1 row(s)
2026-08-24 17:13:05,616  INFO      eds_loader.connectors._sql_base  [tbl] wrote 1 row(s) in 0.00s
2026-08-24 17:13:05,619  INFO      eds_loader.connectors._sql_base  Connected to test_user@localhost:5432/test_db
2026-08-24 17:13:05,619  DEBUG     eds_loader.connectors._sql_base  Table write order (FK-sorted): customers, orders
2026-08-24 17:13:05,619  DEBUG     eds_loader.connectors._sql_base  Ensuring namespace exists: CREATE SCHEMA IF NOT EXISTS "public"
2026-08-24 17:13:05,620  DEBUG     eds_loader.connectors._sql_base  [customers] DROP TABLE IF EXISTS "public"."customers" CASCADE
2026-08-24 17:13:05,620  DEBUG     eds_loader.connectors._sql_base  [customers] CREATE TABLE "public"."customers" (
    "customer_id" BIGINT PRIMARY KEY,
    "name" TEXT UNIQUE
)
2026-08-24 17:13:05,620  DEBUG     eds_loader.connectors._sql_base  [customers] inserting 3 row(s)
2026-08-24 17:13:05,621  INFO      eds_loader.connectors._sql_base  [customers] wrote 3 row(s) in 0.00s
2026-08-24 17:13:05,621  DEBUG     eds_loader.connectors._sql_base  [orders] DROP TABLE IF EXISTS "public"."orders" CASCADE
2026-08-24 17:13:05,621  DEBUG     eds_loader.connectors._sql_base  [orders] CREATE TABLE "public"."orders" (
    "order_id" BIGINT PRIMARY KEY,
    "customer_id" BIGINT NOT NULL REFERENCES "public"."customers"("customer_id"),
    "amount" DOUBLE PRECISION
)
2026-08-24 17:13:05,621  DEBUG     eds_loader.connectors._sql_base  [orders] inserting 2 row(s)
2026-08-24 17:13:05,621  INFO      eds_loader.connectors._sql_base  [orders] wrote 2 row(s) in 0.00s
2026-08-24 17:13:05,623  INFO      eds_loader.connectors._sql_base  Connected to test_user@localhost:5432/test_db
2026-08-24 17:13:05,624  DEBUG     eds_loader.connectors._sql_base  Table write order (FK-sorted): customers, orders
2026-08-24 17:13:05,624  DEBUG     eds_loader.connectors._sql_base  Ensuring namespace exists: CREATE SCHEMA IF NOT EXISTS "public"
2026-08-24 17:13:05,624  DEBUG     eds_loader.connectors._sql_base  [customers] DROP TABLE IF EXISTS "public"."customers" CASCADE
2026-08-24 17:13:05,624  DEBUG     eds_loader.connectors._sql_base  [customers] CREATE TABLE "public"."customers" (
    "customer_id" BIGINT PRIMARY KEY,
    "name" TEXT UNIQUE
)
2026-08-24 17:13:05,624  DEBUG     eds_loader.connectors._sql_base  [customers] inserting 3 row(s)
2026-08-24 17:13:05,625  INFO      eds_loader.connectors._sql_base  [customers] wrote 3 row(s) in 0.00s
2026-08-24 17:13:05,625  DEBUG     eds_loader.connectors._sql_base  [orders] DROP TABLE IF EXISTS "public"."orders" CASCADE
2026-08-24 17:13:05,625  DEBUG     eds_loader.connectors._sql_base  [orders] CREATE TABLE "public"."orders" (
    "order_id" BIGINT PRIMARY KEY,
    "customer_id" BIGINT NOT NULL REFERENCES "public"."customers"("customer_id"),
    "amount" DOUBLE PRECISION
)
2026-08-24 17:13:05,625  DEBUG     eds_loader.connectors._sql_base  [orders] inserting 2 row(s)
2026-08-24 17:13:05,625  INFO      eds_loader.connectors._sql_base  [orders] wrote 2 row(s) in 0.00s
2026-08-24 17:13:05,627  INFO      eds_loader.connectors._sql_base  Connected to test_user@localhost:5432/test_db
2026-08-24 17:13:05,627  DEBUG     eds_loader.connectors._sql_base  Ensuring namespace exists: CREATE SCHEMA IF NOT EXISTS "public"
2026-08-24 17:13:05,627  DEBUG     eds_loader.connectors._sql_base  [empty] DROP TABLE IF EXISTS "public"."empty" CASCADE
2026-08-24 17:13:05,628  DEBUG     eds_loader.connectors._sql_base  [empty] CREATE TABLE "public"."empty" (
    "id" BIGINT
)
2026-08-24 17:13:05,628  DEBUG     eds_loader.connectors._sql_base  [empty] inserting 0 row(s)
2026-08-24 17:13:05,628  INFO      eds_loader.connectors._sql_base  [empty] wrote 0 row(s) in 0.00s
2026-08-24 17:13:05,630  INFO      eds_loader.connectors._sql_base  Connected to test_user@localhost:5432/test_db
2026-08-24 17:13:05,630  DEBUG     eds_loader.connectors._sql_base  Ensuring namespace exists: CREATE SCHEMA IF NOT EXISTS "public"
2026-08-24 17:13:05,630  DEBUG     eds_loader.connectors._sql_base  [tbl] DROP TABLE IF EXISTS "public"."tbl" CASCADE
2026-08-24 17:13:05,631  DEBUG     eds_loader.connectors._sql_base  [tbl] CREATE TABLE "public"."tbl" (
    "id" BIGINT
)
2026-08-24 17:13:05,631  ERROR     eds_loader.connectors._sql_base  [tbl] write failed: DB error
2026-08-24 17:13:05,633  INFO      eds_loader.connectors._sql_base  Connected to test_user@localhost:5432/test_db
2026-08-24 17:13:05,634  DEBUG     eds_loader.connectors._sql_base  Ensuring namespace exists: CREATE SCHEMA IF NOT EXISTS "public"
2026-08-24 17:13:05,634  DEBUG     eds_loader.connectors._sql_base  [tbl] DROP TABLE IF EXISTS "public"."tbl" CASCADE
2026-08-24 17:13:05,634  DEBUG     eds_loader.connectors._sql_base  [tbl] CREATE TABLE "public"."tbl" (
    "id" BIGINT
)
2026-08-24 17:13:05,634  ERROR     eds_loader.connectors._sql_base  [tbl] write failed: oops
2026-08-24 17:13:05,654  DEBUG     eds_loader.connectors.local_fs  Reading schema.json from C:\Users\Mohit Patel\AppData\Local\Temp\pytest-of-spmohit\pytest-26\test_integration_local_fs_to_p0\source\schema.json
2026-08-24 17:13:05,655  DEBUG     eds_loader.connectors.local_fs  schema.json parsed: 2 dataset(s)
2026-08-24 17:13:05,658  INFO      eds_loader.connectors.local_fs  Read customers: 3 row(s) from C:\Users\Mohit Patel\AppData\Local\Temp\pytest-of-spmohit\pytest-26\test_integration_local_fs_to_p0\source\customers.parquet
2026-08-24 17:13:05,660  INFO      eds_loader.connectors.local_fs  Read orders: 2 row(s) from C:\Users\Mohit Patel\AppData\Local\Temp\pytest-of-spmohit\pytest-26\test_integration_local_fs_to_p0\source\orders.parquet
2026-08-24 17:13:05,661  INFO      eds_loader.loader  Read 2 dataset(s) from source
2026-08-24 17:13:05,661  INFO      eds_loader.connectors._sql_base  Connected to test_user@localhost:5432/test_db
2026-08-24 17:13:05,661  DEBUG     eds_loader.connectors._sql_base  Table write order (FK-sorted): customers, orders
2026-08-24 17:13:05,661  DEBUG     eds_loader.connectors._sql_base  Ensuring namespace exists: CREATE SCHEMA IF NOT EXISTS "public"
2026-08-24 17:13:05,661  DEBUG     eds_loader.connectors._sql_base  [customers] DROP TABLE IF EXISTS "public"."customers" CASCADE
2026-08-24 17:13:05,661  DEBUG     eds_loader.connectors._sql_base  [customers] CREATE TABLE "public"."customers" (
    "customer_id" BIGINT PRIMARY KEY,
    "name" TEXT UNIQUE
)
2026-08-24 17:13:05,661  DEBUG     eds_loader.connectors._sql_base  [customers] inserting 3 row(s)
2026-08-24 17:13:05,662  INFO      eds_loader.connectors._sql_base  [customers] wrote 3 row(s) in 0.00s
2026-08-24 17:13:05,662  DEBUG     eds_loader.connectors._sql_base  [orders] DROP TABLE IF EXISTS "public"."orders" CASCADE
2026-08-24 17:13:05,662  DEBUG     eds_loader.connectors._sql_base  [orders] CREATE TABLE "public"."orders" (
    "order_id" BIGINT PRIMARY KEY,
    "customer_id" BIGINT NOT NULL REFERENCES "public"."customers"("customer_id"),
    "amount" DOUBLE PRECISION
)
2026-08-24 17:13:05,662  DEBUG     eds_loader.connectors._sql_base  [orders] inserting 2 row(s)
2026-08-24 17:13:05,662  INFO      eds_loader.connectors._sql_base  [orders] wrote 2 row(s) in 0.00s
2026-08-24 17:13:05,662  INFO      eds_loader.loader  Load complete: 5 row(s) written
2026-08-24 17:13:05,672  DEBUG     eds_loader.connectors.local_fs  Reading schema.json from C:\Users\Mohit Patel\AppData\Local\Temp\pytest-of-spmohit\pytest-26\test_integration_enforce_false1\source2\schema.json
2026-08-24 17:13:05,674  DEBUG     eds_loader.connectors.local_fs  schema.json parsed: 2 dataset(s)
2026-08-24 17:13:05,676  INFO      eds_loader.connectors.local_fs  Read customers: 3 row(s) from C:\Users\Mohit Patel\AppData\Local\Temp\pytest-of-spmohit\pytest-26\test_integration_enforce_false1\source2\customers.parquet
2026-08-24 17:13:05,680  INFO      eds_loader.connectors.local_fs  Read orders: 2 row(s) from C:\Users\Mohit Patel\AppData\Local\Temp\pytest-of-spmohit\pytest-26\test_integration_enforce_false1\source2\orders.parquet
2026-08-24 17:13:05,680  INFO      eds_loader.loader  Read 2 dataset(s) from source
2026-08-24 17:13:05,680  INFO      eds_loader.connectors._sql_base  Connected to test_user@localhost:5432/test_db
2026-08-24 17:13:05,680  DEBUG     eds_loader.connectors._sql_base  Ensuring namespace exists: CREATE SCHEMA IF NOT EXISTS "public"
2026-08-24 17:13:05,682  DEBUG     eds_loader.connectors._sql_base  [customers] DROP TABLE IF EXISTS "public"."customers" CASCADE
2026-08-24 17:13:05,682  DEBUG     eds_loader.connectors._sql_base  [customers] CREATE TABLE "public"."customers" (
    "customer_id" BIGINT,
    "name" TEXT
)
2026-08-24 17:13:05,682  DEBUG     eds_loader.connectors._sql_base  [customers] inserting 3 row(s)
2026-08-24 17:13:05,682  INFO      eds_loader.connectors._sql_base  [customers] wrote 3 row(s) in 0.00s
2026-08-24 17:13:05,683  DEBUG     eds_loader.connectors._sql_base  [orders] DROP TABLE IF EXISTS "public"."orders" CASCADE
2026-08-24 17:13:05,683  DEBUG     eds_loader.connectors._sql_base  [orders] CREATE TABLE "public"."orders" (
    "order_id" BIGINT,
    "customer_id" BIGINT,
    "amount" DOUBLE PRECISION
)
2026-08-24 17:13:05,683  DEBUG     eds_loader.connectors._sql_base  [orders] inserting 2 row(s)
2026-08-24 17:13:05,683  INFO      eds_loader.connectors._sql_base  [orders] wrote 2 row(s) in 0.00s
2026-08-24 17:13:05,683  INFO      eds_loader.loader  Load complete: 5 row(s) written
2026-08-24 17:13:05,700  INFO      eds_loader.connectors.remote_fs  Connected to SFTP testuser@test.example.com:22
2026-08-24 17:13:05,706  INFO      eds_loader.connectors.remote_fs  Connected to SFTP testuser@test.example.com:22
2026-08-24 17:13:05,760  INFO      eds_loader.connectors.remote_fs  Connected to SFTP testuser@test.example.com:22
2026-08-24 17:13:05,775  DEBUG     eds_loader.connectors.remote_fs  Listing remote directory: /data/eds
2026-08-24 17:13:05,775  DEBUG     eds_loader.connectors.remote_fs  Found 2 .parquet file(s) in /data/eds
2026-08-24 17:13:05,777  INFO      eds_loader.connectors.remote_fs  Downloaded customers: 2 row(s) from /data/eds/customers.parquet
2026-08-24 17:13:05,778  INFO      eds_loader.connectors.remote_fs  Downloaded orders: 1 row(s) from /data/eds/orders.parquet
2026-08-24 17:13:05,781  DEBUG     eds_loader.connectors.remote_fs  Listing remote directory: /data/eds
2026-08-24 17:13:05,781  DEBUG     eds_loader.connectors.remote_fs  Found 1 .parquet file(s) in /data/eds
2026-08-24 17:13:05,782  INFO      eds_loader.connectors.remote_fs  Downloaded data: 1 row(s) from /data/eds/data.parquet
2026-08-24 17:13:05,784  DEBUG     eds_loader.connectors.remote_fs  Listing remote directory: /data/eds
2026-08-24 17:13:05,786  INFO      eds_loader.connectors.remote_fs  Downloaded customers: 2 row(s) from /data/eds/customers.parquet
2026-08-24 17:13:05,791  INFO      eds_loader.connectors.remote_fs  Downloaded my_table: 3 row(s) from /data/eds/my_table.parquet
2026-08-24 17:13:05,832  DEBUG     eds_loader.connectors.remote_fs  Listing remote directory: /data/eds
2026-08-24 17:13:05,832  DEBUG     eds_loader.connectors.remote_fs  Found 0 .parquet file(s) in /data/eds
2026-08-24 17:13:05,844  INFO      eds_loader.connectors.remote_fs  Downloaded customers: 2 row(s) from /data/eds/customers.parquet
2026-08-24 17:13:05,845  INFO      eds_loader.connectors.remote_fs  Downloaded orders: 1 row(s) from /data/eds/orders.parquet
2026-08-24 17:13:05,846  INFO      eds_loader.loader  Read 2 dataset(s) from source
2026-08-24 17:13:05,847  INFO      eds_loader.connectors.local_fs  Wrote customers: 2 row(s) to C:\Users\Mohit Patel\AppData\Local\Temp\pytest-of-spmohit\pytest-26\test_integration_remote_fs_sou0\remote_to_local_target\customers.parquet
2026-08-24 17:13:05,849  INFO      eds_loader.connectors.local_fs  Wrote orders: 1 row(s) to C:\Users\Mohit Patel\AppData\Local\Temp\pytest-of-spmohit\pytest-26\test_integration_remote_fs_sou0\remote_to_local_target\orders.parquet
2026-08-24 17:13:05,849  DEBUG     eds_loader.connectors.local_fs  Merging schema.json at target
2026-08-24 17:13:05,850  INFO      eds_loader.loader  Load complete: 3 row(s) written
2026-08-24 17:13:05,856  INFO      eds_loader.connectors.remote_fs  Downloaded customers: 2 row(s) from /data/eds/customers.parquet
2026-08-24 17:13:05,856  INFO      eds_loader.loader  Read 1 dataset(s) from source
2026-08-24 17:13:05,858  INFO      eds_loader.connectors.local_fs  Wrote customers: 2 row(s) to C:\Users\Mohit Patel\AppData\Local\Temp\pytest-of-spmohit\pytest-26\test_integration_table_subset_1\subset_target\customers.parquet
2026-08-24 17:13:05,858  DEBUG     eds_loader.connectors.local_fs  Merging schema.json at target
2026-08-24 17:13:05,859  INFO      eds_loader.loader  Load complete: 2 row(s) written
2026-08-24 17:13:05,901  INFO      eds_loader.loader  Read 2 dataset(s) from source
2026-08-24 17:13:05,903  INFO      eds_loader.connectors.local_fs  Wrote customers: 2 row(s) to C:\Users\Mohit Patel\AppData\Local\Temp\pytest-of-spmohit\pytest-26\test_integration_s3_source_via0\target\customers.parquet
2026-08-24 17:13:05,905  INFO      eds_loader.connectors.local_fs  Wrote orders: 1 row(s) to C:\Users\Mohit Patel\AppData\Local\Temp\pytest-of-spmohit\pytest-26\test_integration_s3_source_via0\target\orders.parquet
2026-08-24 17:13:05,905  DEBUG     eds_loader.connectors.local_fs  Merging schema.json at target
2026-08-24 17:13:05,905  INFO      eds_loader.loader  Load complete: 3 row(s) written
2026-08-24 17:13:05,923  INFO      eds_loader.connectors._sql_base  Connected to testuser@testhost:9999/testdb
2026-08-24 17:13:05,923  DEBUG     eds_loader.connectors._sql_base  Ensuring namespace exists: CREATE DATABASE IF NOT EXISTS [testdb]
2026-08-24 17:13:05,924  DEBUG     eds_loader.connectors._sql_base  [t] DROP TABLE IF EXISTS [testdb].[t]
2026-08-24 17:13:05,925  DEBUG     eds_loader.connectors._sql_base  [t] CREATE TABLE [testdb].[t] (
    [id] INT
)
2026-08-24 17:13:05,925  DEBUG     eds_loader.connectors._sql_base  [t] inserting 1 row(s)
2026-08-24 17:13:05,925  INFO      eds_loader.connectors._sql_base  [t] wrote 1 row(s) in 0.00s
2026-08-24 17:13:05,927  INFO      eds_loader.connectors._sql_base  Connected to testuser@testhost:9999/testdb
2026-08-24 17:13:05,928  DEBUG     eds_loader.connectors._sql_base  [t] DROP TABLE IF EXISTS [testdb].[t]
2026-08-24 17:13:05,928  DEBUG     eds_loader.connectors._sql_base  [t] CREATE TABLE [testdb].[t] (
    [id] INT
)
2026-08-24 17:13:05,928  DEBUG     eds_loader.connectors._sql_base  [t] inserting 1 row(s)
2026-08-24 17:13:05,929  INFO      eds_loader.connectors._sql_base  [t] wrote 1 row(s) in 0.00s
2026-08-24 17:13:05,930  INFO      eds_loader.connectors._sql_base  Connected to testuser@testhost:9999/testdb
2026-08-24 17:13:05,931  DEBUG     eds_loader.connectors._sql_base  [t] DROP TABLE IF EXISTS [testdb].[t]
2026-08-24 17:13:05,931  ERROR     eds_loader.connectors._sql_base  [t] write failed: DB down
2026-08-24 17:13:05,933  INFO      eds_loader.connectors._sql_base  Connected to testuser@testhost:9999/testdb
2026-08-24 17:13:05,934  DEBUG     eds_loader.connectors._sql_base  [a] DROP TABLE IF EXISTS [testdb].[a]
2026-08-24 17:13:05,934  DEBUG     eds_loader.connectors._sql_base  [a] CREATE TABLE [testdb].[a] (
    [id] INT
)
2026-08-24 17:13:05,934  DEBUG     eds_loader.connectors._sql_base  [a] inserting 1 row(s)
2026-08-24 17:13:05,934  INFO      eds_loader.connectors._sql_base  [a] wrote 1 row(s) in 0.00s
2026-08-24 17:13:05,934  DEBUG     eds_loader.connectors._sql_base  [b] DROP TABLE IF EXISTS [testdb].[b]
2026-08-24 17:13:05,935  DEBUG     eds_loader.connectors._sql_base  [b] CREATE TABLE [testdb].[b] (
    [id] INT
)
2026-08-24 17:13:05,935  DEBUG     eds_loader.connectors._sql_base  [b] inserting 1 row(s)
2026-08-24 17:13:05,935  INFO      eds_loader.connectors._sql_base  [b] wrote 1 row(s) in 0.00s
2026-08-24 17:13:05,937  INFO      eds_loader.connectors._sql_base  Connected to testuser@testhost:9999/testdb
2026-08-24 17:13:05,937  DEBUG     eds_loader.connectors._sql_base  [z] DROP TABLE IF EXISTS [testdb].[z]
2026-08-24 17:13:05,937  DEBUG     eds_loader.connectors._sql_base  [z] CREATE TABLE [testdb].[z] (
    [id] INT
)
2026-08-24 17:13:05,937  DEBUG     eds_loader.connectors._sql_base  [z] inserting 1 row(s)
2026-08-24 17:13:05,938  INFO      eds_loader.connectors._sql_base  [z] wrote 1 row(s) in 0.00s
2026-08-24 17:13:05,938  DEBUG     eds_loader.connectors._sql_base  [a] DROP TABLE IF EXISTS [testdb].[a]
2026-08-24 17:13:05,938  DEBUG     eds_loader.connectors._sql_base  [a] CREATE TABLE [testdb].[a] (
    [id] INT
)
2026-08-24 17:13:05,938  DEBUG     eds_loader.connectors._sql_base  [a] inserting 1 row(s)
2026-08-24 17:13:05,938  INFO      eds_loader.connectors._sql_base  [a] wrote 1 row(s) in 0.00s
2026-08-24 17:13:05,940  INFO      eds_loader.connectors._sql_base  Connected to testuser@testhost:9999/testdb
2026-08-24 17:13:05,940  DEBUG     eds_loader.connectors._sql_base  [tbl] DROP TABLE IF EXISTS [testdb].[tbl]
2026-08-24 17:13:05,941  DEBUG     eds_loader.connectors._sql_base  [tbl] CREATE TABLE [testdb].[tbl] (
    [id] INT
)
2026-08-24 17:13:05,941  DEBUG     eds_loader.connectors._sql_base  [tbl] inserting 1 row(s)
2026-08-24 17:13:05,941  INFO      eds_loader.connectors._sql_base  [tbl] wrote 1 row(s) in 0.00s
2026-08-24 17:13:05,942  INFO      eds_loader.connectors._sql_base  Connected to testuser@testhost:9999/testdb
2026-08-24 17:13:05,943  DEBUG     eds_loader.connectors._sql_base  [t] DROP TABLE IF EXISTS [testdb].[t]
2026-08-24 17:13:05,944  DEBUG     eds_loader.connectors._sql_base  [t] CREATE TABLE [testdb].[t] (
    [id] INT
)
2026-08-24 17:13:05,944  DEBUG     eds_loader.connectors._sql_base  [t] inserting 3 row(s)
2026-08-24 17:13:05,944  INFO      eds_loader.connectors._sql_base  [t] wrote 3 row(s) in 0.00s
2026-08-24 17:13:05,948  INFO      eds_loader.connectors._sql_base  Connected to testuser@testhost:9999/testdb
2026-08-24 17:13:05,949  DEBUG     eds_loader.connectors._sql_base  [t] DROP TABLE IF EXISTS [testdb].[t]
2026-08-24 17:13:05,949  DEBUG     eds_loader.connectors._sql_base  [t] CREATE TABLE [testdb].[t] (
    [id] INT
)
2026-08-24 17:13:05,949  ERROR     eds_loader.connectors._sql_base  [t] write failed: syntax error
2026-08-24 17:13:05,950  INFO      eds_loader.connectors._sql_base  Connected to testuser@testhost:9999/testdb
2026-08-24 17:13:05,952  DEBUG     eds_loader.connectors._sql_base  [t] DROP TABLE IF EXISTS [testdb].[t]
2026-08-24 17:13:05,952  DEBUG     eds_loader.connectors._sql_base  [t] CREATE TABLE [testdb].[t] (
    [id] INT
)
2026-08-24 17:13:05,952  ERROR     eds_loader.connectors._sql_base  [t] write failed: oops
2026-08-24 17:16:21,887  INFO      eds_loader.cli.main  eds-loader run invoked (config=C:\Users\Mohit Patel\AppData\Local\Temp\pytest-of-spmohit\pytest-27\test_run_exits_zero_on_success0\loader.yaml, dry_run=False)
2026-08-24 17:16:21,907  INFO      eds_loader.cli.main  Config loaded: source=local_fs target=local_fs tables=(all) enforce_constraints=True schema_required=True
2026-08-24 17:16:21,907  DEBUG     eds_loader.connectors.local_fs  Reading schema.json from C:\Users\Mohit Patel\AppData\Local\Temp\pytest-of-spmohit\pytest-27\test_run_exits_zero_on_success0\source\schema.json
2026-08-24 17:16:21,909  DEBUG     eds_loader.connectors.local_fs  schema.json parsed: 2 dataset(s)
2026-08-24 17:16:21,911  INFO      eds_loader.connectors.local_fs  Read customers: 3 row(s) from C:\Users\Mohit Patel\AppData\Local\Temp\pytest-of-spmohit\pytest-27\test_run_exits_zero_on_success0\source\customers.parquet
2026-08-24 17:16:21,913  INFO      eds_loader.connectors.local_fs  Read orders: 2 row(s) from C:\Users\Mohit Patel\AppData\Local\Temp\pytest-of-spmohit\pytest-27\test_run_exits_zero_on_success0\source\orders.parquet
2026-08-24 17:16:21,913  INFO      eds_loader.loader  Read 2 dataset(s) from source
2026-08-24 17:16:21,915  INFO      eds_loader.connectors.local_fs  Wrote customers: 3 row(s) to C:\Users\Mohit Patel\AppData\Local\Temp\pytest-of-spmohit\pytest-27\test_run_exits_zero_on_success0\target\customers.parquet
2026-08-24 17:16:21,916  INFO      eds_loader.connectors.local_fs  Wrote orders: 2 row(s) to C:\Users\Mohit Patel\AppData\Local\Temp\pytest-of-spmohit\pytest-27\test_run_exits_zero_on_success0\target\orders.parquet
2026-08-24 17:16:21,916  DEBUG     eds_loader.connectors.local_fs  Merging schema.json at target
2026-08-24 17:16:21,917  INFO      eds_loader.loader  Load complete: 5 row(s) written
2026-08-24 17:16:21,917  INFO      eds_loader.cli.main  Run complete: 5 row(s) across 2 table(s) in 0.0s
2026-08-24 17:16:21,928  INFO      eds_loader.cli.main  eds-loader run invoked (config=C:\Users\Mohit Patel\AppData\Local\Temp\pytest-of-spmohit\pytest-27\test_run_prints_table_with_row0\loader.yaml, dry_run=False)
2026-08-24 17:16:21,936  INFO      eds_loader.cli.main  Config loaded: source=local_fs target=local_fs tables=(all) enforce_constraints=True schema_required=True
2026-08-24 17:16:21,936  DEBUG     eds_loader.connectors.local_fs  Reading schema.json from C:\Users\Mohit Patel\AppData\Local\Temp\pytest-of-spmohit\pytest-27\test_run_prints_table_with_row0\source\schema.json
2026-08-24 17:16:21,938  DEBUG     eds_loader.connectors.local_fs  schema.json parsed: 2 dataset(s)
2026-08-24 17:16:21,939  INFO      eds_loader.connectors.local_fs  Read customers: 3 row(s) from C:\Users\Mohit Patel\AppData\Local\Temp\pytest-of-spmohit\pytest-27\test_run_prints_table_with_row0\source\customers.parquet
2026-08-24 17:16:21,941  INFO      eds_loader.connectors.local_fs  Read orders: 2 row(s) from C:\Users\Mohit Patel\AppData\Local\Temp\pytest-of-spmohit\pytest-27\test_run_prints_table_with_row0\source\orders.parquet
2026-08-24 17:16:21,941  INFO      eds_loader.loader  Read 2 dataset(s) from source
2026-08-24 17:16:21,942  INFO      eds_loader.connectors.local_fs  Wrote customers: 3 row(s) to C:\Users\Mohit Patel\AppData\Local\Temp\pytest-of-spmohit\pytest-27\test_run_prints_table_with_row0\target\customers.parquet
2026-08-24 17:16:21,944  INFO      eds_loader.connectors.local_fs  Wrote orders: 2 row(s) to C:\Users\Mohit Patel\AppData\Local\Temp\pytest-of-spmohit\pytest-27\test_run_prints_table_with_row0\target\orders.parquet
2026-08-24 17:16:21,944  DEBUG     eds_loader.connectors.local_fs  Merging schema.json at target
2026-08-24 17:16:21,944  INFO      eds_loader.loader  Load complete: 5 row(s) written
2026-08-24 17:16:21,944  INFO      eds_loader.cli.main  Run complete: 5 row(s) across 2 table(s) in 0.0s
2026-08-24 17:16:21,955  INFO      eds_loader.cli.main  eds-loader run invoked (config=C:\Users\Mohit Patel\AppData\Local\Temp\pytest-of-spmohit\pytest-27\test_run_prints_timing_in_seco0\loader.yaml, dry_run=False)
2026-08-24 17:16:21,975  INFO      eds_loader.cli.main  Config loaded: source=local_fs target=local_fs tables=(all) enforce_constraints=True schema_required=True
2026-08-24 17:16:21,975  DEBUG     eds_loader.connectors.local_fs  Reading schema.json from C:\Users\Mohit Patel\AppData\Local\Temp\pytest-of-spmohit\pytest-27\test_run_prints_timing_in_seco0\source\schema.json
2026-08-24 17:16:21,976  DEBUG     eds_loader.connectors.local_fs  schema.json parsed: 2 dataset(s)
2026-08-24 17:16:21,978  INFO      eds_loader.connectors.local_fs  Read customers: 3 row(s) from C:\Users\Mohit Patel\AppData\Local\Temp\pytest-of-spmohit\pytest-27\test_run_prints_timing_in_seco0\source\customers.parquet
2026-08-24 17:16:21,983  INFO      eds_loader.connectors.local_fs  Read orders: 2 row(s) from C:\Users\Mohit Patel\AppData\Local\Temp\pytest-of-spmohit\pytest-27\test_run_prints_timing_in_seco0\source\orders.parquet
2026-08-24 17:16:21,983  INFO      eds_loader.loader  Read 2 dataset(s) from source
2026-08-24 17:16:21,985  INFO      eds_loader.connectors.local_fs  Wrote customers: 3 row(s) to C:\Users\Mohit Patel\AppData\Local\Temp\pytest-of-spmohit\pytest-27\test_run_prints_timing_in_seco0\target\customers.parquet
2026-08-24 17:16:21,986  INFO      eds_loader.connectors.local_fs  Wrote orders: 2 row(s) to C:\Users\Mohit Patel\AppData\Local\Temp\pytest-of-spmohit\pytest-27\test_run_prints_timing_in_seco0\target\orders.parquet
2026-08-24 17:16:21,987  DEBUG     eds_loader.connectors.local_fs  Merging schema.json at target
2026-08-24 17:16:21,987  INFO      eds_loader.loader  Load complete: 5 row(s) written
2026-08-24 17:16:21,988  INFO      eds_loader.cli.main  Run complete: 5 row(s) across 2 table(s) in 0.0s
2026-08-24 17:16:21,999  INFO      eds_loader.cli.main  eds-loader run invoked (config=C:\Users\Mohit Patel\AppData\Local\Temp\pytest-of-spmohit\pytest-27\test_run_table_has_location_co0\loader.yaml, dry_run=False)
2026-08-24 17:16:22,016  INFO      eds_loader.cli.main  Config loaded: source=local_fs target=local_fs tables=(all) enforce_constraints=True schema_required=True
2026-08-24 17:16:22,017  DEBUG     eds_loader.connectors.local_fs  Reading schema.json from C:\Users\Mohit Patel\AppData\Local\Temp\pytest-of-spmohit\pytest-27\test_run_table_has_location_co0\source\schema.json
2026-08-24 17:16:22,018  DEBUG     eds_loader.connectors.local_fs  schema.json parsed: 2 dataset(s)
2026-08-24 17:16:22,021  INFO      eds_loader.connectors.local_fs  Read customers: 3 row(s) from C:\Users\Mohit Patel\AppData\Local\Temp\pytest-of-spmohit\pytest-27\test_run_table_has_location_co0\source\customers.parquet
2026-08-24 17:16:22,023  INFO      eds_loader.connectors.local_fs  Read orders: 2 row(s) from C:\Users\Mohit Patel\AppData\Local\Temp\pytest-of-spmohit\pytest-27\test_run_table_has_location_co0\source\orders.parquet
2026-08-24 17:16:22,023  INFO      eds_loader.loader  Read 2 dataset(s) from source
2026-08-24 17:16:22,025  INFO      eds_loader.connectors.local_fs  Wrote customers: 3 row(s) to C:\Users\Mohit Patel\AppData\Local\Temp\pytest-of-spmohit\pytest-27\test_run_table_has_location_co0\target\customers.parquet
2026-08-24 17:16:22,026  INFO      eds_loader.connectors.local_fs  Wrote orders: 2 row(s) to C:\Users\Mohit Patel\AppData\Local\Temp\pytest-of-spmohit\pytest-27\test_run_table_has_location_co0\target\orders.parquet
2026-08-24 17:16:22,026  DEBUG     eds_loader.connectors.local_fs  Merging schema.json at target
2026-08-24 17:16:22,027  INFO      eds_loader.loader  Load complete: 5 row(s) written
2026-08-24 17:16:22,027  INFO      eds_loader.cli.main  Run complete: 5 row(s) across 2 table(s) in 0.0s
2026-08-24 17:16:22,034  INFO      eds_loader.cli.main  eds-loader run invoked (config=C:\Users\Mohit Patel\AppData\Local\Temp\pytest-of-spmohit\pytest-27\test_run_missing_config_exits_0\nope.yaml, dry_run=False)
2026-08-24 17:16:22,035  ERROR     eds_loader.cli.main  Config parse failed: Config file not found: C:\Users\Mohit Patel\AppData\Local\Temp\pytest-of-spmohit\pytest-27\test_run_missing_config_exits_0\nope.yaml
2026-08-24 17:16:22,043  INFO      eds_loader.cli.main  eds-loader run invoked (config=C:\Users\Mohit Patel\AppData\Local\Temp\pytest-of-spmohit\pytest-27\test_run_invalid_yaml_exits_20\loader.yaml, dry_run=False)
2026-08-24 17:16:22,045  ERROR     eds_loader.cli.main  Config parse failed: Config file C:\Users\Mohit Patel\AppData\Local\Temp\pytest-of-spmohit\pytest-27\test_run_invalid_yaml_exits_20\loader.yaml is not valid YAML: while parsing a flow sequence
  in "<unicode string>", line 1, column 9:
    source: [unclosed
            ^
expected ',' or ']', but got '<stream end>'
  in "<unicode string>", line 1, column 18:
    source: [unclosed
                     ^
2026-08-24 17:16:22,053  INFO      eds_loader.cli.main  eds-loader run invoked (config=C:\Users\Mohit Patel\AppData\Local\Temp\pytest-of-spmohit\pytest-27\test_run_unknown_connector_kin0\loader.yaml, dry_run=False)
2026-08-24 17:16:22,054  INFO      eds_loader.cli.main  Config loaded: source=nosuchdb target=local_fs tables=(all) enforce_constraints=True schema_required=True
2026-08-24 17:16:22,055  ERROR     eds_loader.cli.main  Configuration error: Unknown connector kind 'nosuchdb'.
Known connectors: azure_blob, bigquery, elasticsearch, gcs, local_fs, mongodb, mssql, mysql, oracle, postgres, remote_fs, s3.
Run `eds-loader connectors` to see install status.
2026-08-24 17:16:22,065  INFO      eds_loader.cli.main  eds-loader run invoked (config=C:\Users\Mohit Patel\AppData\Local\Temp\pytest-of-spmohit\pytest-27\test_run_load_error_exits_30\loader.yaml, dry_run=False)
2026-08-24 17:16:22,085  INFO      eds_loader.cli.main  Config loaded: source=local_fs target=local_fs tables=(all) enforce_constraints=True schema_required=True
2026-08-24 17:16:22,085  ERROR     eds_loader.cli.main  Load failed after 0.0s: disk full
2026-08-24 17:16:22,096  INFO      eds_loader.cli.main  eds-loader run invoked (config=C:\Users\Mohit Patel\AppData\Local\Temp\pytest-of-spmohit\pytest-27\test_dry_run_exits_zero0\loader.yaml, dry_run=True)
2026-08-24 17:16:22,118  INFO      eds_loader.cli.main  Config loaded: source=local_fs target=local_fs tables=(all) enforce_constraints=True schema_required=True
2026-08-24 17:16:22,118  DEBUG     eds_loader.connectors.local_fs  Reading schema.json from C:\Users\Mohit Patel\AppData\Local\Temp\pytest-of-spmohit\pytest-27\test_dry_run_exits_zero0\source\schema.json
2026-08-24 17:16:22,119  DEBUG     eds_loader.connectors.local_fs  schema.json parsed: 2 dataset(s)
2026-08-24 17:16:22,119  INFO      eds_loader.cli.main  Dry-run: reading ['customers', 'orders'] dataset(s) from source
2026-08-24 17:16:22,121  INFO      eds_loader.connectors.local_fs  Read customers: 3 row(s) from C:\Users\Mohit Patel\AppData\Local\Temp\pytest-of-spmohit\pytest-27\test_dry_run_exits_zero0\source\customers.parquet
2026-08-24 17:16:22,123  INFO      eds_loader.connectors.local_fs  Read orders: 2 row(s) from C:\Users\Mohit Patel\AppData\Local\Temp\pytest-of-spmohit\pytest-27\test_dry_run_exits_zero0\source\orders.parquet
2026-08-24 17:16:22,123  INFO      eds_loader.cli.main  Dry-run complete: 5 row(s) across 2 dataset(s)
2026-08-24 17:16:22,134  INFO      eds_loader.cli.main  eds-loader run invoked (config=C:\Users\Mohit Patel\AppData\Local\Temp\pytest-of-spmohit\pytest-27\test_dry_run_shows_dataset_nam0\loader.yaml, dry_run=True)
2026-08-24 17:16:22,149  INFO      eds_loader.cli.main  Config loaded: source=local_fs target=local_fs tables=(all) enforce_constraints=True schema_required=True
2026-08-24 17:16:22,149  DEBUG     eds_loader.connectors.local_fs  Reading schema.json from C:\Users\Mohit Patel\AppData\Local\Temp\pytest-of-spmohit\pytest-27\test_dry_run_shows_dataset_nam0\source\schema.json
2026-08-24 17:16:22,150  DEBUG     eds_loader.connectors.local_fs  schema.json parsed: 2 dataset(s)
2026-08-24 17:16:22,150  INFO      eds_loader.cli.main  Dry-run: reading ['customers', 'orders'] dataset(s) from source
2026-08-24 17:16:22,153  INFO      eds_loader.connectors.local_fs  Read customers: 3 row(s) from C:\Users\Mohit Patel\AppData\Local\Temp\pytest-of-spmohit\pytest-27\test_dry_run_shows_dataset_nam0\source\customers.parquet
2026-08-24 17:16:22,156  INFO      eds_loader.connectors.local_fs  Read orders: 2 row(s) from C:\Users\Mohit Patel\AppData\Local\Temp\pytest-of-spmohit\pytest-27\test_dry_run_shows_dataset_nam0\source\orders.parquet
2026-08-24 17:16:22,156  INFO      eds_loader.cli.main  Dry-run complete: 5 row(s) across 2 dataset(s)
2026-08-24 17:16:22,167  INFO      eds_loader.cli.main  eds-loader run invoked (config=C:\Users\Mohit Patel\AppData\Local\Temp\pytest-of-spmohit\pytest-27\test_dry_run_shows_total_rows0\loader.yaml, dry_run=True)
2026-08-24 17:16:22,177  INFO      eds_loader.cli.main  Config loaded: source=local_fs target=local_fs tables=(all) enforce_constraints=True schema_required=True
2026-08-24 17:16:22,177  DEBUG     eds_loader.connectors.local_fs  Reading schema.json from C:\Users\Mohit Patel\AppData\Local\Temp\pytest-of-spmohit\pytest-27\test_dry_run_shows_total_rows0\source\schema.json
2026-08-24 17:16:22,179  DEBUG     eds_loader.connectors.local_fs  schema.json parsed: 2 dataset(s)
2026-08-24 17:16:22,179  INFO      eds_loader.cli.main  Dry-run: reading ['customers', 'orders'] dataset(s) from source
2026-08-24 17:16:22,182  INFO      eds_loader.connectors.local_fs  Read customers: 3 row(s) from C:\Users\Mohit Patel\AppData\Local\Temp\pytest-of-spmohit\pytest-27\test_dry_run_shows_total_rows0\source\customers.parquet
2026-08-24 17:16:22,184  INFO      eds_loader.connectors.local_fs  Read orders: 2 row(s) from C:\Users\Mohit Patel\AppData\Local\Temp\pytest-of-spmohit\pytest-27\test_dry_run_shows_total_rows0\source\orders.parquet
2026-08-24 17:16:22,184  INFO      eds_loader.cli.main  Dry-run complete: 5 row(s) across 2 dataset(s)
2026-08-24 17:16:22,196  INFO      eds_loader.cli.main  eds-loader run invoked (config=C:\Users\Mohit Patel\AppData\Local\Temp\pytest-of-spmohit\pytest-27\test_dry_run_does_not_write_ta0\loader.yaml, dry_run=True)
2026-08-24 17:16:22,216  INFO      eds_loader.cli.main  Config loaded: source=local_fs target=local_fs tables=(all) enforce_constraints=True schema_required=True
2026-08-24 17:16:22,216  DEBUG     eds_loader.connectors.local_fs  Reading schema.json from C:\Users\Mohit Patel\AppData\Local\Temp\pytest-of-spmohit\pytest-27\test_dry_run_does_not_write_ta0\source\schema.json
2026-08-24 17:16:22,217  DEBUG     eds_loader.connectors.local_fs  schema.json parsed: 2 dataset(s)
2026-08-24 17:16:22,217  INFO      eds_loader.cli.main  Dry-run: reading ['customers', 'orders'] dataset(s) from source
2026-08-24 17:16:22,220  INFO      eds_loader.connectors.local_fs  Read customers: 3 row(s) from C:\Users\Mohit Patel\AppData\Local\Temp\pytest-of-spmohit\pytest-27\test_dry_run_does_not_write_ta0\source\customers.parquet
2026-08-24 17:16:22,222  INFO      eds_loader.connectors.local_fs  Read orders: 2 row(s) from C:\Users\Mohit Patel\AppData\Local\Temp\pytest-of-spmohit\pytest-27\test_dry_run_does_not_write_ta0\source\orders.parquet
2026-08-24 17:16:22,223  INFO      eds_loader.cli.main  Dry-run complete: 5 row(s) across 2 dataset(s)
2026-08-24 17:16:22,235  INFO      eds_loader.cli.main  eds-loader run invoked (config=C:\Users\Mohit Patel\AppData\Local\Temp\pytest-of-spmohit\pytest-27\test_dry_run_shows_dry_run_hea0\loader.yaml, dry_run=True)
2026-08-24 17:16:22,257  INFO      eds_loader.cli.main  Config loaded: source=local_fs target=local_fs tables=(all) enforce_constraints=True schema_required=True
2026-08-24 17:16:22,258  DEBUG     eds_loader.connectors.local_fs  Reading schema.json from C:\Users\Mohit Patel\AppData\Local\Temp\pytest-of-spmohit\pytest-27\test_dry_run_shows_dry_run_hea0\source\schema.json
2026-08-24 17:16:22,259  DEBUG     eds_loader.connectors.local_fs  schema.json parsed: 2 dataset(s)
2026-08-24 17:16:22,259  INFO      eds_loader.cli.main  Dry-run: reading ['customers', 'orders'] dataset(s) from source
2026-08-24 17:16:22,261  INFO      eds_loader.connectors.local_fs  Read customers: 3 row(s) from C:\Users\Mohit Patel\AppData\Local\Temp\pytest-of-spmohit\pytest-27\test_dry_run_shows_dry_run_hea0\source\customers.parquet
2026-08-24 17:16:22,263  INFO      eds_loader.connectors.local_fs  Read orders: 2 row(s) from C:\Users\Mohit Patel\AppData\Local\Temp\pytest-of-spmohit\pytest-27\test_dry_run_shows_dry_run_hea0\source\orders.parquet
2026-08-24 17:16:22,263  INFO      eds_loader.cli.main  Dry-run complete: 5 row(s) across 2 dataset(s)
2026-08-24 17:16:22,274  INFO      eds_loader.cli.main  eds-loader run invoked (config=C:\Users\Mohit Patel\AppData\Local\Temp\pytest-of-spmohit\pytest-27\test_dry_run_source_error_exit0\loader.yaml, dry_run=True)
2026-08-24 17:16:22,289  INFO      eds_loader.cli.main  Config loaded: source=local_fs target=local_fs tables=(all) enforce_constraints=True schema_required=True
2026-08-24 17:16:22,290  ERROR     eds_loader.cli.main  Dry-run read failed: source down
2026-08-24 17:16:22,319  DEBUG     eds_loader.connectors.local_fs  Reading schema.json from C:\Users\Mohit Patel\AppData\Local\Temp\pytest-of-spmohit\pytest-27\test_validate_good_config_exit0\source\schema.json
2026-08-24 17:16:22,320  DEBUG     eds_loader.connectors.local_fs  schema.json parsed: 2 dataset(s)
2026-08-24 17:16:22,344  DEBUG     eds_loader.connectors.local_fs  Reading schema.json from C:\Users\Mohit Patel\AppData\Local\Temp\pytest-of-spmohit\pytest-27\test_validate_prints_checkmark0\source\schema.json
2026-08-24 17:16:22,345  DEBUG     eds_loader.connectors.local_fs  schema.json parsed: 2 dataset(s)
2026-08-24 17:16:22,379  DEBUG     eds_loader.connectors.local_fs  Reading schema.json from C:\Users\Mohit Patel\AppData\Local\Temp\pytest-of-spmohit\pytest-27\test_validate_shows_dataset_co0\source\schema.json
2026-08-24 17:16:22,381  DEBUG     eds_loader.connectors.local_fs  schema.json parsed: 2 dataset(s)
2026-08-24 17:16:22,459  DEBUG     eds_loader.connectors.local_fs  Reading schema.json from C:\Users\Mohit Patel\AppData\Local\Temp\pytest-of-spmohit\pytest-27\test_validate_shows_connector_0\source\schema.json
2026-08-24 17:16:22,460  DEBUG     eds_loader.connectors.local_fs  schema.json parsed: 2 dataset(s)
2026-08-24 17:16:22,776  INFO      eds_loader.loader  Read 2 dataset(s) from source
2026-08-24 17:16:22,778  INFO      eds_loader.connectors.local_fs  Wrote customers: 3 row(s) to C:\Users\Mohit Patel\AppData\Local\Temp\pytest-of-spmohit\pytest-27\test_integration_gcs_source_vi0\target\customers.parquet
2026-08-24 17:16:22,780  INFO      eds_loader.connectors.local_fs  Wrote orders: 2 row(s) to C:\Users\Mohit Patel\AppData\Local\Temp\pytest-of-spmohit\pytest-27\test_integration_gcs_source_vi0\target\orders.parquet
2026-08-24 17:16:22,780  DEBUG     eds_loader.connectors.local_fs  Merging schema.json at target
2026-08-24 17:16:22,781  INFO      eds_loader.loader  Load complete: 5 row(s) written
2026-08-24 17:16:22,784  INFO      eds_loader.loader  Read 2 dataset(s) from source
2026-08-24 17:16:22,784  INFO      eds_loader.loader  Load complete: 3 row(s) written
2026-08-24 17:16:22,786  INFO      eds_loader.loader  Read 2 dataset(s) from source
2026-08-24 17:16:22,786  INFO      eds_loader.loader  Load complete: 3 row(s) written
2026-08-24 17:16:22,788  INFO      eds_loader.loader  Read 2 dataset(s) from source
2026-08-24 17:16:22,789  INFO      eds_loader.loader  Load complete: 3 row(s) written
2026-08-24 17:16:22,791  INFO      eds_loader.loader  Read 2 dataset(s) from source
2026-08-24 17:16:22,791  INFO      eds_loader.loader  Load complete: 3 row(s) written
2026-08-24 17:16:22,794  INFO      eds_loader.loader  Read 1 dataset(s) from source
2026-08-24 17:16:22,794  INFO      eds_loader.loader  Load complete: 1 row(s) written
2026-08-24 17:16:22,813  DEBUG     eds_loader.connectors.local_fs  Reading schema.json from C:\Users\Mohit Patel\AppData\Local\Temp\pytest-of-spmohit\pytest-27\test_read_schema_metadata_retu0\schema.json
2026-08-24 17:16:22,814  DEBUG     eds_loader.connectors.local_fs  schema.json parsed: 2 dataset(s)
2026-08-24 17:16:22,821  DEBUG     eds_loader.connectors.local_fs  Reading schema.json from C:\Users\Mohit Patel\AppData\Local\Temp\pytest-of-spmohit\pytest-27\test_read_schema_metadata_cont0\schema.json
2026-08-24 17:16:22,822  DEBUG     eds_loader.connectors.local_fs  schema.json parsed: 2 dataset(s)
2026-08-24 17:16:22,829  DEBUG     eds_loader.connectors.local_fs  Reading schema.json from C:\Users\Mohit Patel\AppData\Local\Temp\pytest-of-spmohit\pytest-27\test_read_schema_metadata_corr0\schema.json
2026-08-24 17:16:22,834  DEBUG     eds_loader.connectors.local_fs  Reading schema.json from C:\Users\Mohit Patel\AppData\Local\Temp\pytest-of-spmohit\pytest-27\test_read_schema_metadata_empt0\schema.json
2026-08-24 17:16:22,841  DEBUG     eds_loader.connectors.local_fs  Auto-discovered 2 parquet file(s) in C:\Users\Mohit Patel\AppData\Local\Temp\pytest-of-spmohit\pytest-27\test_read_datasets_none_reads_0
2026-08-24 17:16:22,843  INFO      eds_loader.connectors.local_fs  Read customers: 3 row(s) from C:\Users\Mohit Patel\AppData\Local\Temp\pytest-of-spmohit\pytest-27\test_read_datasets_none_reads_0\customers.parquet
2026-08-24 17:16:22,845  INFO      eds_loader.connectors.local_fs  Read orders: 2 row(s) from C:\Users\Mohit Patel\AppData\Local\Temp\pytest-of-spmohit\pytest-27\test_read_datasets_none_reads_0\orders.parquet
2026-08-24 17:16:22,851  DEBUG     eds_loader.connectors.local_fs  Auto-discovered 1 parquet file(s) in C:\Users\Mohit Patel\AppData\Local\Temp\pytest-of-spmohit\pytest-27\test_read_datasets_none_ignore0
2026-08-24 17:16:22,853  INFO      eds_loader.connectors.local_fs  Read data: 1 row(s) from C:\Users\Mohit Patel\AppData\Local\Temp\pytest-of-spmohit\pytest-27\test_read_datasets_none_ignore0\data.parquet
2026-08-24 17:16:22,861  DEBUG     eds_loader.connectors.local_fs  Auto-discovered 2 parquet file(s) in C:\Users\Mohit Patel\AppData\Local\Temp\pytest-of-spmohit\pytest-27\test_read_datasets_none_return0
2026-08-24 17:16:22,863  INFO      eds_loader.connectors.local_fs  Read customers: 3 row(s) from C:\Users\Mohit Patel\AppData\Local\Temp\pytest-of-spmohit\pytest-27\test_read_datasets_none_return0\customers.parquet
2026-08-24 17:16:22,865  INFO      eds_loader.connectors.local_fs  Read orders: 2 row(s) from C:\Users\Mohit Patel\AppData\Local\Temp\pytest-of-spmohit\pytest-27\test_read_datasets_none_return0\orders.parquet
2026-08-24 17:16:22,869  DEBUG     eds_loader.connectors.local_fs  Auto-discovered 0 parquet file(s) in C:\Users\Mohit Patel\AppData\Local\Temp\pytest-of-spmohit\pytest-27\test_read_datasets_none_empty_0
2026-08-24 17:16:22,878  INFO      eds_loader.connectors.local_fs  Read customers: 3 row(s) from C:\Users\Mohit Patel\AppData\Local\Temp\pytest-of-spmohit\pytest-27\test_read_datasets_explicit_na0\customers.parquet
2026-08-24 17:16:22,888  INFO      eds_loader.connectors.local_fs  Read customers: 3 row(s) from C:\Users\Mohit Patel\AppData\Local\Temp\pytest-of-spmohit\pytest-27\test_read_datasets_explicit_pr0\customers.parquet
2026-08-24 17:16:22,904  INFO      eds_loader.connectors.local_fs  Read customers: 3 row(s) from C:\Users\Mohit Patel\AppData\Local\Temp\pytest-of-spmohit\pytest-27\test_read_datasets_one_missing0\customers.parquet
2026-08-24 17:16:22,912  INFO      eds_loader.connectors.local_fs  Wrote customers: 3 row(s) to C:\Users\Mohit Patel\AppData\Local\Temp\pytest-of-spmohit\pytest-27\test_write_datasets_creates_di0\deep\nested\dir\customers.parquet
2026-08-24 17:16:22,913  INFO      eds_loader.connectors.local_fs  Wrote orders: 2 row(s) to C:\Users\Mohit Patel\AppData\Local\Temp\pytest-of-spmohit\pytest-27\test_write_datasets_creates_di0\deep\nested\dir\orders.parquet
2026-08-24 17:16:22,919  INFO      eds_loader.connectors.local_fs  Wrote customers: 3 row(s) to C:\Users\Mohit Patel\AppData\Local\Temp\pytest-of-spmohit\pytest-27\test_write_datasets_writes_par0\customers.parquet
2026-08-24 17:16:22,920  INFO      eds_loader.connectors.local_fs  Wrote orders: 2 row(s) to C:\Users\Mohit Patel\AppData\Local\Temp\pytest-of-spmohit\pytest-27\test_write_datasets_writes_par0\orders.parquet
2026-08-24 17:16:22,927  INFO      eds_loader.connectors.local_fs  Wrote customers: 3 row(s) to C:\Users\Mohit Patel\AppData\Local\Temp\pytest-of-spmohit\pytest-27\test_write_datasets_returns_on0\customers.parquet
2026-08-24 17:16:22,928  INFO      eds_loader.connectors.local_fs  Wrote orders: 2 row(s) to C:\Users\Mohit Patel\AppData\Local\Temp\pytest-of-spmohit\pytest-27\test_write_datasets_returns_on0\orders.parquet
2026-08-24 17:16:22,934  INFO      eds_loader.connectors.local_fs  Wrote customers: 3 row(s) to C:\Users\Mohit Patel\AppData\Local\Temp\pytest-of-spmohit\pytest-27\test_write_datasets_result_row0\customers.parquet
2026-08-24 17:16:22,936  INFO      eds_loader.connectors.local_fs  Wrote orders: 2 row(s) to C:\Users\Mohit Patel\AppData\Local\Temp\pytest-of-spmohit\pytest-27\test_write_datasets_result_row0\orders.parquet
2026-08-24 17:16:22,941  INFO      eds_loader.connectors.local_fs  Wrote customers: 3 row(s) to C:\Users\Mohit Patel\AppData\Local\Temp\pytest-of-spmohit\pytest-27\test_write_datasets_result_loc0\customers.parquet
2026-08-24 17:16:22,943  INFO      eds_loader.connectors.local_fs  Wrote orders: 2 row(s) to C:\Users\Mohit Patel\AppData\Local\Temp\pytest-of-spmohit\pytest-27\test_write_datasets_result_loc0\orders.parquet
2026-08-24 17:16:22,949  INFO      eds_loader.connectors.local_fs  Wrote data: 3 row(s) to C:\Users\Mohit Patel\AppData\Local\Temp\pytest-of-spmohit\pytest-27\test_write_datasets_overwrites0\data.parquet
2026-08-24 17:16:22,951  INFO      eds_loader.connectors.local_fs  Wrote data: 1 row(s) to C:\Users\Mohit Patel\AppData\Local\Temp\pytest-of-spmohit\pytest-27\test_write_datasets_overwrites0\data.parquet
2026-08-24 17:16:22,961  INFO      eds_loader.connectors.local_fs  Wrote customers: 3 row(s) to C:\Users\Mohit Patel\AppData\Local\Temp\pytest-of-spmohit\pytest-27\test_write_datasets_writes_sch0\customers.parquet
2026-08-24 17:16:22,962  INFO      eds_loader.connectors.local_fs  Wrote orders: 2 row(s) to C:\Users\Mohit Patel\AppData\Local\Temp\pytest-of-spmohit\pytest-27\test_write_datasets_writes_sch0\orders.parquet
2026-08-24 17:16:22,962  DEBUG     eds_loader.connectors.local_fs  Merging schema.json at target
2026-08-24 17:16:22,983  INFO      eds_loader.connectors.local_fs  Wrote customers: 3 row(s) to C:\Users\Mohit Patel\AppData\Local\Temp\pytest-of-spmohit\pytest-27\test_write_datasets_skips_sche0\customers.parquet
2026-08-24 17:16:22,985  INFO      eds_loader.connectors.local_fs  Wrote orders: 2 row(s) to C:\Users\Mohit Patel\AppData\Local\Temp\pytest-of-spmohit\pytest-27\test_write_datasets_skips_sche0\orders.parquet
2026-08-24 17:16:22,991  INFO      eds_loader.connectors.local_fs  Wrote customers: 3 row(s) to C:\Users\Mohit Patel\AppData\Local\Temp\pytest-of-spmohit\pytest-27\test_write_datasets_merges_sch0\customers.parquet
2026-08-24 17:16:22,993  INFO      eds_loader.connectors.local_fs  Wrote orders: 2 row(s) to C:\Users\Mohit Patel\AppData\Local\Temp\pytest-of-spmohit\pytest-27\test_write_datasets_merges_sch0\orders.parquet
2026-08-24 17:16:22,994  DEBUG     eds_loader.connectors.local_fs  Merging schema.json at target
2026-08-24 17:16:23,003  INFO      eds_loader.connectors.local_fs  Wrote customers: 3 row(s) to C:\Users\Mohit Patel\AppData\Local\Temp\pytest-of-spmohit\pytest-27\test_write_datasets_corrupt_ex0\customers.parquet
2026-08-24 17:16:23,005  INFO      eds_loader.connectors.local_fs  Wrote orders: 2 row(s) to C:\Users\Mohit Patel\AppData\Local\Temp\pytest-of-spmohit\pytest-27\test_write_datasets_corrupt_ex0\orders.parquet
2026-08-24 17:16:23,005  DEBUG     eds_loader.connectors.local_fs  Merging schema.json at target
2026-08-24 17:16:23,014  INFO      eds_loader.connectors.local_fs  Wrote customers: 3 row(s) to C:\Users\Mohit Patel\AppData\Local\Temp\pytest-of-spmohit\pytest-27\test_round_trip_dataframes_mat0\customers.parquet
2026-08-24 17:16:23,016  INFO      eds_loader.connectors.local_fs  Wrote orders: 2 row(s) to C:\Users\Mohit Patel\AppData\Local\Temp\pytest-of-spmohit\pytest-27\test_round_trip_dataframes_mat0\orders.parquet
2026-08-24 17:16:23,016  DEBUG     eds_loader.connectors.local_fs  Merging schema.json at target
2026-08-24 17:16:23,019  INFO      eds_loader.connectors.local_fs  Read customers: 3 row(s) from C:\Users\Mohit Patel\AppData\Local\Temp\pytest-of-spmohit\pytest-27\test_round_trip_dataframes_mat0\customers.parquet
2026-08-24 17:16:23,021  INFO      eds_loader.connectors.local_fs  Read orders: 2 row(s) from C:\Users\Mohit Patel\AppData\Local\Temp\pytest-of-spmohit\pytest-27\test_round_trip_dataframes_mat0\orders.parquet
2026-08-24 17:16:23,028  INFO      eds_loader.connectors.local_fs  Wrote customers: 3 row(s) to C:\Users\Mohit Patel\AppData\Local\Temp\pytest-of-spmohit\pytest-27\test_round_trip_schema_survive0\customers.parquet
2026-08-24 17:16:23,029  INFO      eds_loader.connectors.local_fs  Wrote orders: 2 row(s) to C:\Users\Mohit Patel\AppData\Local\Temp\pytest-of-spmohit\pytest-27\test_round_trip_schema_survive0\orders.parquet
2026-08-24 17:16:23,029  DEBUG     eds_loader.connectors.local_fs  Merging schema.json at target
2026-08-24 17:16:23,030  DEBUG     eds_loader.connectors.local_fs  Reading schema.json from C:\Users\Mohit Patel\AppData\Local\Temp\pytest-of-spmohit\pytest-27\test_round_trip_schema_survive0\schema.json
2026-08-24 17:16:23,032  DEBUG     eds_loader.connectors.local_fs  schema.json parsed: 2 dataset(s)
2026-08-24 17:16:23,040  DEBUG     eds_loader.connectors.local_fs  Reading schema.json from C:\Users\Mohit Patel\AppData\Local\Temp\pytest-of-spmohit\pytest-27\test_integration_local_to_loca0\schema.json
2026-08-24 17:16:23,043  DEBUG     eds_loader.connectors.local_fs  schema.json parsed: 2 dataset(s)
2026-08-24 17:16:23,045  INFO      eds_loader.connectors.local_fs  Read customers: 3 row(s) from C:\Users\Mohit Patel\AppData\Local\Temp\pytest-of-spmohit\pytest-27\test_integration_local_to_loca0\customers.parquet
2026-08-24 17:16:23,048  INFO      eds_loader.connectors.local_fs  Read orders: 2 row(s) from C:\Users\Mohit Patel\AppData\Local\Temp\pytest-of-spmohit\pytest-27\test_integration_local_to_loca0\orders.parquet
2026-08-24 17:16:23,048  INFO      eds_loader.loader  Read 2 dataset(s) from source
2026-08-24 17:16:23,050  INFO      eds_loader.connectors.local_fs  Wrote customers: 3 row(s) to C:\Users\Mohit Patel\AppData\Local\Temp\pytest-of-spmohit\pytest-27\test_integration_local_to_loca0\target\customers.parquet
2026-08-24 17:16:23,051  INFO      eds_loader.connectors.local_fs  Wrote orders: 2 row(s) to C:\Users\Mohit Patel\AppData\Local\Temp\pytest-of-spmohit\pytest-27\test_integration_local_to_loca0\target\orders.parquet
2026-08-24 17:16:23,051  DEBUG     eds_loader.connectors.local_fs  Merging schema.json at target
2026-08-24 17:16:23,052  INFO      eds_loader.loader  Load complete: 5 row(s) written
2026-08-24 17:16:23,062  DEBUG     eds_loader.connectors.local_fs  Reading schema.json from C:\Users\Mohit Patel\AppData\Local\Temp\pytest-of-spmohit\pytest-27\test_integration_table_subset_0\schema.json
2026-08-24 17:16:23,063  DEBUG     eds_loader.connectors.local_fs  schema.json parsed: 2 dataset(s)
2026-08-24 17:16:23,066  INFO      eds_loader.connectors.local_fs  Read customers: 3 row(s) from C:\Users\Mohit Patel\AppData\Local\Temp\pytest-of-spmohit\pytest-27\test_integration_table_subset_0\customers.parquet
2026-08-24 17:16:23,066  INFO      eds_loader.loader  Read 1 dataset(s) from source
2026-08-24 17:16:23,069  INFO      eds_loader.connectors.local_fs  Wrote customers: 3 row(s) to C:\Users\Mohit Patel\AppData\Local\Temp\pytest-of-spmohit\pytest-27\test_integration_table_subset_0\target_subset\customers.parquet
2026-08-24 17:16:23,069  DEBUG     eds_loader.connectors.local_fs  Merging schema.json at target
2026-08-24 17:16:23,070  INFO      eds_loader.loader  Load complete: 3 row(s) written
2026-08-24 17:16:23,081  DEBUG     eds_loader.connectors.local_fs  Reading schema.json from C:\Users\Mohit Patel\AppData\Local\Temp\pytest-of-spmohit\pytest-27\test_integration_schema_json_w0\schema.json
2026-08-24 17:16:23,083  DEBUG     eds_loader.connectors.local_fs  schema.json parsed: 2 dataset(s)
2026-08-24 17:16:23,086  INFO      eds_loader.connectors.local_fs  Read customers: 3 row(s) from C:\Users\Mohit Patel\AppData\Local\Temp\pytest-of-spmohit\pytest-27\test_integration_schema_json_w0\customers.parquet
2026-08-24 17:16:23,089  INFO      eds_loader.connectors.local_fs  Read orders: 2 row(s) from C:\Users\Mohit Patel\AppData\Local\Temp\pytest-of-spmohit\pytest-27\test_integration_schema_json_w0\orders.parquet
2026-08-24 17:16:23,089  INFO      eds_loader.loader  Read 2 dataset(s) from source
2026-08-24 17:16:23,091  INFO      eds_loader.connectors.local_fs  Wrote customers: 3 row(s) to C:\Users\Mohit Patel\AppData\Local\Temp\pytest-of-spmohit\pytest-27\test_integration_schema_json_w0\target_schema\customers.parquet
2026-08-24 17:16:23,092  INFO      eds_loader.connectors.local_fs  Wrote orders: 2 row(s) to C:\Users\Mohit Patel\AppData\Local\Temp\pytest-of-spmohit\pytest-27\test_integration_schema_json_w0\target_schema\orders.parquet
2026-08-24 17:16:23,092  DEBUG     eds_loader.connectors.local_fs  Merging schema.json at target
2026-08-24 17:16:23,093  INFO      eds_loader.loader  Load complete: 5 row(s) written
2026-08-24 17:16:23,100  DEBUG     eds_loader.connectors.local_fs  Reading schema.json from C:\Users\Mohit Patel\AppData\Local\Temp\pytest-of-spmohit\pytest-27\test_integration_schema_json_n0\schema.json
2026-08-24 17:16:23,101  DEBUG     eds_loader.connectors.local_fs  schema.json parsed: 2 dataset(s)
2026-08-24 17:16:23,104  INFO      eds_loader.connectors.local_fs  Read customers: 3 row(s) from C:\Users\Mohit Patel\AppData\Local\Temp\pytest-of-spmohit\pytest-27\test_integration_schema_json_n0\customers.parquet
2026-08-24 17:16:23,106  INFO      eds_loader.connectors.local_fs  Read orders: 2 row(s) from C:\Users\Mohit Patel\AppData\Local\Temp\pytest-of-spmohit\pytest-27\test_integration_schema_json_n0\orders.parquet
2026-08-24 17:16:23,106  INFO      eds_loader.loader  Read 2 dataset(s) from source
2026-08-24 17:16:23,108  INFO      eds_loader.connectors.local_fs  Wrote customers: 3 row(s) to C:\Users\Mohit Patel\AppData\Local\Temp\pytest-of-spmohit\pytest-27\test_integration_schema_json_n0\target_no_schema\customers.parquet
2026-08-24 17:16:23,110  INFO      eds_loader.connectors.local_fs  Wrote orders: 2 row(s) to C:\Users\Mohit Patel\AppData\Local\Temp\pytest-of-spmohit\pytest-27\test_integration_schema_json_n0\target_no_schema\orders.parquet
2026-08-24 17:16:23,110  INFO      eds_loader.loader  Load complete: 5 row(s) written
2026-08-24 17:16:23,128  INFO      eds_loader.connectors.mongodb  Connected to MongoDB localhost:27017/test_db
2026-08-24 17:16:23,128  DEBUG     eds_loader.connectors.mongodb  [customers] dropping existing collection
2026-08-24 17:16:23,129  DEBUG     eds_loader.connectors.mongodb  [customers] inserting 3 document(s)
2026-08-24 17:16:23,129  INFO      eds_loader.connectors.mongodb  [customers] wrote 3 document(s) in 0.00s
2026-08-24 17:16:23,129  DEBUG     eds_loader.connectors.mongodb  [orders] dropping existing collection
2026-08-24 17:16:23,129  DEBUG     eds_loader.connectors.mongodb  [orders] inserting 2 document(s)
2026-08-24 17:16:23,129  INFO      eds_loader.connectors.mongodb  [orders] wrote 2 document(s) in 0.00s
2026-08-24 17:16:23,131  INFO      eds_loader.connectors.mongodb  Connected to MongoDB localhost:27017/test_db
2026-08-24 17:16:23,131  DEBUG     eds_loader.connectors.mongodb  [data] dropping existing collection
2026-08-24 17:16:23,132  DEBUG     eds_loader.connectors.mongodb  [data] inserting 2 document(s)
2026-08-24 17:16:23,132  INFO      eds_loader.connectors.mongodb  [data] wrote 2 document(s) in 0.00s
2026-08-24 17:16:23,134  INFO      eds_loader.connectors.mongodb  Connected to MongoDB localhost:27017/test_db
2026-08-24 17:16:23,134  DEBUG     eds_loader.connectors.mongodb  [t] dropping existing collection
2026-08-24 17:16:23,134  DEBUG     eds_loader.connectors.mongodb  [t] inserting 1 document(s)
2026-08-24 17:16:23,134  INFO      eds_loader.connectors.mongodb  [t] wrote 1 document(s) in 0.00s
2026-08-24 17:16:23,135  INFO      eds_loader.connectors.mongodb  Connected to MongoDB localhost:27017/test_db
2026-08-24 17:16:23,136  DEBUG     eds_loader.connectors.mongodb  [empty] dropping existing collection
2026-08-24 17:16:23,136  INFO      eds_loader.connectors.mongodb  [empty] wrote 0 document(s) in 0.00s
2026-08-24 17:16:23,137  INFO      eds_loader.connectors.mongodb  Connected to MongoDB localhost:27017/test_db
2026-08-24 17:16:23,138  DEBUG     eds_loader.connectors.mongodb  [empty] dropping existing collection
2026-08-24 17:16:23,138  INFO      eds_loader.connectors.mongodb  [empty] wrote 0 document(s) in 0.00s
2026-08-24 17:16:23,140  INFO      eds_loader.connectors.mongodb  Connected to MongoDB localhost:27017/test_db
2026-08-24 17:16:23,140  DEBUG     eds_loader.connectors.mongodb  [customers] dropping existing collection
2026-08-24 17:16:23,140  DEBUG     eds_loader.connectors.mongodb  [customers] inserting 3 document(s)
2026-08-24 17:16:23,140  INFO      eds_loader.connectors.mongodb  [customers] wrote 3 document(s) in 0.00s
2026-08-24 17:16:23,141  DEBUG     eds_loader.connectors.mongodb  [orders] dropping existing collection
2026-08-24 17:16:23,141  DEBUG     eds_loader.connectors.mongodb  [orders] inserting 2 document(s)
2026-08-24 17:16:23,141  INFO      eds_loader.connectors.mongodb  [orders] wrote 2 document(s) in 0.00s
2026-08-24 17:16:23,143  INFO      eds_loader.connectors.mongodb  Connected to MongoDB localhost:27017/test_db
2026-08-24 17:16:23,143  DEBUG     eds_loader.connectors.mongodb  [customers] dropping existing collection
2026-08-24 17:16:23,144  DEBUG     eds_loader.connectors.mongodb  [customers] inserting 3 document(s)
2026-08-24 17:16:23,144  INFO      eds_loader.connectors.mongodb  [customers] wrote 3 document(s) in 0.00s
2026-08-24 17:16:23,144  DEBUG     eds_loader.connectors.mongodb  [orders] dropping existing collection
2026-08-24 17:16:23,144  DEBUG     eds_loader.connectors.mongodb  [orders] inserting 2 document(s)
2026-08-24 17:16:23,144  INFO      eds_loader.connectors.mongodb  [orders] wrote 2 document(s) in 0.00s
2026-08-24 17:16:23,146  INFO      eds_loader.connectors.mongodb  Connected to MongoDB mgserver:27020/mydb
2026-08-24 17:16:23,146  DEBUG     eds_loader.connectors.mongodb  [tbl] dropping existing collection
2026-08-24 17:16:23,146  DEBUG     eds_loader.connectors.mongodb  [tbl] inserting 1 document(s)
2026-08-24 17:16:23,146  INFO      eds_loader.connectors.mongodb  [tbl] wrote 1 document(s) in 0.00s
2026-08-24 17:16:23,148  INFO      eds_loader.connectors.mongodb  Connected to MongoDB localhost:27017/test_db
2026-08-24 17:16:23,148  DEBUG     eds_loader.connectors.mongodb  [z] dropping existing collection
2026-08-24 17:16:23,148  DEBUG     eds_loader.connectors.mongodb  [z] inserting 1 document(s)
2026-08-24 17:16:23,149  INFO      eds_loader.connectors.mongodb  [z] wrote 1 document(s) in 0.00s
2026-08-24 17:16:23,149  DEBUG     eds_loader.connectors.mongodb  [a] dropping existing collection
2026-08-24 17:16:23,149  DEBUG     eds_loader.connectors.mongodb  [a] inserting 1 document(s)
2026-08-24 17:16:23,149  INFO      eds_loader.connectors.mongodb  [a] wrote 1 document(s) in 0.00s
2026-08-24 17:16:23,150  INFO      eds_loader.connectors.mongodb  Connected to MongoDB localhost:27017/test_db
2026-08-24 17:16:23,151  DEBUG     eds_loader.connectors.mongodb  [orders] dropping existing collection
2026-08-24 17:16:23,151  DEBUG     eds_loader.connectors.mongodb  [orders] inserting 1 document(s)
2026-08-24 17:16:23,151  DEBUG     eds_loader.connectors.mongodb  [orders] creating indexes from schema metadata
2026-08-24 17:16:23,151  INFO      eds_loader.connectors.mongodb  [orders] wrote 1 document(s) in 0.00s
2026-08-24 17:16:23,152  DEBUG     eds_loader.connectors.mongodb  [customers] dropping existing collection
2026-08-24 17:16:23,152  DEBUG     eds_loader.connectors.mongodb  [customers] inserting 1 document(s)
2026-08-24 17:16:23,152  DEBUG     eds_loader.connectors.mongodb  [customers] creating indexes from schema metadata
2026-08-24 17:16:23,152  INFO      eds_loader.connectors.mongodb  [customers] wrote 1 document(s) in 0.00s
2026-08-24 17:16:23,157  INFO      eds_loader.connectors.mongodb  Connected to MongoDB localhost:27017/test_db
2026-08-24 17:16:23,158  DEBUG     eds_loader.connectors.mongodb  [customers] dropping existing collection
2026-08-24 17:16:23,158  DEBUG     eds_loader.connectors.mongodb  [customers] inserting 1 document(s)
2026-08-24 17:16:23,158  DEBUG     eds_loader.connectors.mongodb  [customers] creating indexes from schema metadata
2026-08-24 17:16:23,158  INFO      eds_loader.connectors.mongodb  [customers] wrote 1 document(s) in 0.00s
2026-08-24 17:16:23,160  INFO      eds_loader.connectors.mongodb  Connected to MongoDB localhost:27017/test_db
2026-08-24 17:16:23,160  DEBUG     eds_loader.connectors.mongodb  [customers] dropping existing collection
2026-08-24 17:16:23,160  DEBUG     eds_loader.connectors.mongodb  [customers] inserting 1 document(s)
2026-08-24 17:16:23,160  DEBUG     eds_loader.connectors.mongodb  [customers] creating indexes from schema metadata
2026-08-24 17:16:23,161  INFO      eds_loader.connectors.mongodb  [customers] wrote 1 document(s) in 0.00s
2026-08-24 17:16:23,162  INFO      eds_loader.connectors.mongodb  Connected to MongoDB localhost:27017/test_db
2026-08-24 17:16:23,162  DEBUG     eds_loader.connectors.mongodb  [orders] dropping existing collection
2026-08-24 17:16:23,162  DEBUG     eds_loader.connectors.mongodb  [orders] inserting 1 document(s)
2026-08-24 17:16:23,163  DEBUG     eds_loader.connectors.mongodb  [orders] creating indexes from schema metadata
2026-08-24 17:16:23,163  INFO      eds_loader.connectors.mongodb  [orders] wrote 1 document(s) in 0.00s
2026-08-24 17:16:23,165  INFO      eds_loader.connectors.mongodb  Connected to MongoDB localhost:27017/test_db
2026-08-24 17:16:23,165  DEBUG     eds_loader.connectors.mongodb  [customers] dropping existing collection
2026-08-24 17:16:23,165  DEBUG     eds_loader.connectors.mongodb  [customers] inserting 1 document(s)
2026-08-24 17:16:23,165  INFO      eds_loader.connectors.mongodb  [customers] wrote 1 document(s) in 0.00s
2026-08-24 17:16:23,171  INFO      eds_loader.connectors.mongodb  Connected to MongoDB localhost:27017/test_db
2026-08-24 17:16:23,171  DEBUG     eds_loader.connectors.mongodb  [t] dropping existing collection
2026-08-24 17:16:23,171  ERROR     eds_loader.connectors.mongodb  [t] write failed: network error
2026-08-24 17:16:23,172  INFO      eds_loader.connectors.mongodb  Connected to MongoDB localhost:27017/test_db
2026-08-24 17:16:23,172  DEBUG     eds_loader.connectors.mongodb  [t] dropping existing collection
2026-08-24 17:16:23,173  DEBUG     eds_loader.connectors.mongodb  [t] inserting 1 document(s)
2026-08-24 17:16:23,173  ERROR     eds_loader.connectors.mongodb  [t] write failed: duplicate key
2026-08-24 17:16:23,185  DEBUG     eds_loader.connectors.local_fs  Reading schema.json from C:\Users\Mohit Patel\AppData\Local\Temp\pytest-of-spmohit\pytest-27\test_integration_local_fs_to_m0\source\schema.json
2026-08-24 17:16:23,187  DEBUG     eds_loader.connectors.local_fs  schema.json parsed: 2 dataset(s)
2026-08-24 17:16:23,190  INFO      eds_loader.connectors.local_fs  Read customers: 3 row(s) from C:\Users\Mohit Patel\AppData\Local\Temp\pytest-of-spmohit\pytest-27\test_integration_local_fs_to_m0\source\customers.parquet
2026-08-24 17:16:23,193  INFO      eds_loader.connectors.local_fs  Read orders: 2 row(s) from C:\Users\Mohit Patel\AppData\Local\Temp\pytest-of-spmohit\pytest-27\test_integration_local_fs_to_m0\source\orders.parquet
2026-08-24 17:16:23,193  INFO      eds_loader.loader  Read 2 dataset(s) from source
2026-08-24 17:16:23,193  INFO      eds_loader.connectors.mongodb  Connected to MongoDB localhost:27017/test_db
2026-08-24 17:16:23,193  DEBUG     eds_loader.connectors.mongodb  [customers] dropping existing collection
2026-08-24 17:16:23,194  DEBUG     eds_loader.connectors.mongodb  [customers] inserting 3 document(s)
2026-08-24 17:16:23,194  DEBUG     eds_loader.connectors.mongodb  [customers] creating indexes from schema metadata
2026-08-24 17:16:23,194  INFO      eds_loader.connectors.mongodb  [customers] wrote 3 document(s) in 0.00s
2026-08-24 17:16:23,194  DEBUG     eds_loader.connectors.mongodb  [orders] dropping existing collection
2026-08-24 17:16:23,195  DEBUG     eds_loader.connectors.mongodb  [orders] inserting 2 document(s)
2026-08-24 17:16:23,195  DEBUG     eds_loader.connectors.mongodb  [orders] creating indexes from schema metadata
2026-08-24 17:16:23,195  INFO      eds_loader.connectors.mongodb  [orders] wrote 2 document(s) in 0.00s
2026-08-24 17:16:23,195  INFO      eds_loader.loader  Load complete: 5 row(s) written
2026-08-24 17:16:23,203  DEBUG     eds_loader.connectors.local_fs  Reading schema.json from C:\Users\Mohit Patel\AppData\Local\Temp\pytest-of-spmohit\pytest-27\test_integration_enforce_false0\source2\schema.json
2026-08-24 17:16:23,205  DEBUG     eds_loader.connectors.local_fs  schema.json parsed: 2 dataset(s)
2026-08-24 17:16:23,207  INFO      eds_loader.connectors.local_fs  Read customers: 3 row(s) from C:\Users\Mohit Patel\AppData\Local\Temp\pytest-of-spmohit\pytest-27\test_integration_enforce_false0\source2\customers.parquet
2026-08-24 17:16:23,209  INFO      eds_loader.connectors.local_fs  Read orders: 2 row(s) from C:\Users\Mohit Patel\AppData\Local\Temp\pytest-of-spmohit\pytest-27\test_integration_enforce_false0\source2\orders.parquet
2026-08-24 17:16:23,209  INFO      eds_loader.loader  Read 2 dataset(s) from source
2026-08-24 17:16:23,209  INFO      eds_loader.connectors.mongodb  Connected to MongoDB localhost:27017/test_db
2026-08-24 17:16:23,209  DEBUG     eds_loader.connectors.mongodb  [customers] dropping existing collection
2026-08-24 17:16:23,210  DEBUG     eds_loader.connectors.mongodb  [customers] inserting 3 document(s)
2026-08-24 17:16:23,210  INFO      eds_loader.connectors.mongodb  [customers] wrote 3 document(s) in 0.00s
2026-08-24 17:16:23,211  DEBUG     eds_loader.connectors.mongodb  [orders] dropping existing collection
2026-08-24 17:16:23,211  DEBUG     eds_loader.connectors.mongodb  [orders] inserting 2 document(s)
2026-08-24 17:16:23,211  INFO      eds_loader.connectors.mongodb  [orders] wrote 2 document(s) in 0.00s
2026-08-24 17:16:23,211  INFO      eds_loader.loader  Load complete: 5 row(s) written
2026-08-24 17:16:23,230  INFO      eds_loader.connectors._sql_base  Connected to test_user@localhost:3306/test_db
2026-08-24 17:16:23,230  DEBUG     eds_loader.connectors._sql_base  Ensuring namespace exists: CREATE DATABASE IF NOT EXISTS `test_db`
2026-08-24 17:16:23,231  DEBUG     eds_loader.connectors._sql_base  [t] DROP TABLE IF EXISTS `test_db`.`t`
2026-08-24 17:16:23,231  DEBUG     eds_loader.connectors._sql_base  [t] CREATE TABLE `test_db`.`t` (
    `id` BIGINT
)
2026-08-24 17:16:23,231  DEBUG     eds_loader.connectors._sql_base  [t] inserting 1 row(s)
2026-08-24 17:16:23,231  INFO      eds_loader.connectors._sql_base  [t] wrote 1 row(s) in 0.00s
2026-08-24 17:16:23,233  INFO      eds_loader.connectors._sql_base  Connected to test_user@localhost:3306/test_db
2026-08-24 17:16:23,233  DEBUG     eds_loader.connectors._sql_base  Ensuring namespace exists: CREATE DATABASE IF NOT EXISTS `test_db`
2026-08-24 17:16:23,234  DEBUG     eds_loader.connectors._sql_base  [t] DROP TABLE IF EXISTS `test_db`.`t`
2026-08-24 17:16:23,234  DEBUG     eds_loader.connectors._sql_base  [t] CREATE TABLE `test_db`.`t` (
    `id` BIGINT
)
2026-08-24 17:16:23,234  DEBUG     eds_loader.connectors._sql_base  [t] inserting 1 row(s)
2026-08-24 17:16:23,234  INFO      eds_loader.connectors._sql_base  [t] wrote 1 row(s) in 0.00s
2026-08-24 17:16:23,236  INFO      eds_loader.connectors._sql_base  Connected to test_user@localhost:3306/test_db
2026-08-24 17:16:23,236  DEBUG     eds_loader.connectors._sql_base  Ensuring namespace exists: CREATE DATABASE IF NOT EXISTS `test_db`
2026-08-24 17:16:23,237  DEBUG     eds_loader.connectors._sql_base  [t] DROP TABLE IF EXISTS `test_db`.`t`
2026-08-24 17:16:23,237  ERROR     eds_loader.connectors._sql_base  [t] write failed: DB down
2026-08-24 17:16:23,239  INFO      eds_loader.connectors._sql_base  Connected to test_user@localhost:3306/eds_db
2026-08-24 17:16:23,239  DEBUG     eds_loader.connectors._sql_base  Ensuring namespace exists: CREATE DATABASE IF NOT EXISTS `eds_db`
2026-08-24 17:16:23,240  DEBUG     eds_loader.connectors._sql_base  [customers] DROP TABLE IF EXISTS `eds_db`.`customers`
2026-08-24 17:16:23,240  DEBUG     eds_loader.connectors._sql_base  [customers] CREATE TABLE `eds_db`.`customers` (
    `id` BIGINT
)
2026-08-24 17:16:23,240  DEBUG     eds_loader.connectors._sql_base  [customers] inserting 1 row(s)
2026-08-24 17:16:23,241  INFO      eds_loader.connectors._sql_base  [customers] wrote 1 row(s) in 0.00s
2026-08-24 17:16:23,243  INFO      eds_loader.connectors._sql_base  Connected to test_user@localhost:3306/eds_db
2026-08-24 17:16:23,244  DEBUG     eds_loader.connectors._sql_base  Table write order (FK-sorted): customers, orders
2026-08-24 17:16:23,244  DEBUG     eds_loader.connectors._sql_base  Ensuring namespace exists: CREATE DATABASE IF NOT EXISTS `eds_db`
2026-08-24 17:16:23,244  DEBUG     eds_loader.connectors._sql_base  [customers] DROP TABLE IF EXISTS `eds_db`.`customers`
2026-08-24 17:16:23,244  DEBUG     eds_loader.connectors._sql_base  [customers] CREATE TABLE `eds_db`.`customers` (
    `customer_id` BIGINT PRIMARY KEY,
    `name` TEXT
)
2026-08-24 17:16:23,244  DEBUG     eds_loader.connectors._sql_base  [customers] inserting 2 row(s)
2026-08-24 17:16:23,245  INFO      eds_loader.connectors._sql_base  [customers] wrote 2 row(s) in 0.00s
2026-08-24 17:16:23,245  DEBUG     eds_loader.connectors._sql_base  [orders] DROP TABLE IF EXISTS `eds_db`.`orders`
2026-08-24 17:16:23,245  DEBUG     eds_loader.connectors._sql_base  [orders] CREATE TABLE `eds_db`.`orders` (
    `order_id` BIGINT PRIMARY KEY,
    `customer_id` BIGINT NOT NULL REFERENCES `eds_db`.`customers`(`customer_id`)
)
2026-08-24 17:16:23,245  DEBUG     eds_loader.connectors._sql_base  [orders] inserting 1 row(s)
2026-08-24 17:16:23,245  INFO      eds_loader.connectors._sql_base  [orders] wrote 1 row(s) in 0.00s
2026-08-24 17:16:23,248  INFO      eds_loader.connectors._sql_base  Connected to test_user@localhost:3306/test_db
2026-08-24 17:16:23,248  DEBUG     eds_loader.connectors._sql_base  Ensuring namespace exists: CREATE DATABASE IF NOT EXISTS `test_db`
2026-08-24 17:16:23,248  DEBUG     eds_loader.connectors._sql_base  [t] DROP TABLE IF EXISTS `test_db`.`t`
2026-08-24 17:16:23,248  DEBUG     eds_loader.connectors._sql_base  [t] CREATE TABLE `test_db`.`t` (
    `id` BIGINT
)
2026-08-24 17:16:23,248  DEBUG     eds_loader.connectors._sql_base  [t] inserting 1 row(s)
2026-08-24 17:16:23,249  INFO      eds_loader.connectors._sql_base  [t] wrote 1 row(s) in 0.00s
2026-08-24 17:16:23,251  INFO      eds_loader.connectors._sql_base  Connected to test_user@srv:3306/db
2026-08-24 17:16:23,252  DEBUG     eds_loader.connectors._sql_base  Ensuring namespace exists: CREATE DATABASE IF NOT EXISTS `db`
2026-08-24 17:16:23,252  DEBUG     eds_loader.connectors._sql_base  [tbl] DROP TABLE IF EXISTS `db`.`tbl`
2026-08-24 17:16:23,252  DEBUG     eds_loader.connectors._sql_base  [tbl] CREATE TABLE `db`.`tbl` (
    `id` BIGINT
)
2026-08-24 17:16:23,252  DEBUG     eds_loader.connectors._sql_base  [tbl] inserting 1 row(s)
2026-08-24 17:16:23,252  INFO      eds_loader.connectors._sql_base  [tbl] wrote 1 row(s) in 0.00s
2026-08-24 17:16:23,254  INFO      eds_loader.connectors._sql_base  Connected to test_user@localhost:3306/test_db
2026-08-24 17:16:23,254  DEBUG     eds_loader.connectors._sql_base  Table write order (FK-sorted): customers, orders
2026-08-24 17:16:23,254  DEBUG     eds_loader.connectors._sql_base  Ensuring namespace exists: CREATE DATABASE IF NOT EXISTS `test_db`
2026-08-24 17:16:23,255  DEBUG     eds_loader.connectors._sql_base  [customers] DROP TABLE IF EXISTS `test_db`.`customers`
2026-08-24 17:16:23,255  DEBUG     eds_loader.connectors._sql_base  [customers] CREATE TABLE `test_db`.`customers` (
    `customer_id` BIGINT PRIMARY KEY,
    `name` TEXT
)
2026-08-24 17:16:23,255  DEBUG     eds_loader.connectors._sql_base  [customers] inserting 2 row(s)
2026-08-24 17:16:23,255  INFO      eds_loader.connectors._sql_base  [customers] wrote 2 row(s) in 0.00s
2026-08-24 17:16:23,255  DEBUG     eds_loader.connectors._sql_base  [orders] DROP TABLE IF EXISTS `test_db`.`orders`
2026-08-24 17:16:23,255  DEBUG     eds_loader.connectors._sql_base  [orders] CREATE TABLE `test_db`.`orders` (
    `order_id` BIGINT PRIMARY KEY,
    `customer_id` BIGINT NOT NULL REFERENCES `test_db`.`customers`(`customer_id`)
)
2026-08-24 17:16:23,255  DEBUG     eds_loader.connectors._sql_base  [orders] inserting 1 row(s)
2026-08-24 17:16:23,255  INFO      eds_loader.connectors._sql_base  [orders] wrote 1 row(s) in 0.00s
2026-08-24 17:16:23,272  DEBUG     eds_loader.connectors.local_fs  Reading schema.json from C:\Users\Mohit Patel\AppData\Local\Temp\pytest-of-spmohit\pytest-27\test_integration_local_fs_to_m1\source\schema.json
2026-08-24 17:16:23,273  DEBUG     eds_loader.connectors.local_fs  schema.json parsed: 2 dataset(s)
2026-08-24 17:16:23,276  INFO      eds_loader.connectors.local_fs  Read customers: 2 row(s) from C:\Users\Mohit Patel\AppData\Local\Temp\pytest-of-spmohit\pytest-27\test_integration_local_fs_to_m1\source\customers.parquet
2026-08-24 17:16:23,278  INFO      eds_loader.connectors.local_fs  Read orders: 1 row(s) from C:\Users\Mohit Patel\AppData\Local\Temp\pytest-of-spmohit\pytest-27\test_integration_local_fs_to_m1\source\orders.parquet
2026-08-24 17:16:23,278  INFO      eds_loader.loader  Read 2 dataset(s) from source
2026-08-24 17:16:23,279  INFO      eds_loader.connectors._sql_base  Connected to test_user@localhost:3306/test_db
2026-08-24 17:16:23,279  DEBUG     eds_loader.connectors._sql_base  Table write order (FK-sorted): customers, orders
2026-08-24 17:16:23,279  DEBUG     eds_loader.connectors._sql_base  Ensuring namespace exists: CREATE DATABASE IF NOT EXISTS `test_db`
2026-08-24 17:16:23,280  DEBUG     eds_loader.connectors._sql_base  [customers] DROP TABLE IF EXISTS `test_db`.`customers`
2026-08-24 17:16:23,280  DEBUG     eds_loader.connectors._sql_base  [customers] CREATE TABLE `test_db`.`customers` (
    `customer_id` BIGINT PRIMARY KEY,
    `name` TEXT
)
2026-08-24 17:16:23,280  DEBUG     eds_loader.connectors._sql_base  [customers] inserting 2 row(s)
2026-08-24 17:16:23,280  INFO      eds_loader.connectors._sql_base  [customers] wrote 2 row(s) in 0.00s
2026-08-24 17:16:23,280  DEBUG     eds_loader.connectors._sql_base  [orders] DROP TABLE IF EXISTS `test_db`.`orders`
2026-08-24 17:16:23,280  DEBUG     eds_loader.connectors._sql_base  [orders] CREATE TABLE `test_db`.`orders` (
    `order_id` BIGINT PRIMARY KEY,
    `customer_id` BIGINT NOT NULL REFERENCES `test_db`.`customers`(`customer_id`)
)
2026-08-24 17:16:23,280  DEBUG     eds_loader.connectors._sql_base  [orders] inserting 1 row(s)
2026-08-24 17:16:23,280  INFO      eds_loader.connectors._sql_base  [orders] wrote 1 row(s) in 0.00s
2026-08-24 17:16:23,280  INFO      eds_loader.loader  Load complete: 3 row(s) written
2026-08-24 17:16:23,303  INFO      eds_loader.connectors._sql_base  Connected to test_user@localhost:5432/test_db
2026-08-24 17:16:23,303  DEBUG     eds_loader.connectors._sql_base  Ensuring namespace exists: CREATE SCHEMA IF NOT EXISTS "public"
2026-08-24 17:16:23,304  DEBUG     eds_loader.connectors._sql_base  [customers] DROP TABLE IF EXISTS "public"."customers" CASCADE
2026-08-24 17:16:23,304  DEBUG     eds_loader.connectors._sql_base  [customers] CREATE TABLE "public"."customers" (
    "customer_id" BIGINT,
    "name" TEXT
)
2026-08-24 17:16:23,304  DEBUG     eds_loader.connectors._sql_base  [customers] inserting 3 row(s)
2026-08-24 17:16:23,304  INFO      eds_loader.connectors._sql_base  [customers] wrote 3 row(s) in 0.00s
2026-08-24 17:16:23,304  DEBUG     eds_loader.connectors._sql_base  [orders] DROP TABLE IF EXISTS "public"."orders" CASCADE
2026-08-24 17:16:23,304  DEBUG     eds_loader.connectors._sql_base  [orders] CREATE TABLE "public"."orders" (
    "order_id" BIGINT,
    "customer_id" BIGINT,
    "amount" DOUBLE PRECISION
)
2026-08-24 17:16:23,304  DEBUG     eds_loader.connectors._sql_base  [orders] inserting 2 row(s)
2026-08-24 17:16:23,304  INFO      eds_loader.connectors._sql_base  [orders] wrote 2 row(s) in 0.00s
2026-08-24 17:16:23,306  INFO      eds_loader.connectors._sql_base  Connected to test_user@localhost:5432/test_db
2026-08-24 17:16:23,306  DEBUG     eds_loader.connectors._sql_base  Ensuring namespace exists: CREATE SCHEMA IF NOT EXISTS "public"
2026-08-24 17:16:23,306  DEBUG     eds_loader.connectors._sql_base  [customers] DROP TABLE IF EXISTS "public"."customers" CASCADE
2026-08-24 17:16:23,306  DEBUG     eds_loader.connectors._sql_base  [customers] CREATE TABLE "public"."customers" (
    "id" BIGINT
)
2026-08-24 17:16:23,307  DEBUG     eds_loader.connectors._sql_base  [customers] inserting 1 row(s)
2026-08-24 17:16:23,307  INFO      eds_loader.connectors._sql_base  [customers] wrote 1 row(s) in 0.00s
2026-08-24 17:16:23,311  INFO      eds_loader.connectors._sql_base  Connected to test_user@localhost:5432/test_db
2026-08-24 17:16:23,311  DEBUG     eds_loader.connectors._sql_base  Ensuring namespace exists: CREATE SCHEMA IF NOT EXISTS "public"
2026-08-24 17:16:23,311  DEBUG     eds_loader.connectors._sql_base  [tbl] DROP TABLE IF EXISTS "public"."tbl" CASCADE
2026-08-24 17:16:23,312  DEBUG     eds_loader.connectors._sql_base  [tbl] CREATE TABLE "public"."tbl" (
    "a" BIGINT
)
2026-08-24 17:16:23,312  DEBUG     eds_loader.connectors._sql_base  [tbl] inserting 1 row(s)
2026-08-24 17:16:23,312  INFO      eds_loader.connectors._sql_base  [tbl] wrote 1 row(s) in 0.00s
2026-08-24 17:16:23,313  INFO      eds_loader.connectors._sql_base  Connected to test_user@localhost:5432/test_db
2026-08-24 17:16:23,313  DEBUG     eds_loader.connectors._sql_base  Ensuring namespace exists: CREATE SCHEMA IF NOT EXISTS "public"
2026-08-24 17:16:23,314  DEBUG     eds_loader.connectors._sql_base  [data] DROP TABLE IF EXISTS "public"."data" CASCADE
2026-08-24 17:16:23,314  DEBUG     eds_loader.connectors._sql_base  [data] CREATE TABLE "public"."data" (
    "id" BIGINT,
    "val" TEXT
)
2026-08-24 17:16:23,314  DEBUG     eds_loader.connectors._sql_base  [data] inserting 3 row(s)
2026-08-24 17:16:23,314  INFO      eds_loader.connectors._sql_base  [data] wrote 3 row(s) in 0.00s
2026-08-24 17:16:23,316  INFO      eds_loader.connectors._sql_base  Connected to test_user@localhost:5432/test_db
2026-08-24 17:16:23,316  DEBUG     eds_loader.connectors._sql_base  Ensuring namespace exists: CREATE SCHEMA IF NOT EXISTS "public"
2026-08-24 17:16:23,316  DEBUG     eds_loader.connectors._sql_base  [customers] DROP TABLE IF EXISTS "public"."customers" CASCADE
2026-08-24 17:16:23,316  DEBUG     eds_loader.connectors._sql_base  [customers] CREATE TABLE "public"."customers" (
    "customer_id" BIGINT,
    "name" TEXT
)
2026-08-24 17:16:23,316  DEBUG     eds_loader.connectors._sql_base  [customers] inserting 3 row(s)
2026-08-24 17:16:23,317  INFO      eds_loader.connectors._sql_base  [customers] wrote 3 row(s) in 0.00s
2026-08-24 17:16:23,317  DEBUG     eds_loader.connectors._sql_base  [orders] DROP TABLE IF EXISTS "public"."orders" CASCADE
2026-08-24 17:16:23,317  DEBUG     eds_loader.connectors._sql_base  [orders] CREATE TABLE "public"."orders" (
    "order_id" BIGINT,
    "customer_id" BIGINT,
    "amount" DOUBLE PRECISION
)
2026-08-24 17:16:23,317  DEBUG     eds_loader.connectors._sql_base  [orders] inserting 2 row(s)
2026-08-24 17:16:23,317  INFO      eds_loader.connectors._sql_base  [orders] wrote 2 row(s) in 0.00s
2026-08-24 17:16:23,318  INFO      eds_loader.connectors._sql_base  Connected to test_user@localhost:5432/test_db
2026-08-24 17:16:23,319  DEBUG     eds_loader.connectors._sql_base  Ensuring namespace exists: CREATE SCHEMA IF NOT EXISTS "public"
2026-08-24 17:16:23,319  DEBUG     eds_loader.connectors._sql_base  [customers] DROP TABLE IF EXISTS "public"."customers" CASCADE
2026-08-24 17:16:23,319  DEBUG     eds_loader.connectors._sql_base  [customers] CREATE TABLE "public"."customers" (
    "customer_id" BIGINT,
    "name" TEXT
)
2026-08-24 17:16:23,319  DEBUG     eds_loader.connectors._sql_base  [customers] inserting 3 row(s)
2026-08-24 17:16:23,319  INFO      eds_loader.connectors._sql_base  [customers] wrote 3 row(s) in 0.00s
2026-08-24 17:16:23,319  DEBUG     eds_loader.connectors._sql_base  [orders] DROP TABLE IF EXISTS "public"."orders" CASCADE
2026-08-24 17:16:23,320  DEBUG     eds_loader.connectors._sql_base  [orders] CREATE TABLE "public"."orders" (
    "order_id" BIGINT,
    "customer_id" BIGINT,
    "amount" DOUBLE PRECISION
)
2026-08-24 17:16:23,320  DEBUG     eds_loader.connectors._sql_base  [orders] inserting 2 row(s)
2026-08-24 17:16:23,320  INFO      eds_loader.connectors._sql_base  [orders] wrote 2 row(s) in 0.00s
2026-08-24 17:16:23,323  INFO      eds_loader.connectors._sql_base  Connected to test_user@localhost:5432/test_db
2026-08-24 17:16:23,323  DEBUG     eds_loader.connectors._sql_base  Ensuring namespace exists: CREATE SCHEMA IF NOT EXISTS "public"
2026-08-24 17:16:23,324  DEBUG     eds_loader.connectors._sql_base  [customers] DROP TABLE IF EXISTS "public"."customers" CASCADE
2026-08-24 17:16:23,324  DEBUG     eds_loader.connectors._sql_base  [customers] CREATE TABLE "public"."customers" (
    "customer_id" BIGINT,
    "name" TEXT
)
2026-08-24 17:16:23,324  DEBUG     eds_loader.connectors._sql_base  [customers] inserting 3 row(s)
2026-08-24 17:16:23,324  INFO      eds_loader.connectors._sql_base  [customers] wrote 3 row(s) in 0.00s
2026-08-24 17:16:23,324  DEBUG     eds_loader.connectors._sql_base  [orders] DROP TABLE IF EXISTS "public"."orders" CASCADE
2026-08-24 17:16:23,324  DEBUG     eds_loader.connectors._sql_base  [orders] CREATE TABLE "public"."orders" (
    "order_id" BIGINT,
    "customer_id" BIGINT,
    "amount" DOUBLE PRECISION
)
2026-08-24 17:16:23,325  DEBUG     eds_loader.connectors._sql_base  [orders] inserting 2 row(s)
2026-08-24 17:16:23,325  INFO      eds_loader.connectors._sql_base  [orders] wrote 2 row(s) in 0.00s
2026-08-24 17:16:23,327  INFO      eds_loader.connectors._sql_base  Connected to test_user@dbserver:5433/mydb
2026-08-24 17:16:23,327  DEBUG     eds_loader.connectors._sql_base  Ensuring namespace exists: CREATE SCHEMA IF NOT EXISTS "public"
2026-08-24 17:16:23,327  DEBUG     eds_loader.connectors._sql_base  [tbl] DROP TABLE IF EXISTS "public"."tbl" CASCADE
2026-08-24 17:16:23,328  DEBUG     eds_loader.connectors._sql_base  [tbl] CREATE TABLE "public"."tbl" (
    "id" BIGINT
)
2026-08-24 17:16:23,328  DEBUG     eds_loader.connectors._sql_base  [tbl] inserting 1 row(s)
2026-08-24 17:16:23,328  INFO      eds_loader.connectors._sql_base  [tbl] wrote 1 row(s) in 0.00s
2026-08-24 17:16:23,330  INFO      eds_loader.connectors._sql_base  Connected to test_user@localhost:5432/test_db
2026-08-24 17:16:23,330  DEBUG     eds_loader.connectors._sql_base  Table write order (FK-sorted): customers, orders
2026-08-24 17:16:23,330  DEBUG     eds_loader.connectors._sql_base  Ensuring namespace exists: CREATE SCHEMA IF NOT EXISTS "public"
2026-08-24 17:16:23,330  DEBUG     eds_loader.connectors._sql_base  [customers] DROP TABLE IF EXISTS "public"."customers" CASCADE
2026-08-24 17:16:23,330  DEBUG     eds_loader.connectors._sql_base  [customers] CREATE TABLE "public"."customers" (
    "customer_id" BIGINT PRIMARY KEY,
    "name" TEXT UNIQUE
)
2026-08-24 17:16:23,330  DEBUG     eds_loader.connectors._sql_base  [customers] inserting 3 row(s)
2026-08-24 17:16:23,331  INFO      eds_loader.connectors._sql_base  [customers] wrote 3 row(s) in 0.00s
2026-08-24 17:16:23,331  DEBUG     eds_loader.connectors._sql_base  [orders] DROP TABLE IF EXISTS "public"."orders" CASCADE
2026-08-24 17:16:23,331  DEBUG     eds_loader.connectors._sql_base  [orders] CREATE TABLE "public"."orders" (
    "order_id" BIGINT PRIMARY KEY,
    "customer_id" BIGINT NOT NULL REFERENCES "public"."customers"("customer_id"),
    "amount" DOUBLE PRECISION
)
2026-08-24 17:16:23,331  DEBUG     eds_loader.connectors._sql_base  [orders] inserting 2 row(s)
2026-08-24 17:16:23,331  INFO      eds_loader.connectors._sql_base  [orders] wrote 2 row(s) in 0.00s
2026-08-24 17:16:23,333  INFO      eds_loader.connectors._sql_base  Connected to test_user@localhost:5432/test_db
2026-08-24 17:16:23,333  DEBUG     eds_loader.connectors._sql_base  Table write order (FK-sorted): customers, orders
2026-08-24 17:16:23,333  DEBUG     eds_loader.connectors._sql_base  Ensuring namespace exists: CREATE SCHEMA IF NOT EXISTS "public"
2026-08-24 17:16:23,333  DEBUG     eds_loader.connectors._sql_base  [customers] DROP TABLE IF EXISTS "public"."customers" CASCADE
2026-08-24 17:16:23,333  DEBUG     eds_loader.connectors._sql_base  [customers] CREATE TABLE "public"."customers" (
    "customer_id" BIGINT PRIMARY KEY,
    "name" TEXT UNIQUE
)
2026-08-24 17:16:23,333  DEBUG     eds_loader.connectors._sql_base  [customers] inserting 3 row(s)
2026-08-24 17:16:23,334  INFO      eds_loader.connectors._sql_base  [customers] wrote 3 row(s) in 0.00s
2026-08-24 17:16:23,334  DEBUG     eds_loader.connectors._sql_base  [orders] DROP TABLE IF EXISTS "public"."orders" CASCADE
2026-08-24 17:16:23,334  DEBUG     eds_loader.connectors._sql_base  [orders] CREATE TABLE "public"."orders" (
    "order_id" BIGINT PRIMARY KEY,
    "customer_id" BIGINT NOT NULL REFERENCES "public"."customers"("customer_id"),
    "amount" DOUBLE PRECISION
)
2026-08-24 17:16:23,334  DEBUG     eds_loader.connectors._sql_base  [orders] inserting 2 row(s)
2026-08-24 17:16:23,334  INFO      eds_loader.connectors._sql_base  [orders] wrote 2 row(s) in 0.00s
2026-08-24 17:16:23,335  INFO      eds_loader.connectors._sql_base  Connected to test_user@localhost:5432/test_db
2026-08-24 17:16:23,336  DEBUG     eds_loader.connectors._sql_base  Ensuring namespace exists: CREATE SCHEMA IF NOT EXISTS "public"
2026-08-24 17:16:23,336  DEBUG     eds_loader.connectors._sql_base  [empty] DROP TABLE IF EXISTS "public"."empty" CASCADE
2026-08-24 17:16:23,336  DEBUG     eds_loader.connectors._sql_base  [empty] CREATE TABLE "public"."empty" (
    "id" BIGINT
)
2026-08-24 17:16:23,336  DEBUG     eds_loader.connectors._sql_base  [empty] inserting 0 row(s)
2026-08-24 17:16:23,336  INFO      eds_loader.connectors._sql_base  [empty] wrote 0 row(s) in 0.00s
2026-08-24 17:16:23,338  INFO      eds_loader.connectors._sql_base  Connected to test_user@localhost:5432/test_db
2026-08-24 17:16:23,338  DEBUG     eds_loader.connectors._sql_base  Ensuring namespace exists: CREATE SCHEMA IF NOT EXISTS "public"
2026-08-24 17:16:23,338  DEBUG     eds_loader.connectors._sql_base  [tbl] DROP TABLE IF EXISTS "public"."tbl" CASCADE
2026-08-24 17:16:23,339  DEBUG     eds_loader.connectors._sql_base  [tbl] CREATE TABLE "public"."tbl" (
    "id" BIGINT
)
2026-08-24 17:16:23,339  ERROR     eds_loader.connectors._sql_base  [tbl] write failed: DB error
2026-08-24 17:16:23,342  INFO      eds_loader.connectors._sql_base  Connected to test_user@localhost:5432/test_db
2026-08-24 17:16:23,342  DEBUG     eds_loader.connectors._sql_base  Ensuring namespace exists: CREATE SCHEMA IF NOT EXISTS "public"
2026-08-24 17:16:23,343  DEBUG     eds_loader.connectors._sql_base  [tbl] DROP TABLE IF EXISTS "public"."tbl" CASCADE
2026-08-24 17:16:23,343  DEBUG     eds_loader.connectors._sql_base  [tbl] CREATE TABLE "public"."tbl" (
    "id" BIGINT
)
2026-08-24 17:16:23,343  ERROR     eds_loader.connectors._sql_base  [tbl] write failed: oops
2026-08-24 17:16:23,358  DEBUG     eds_loader.connectors.local_fs  Reading schema.json from C:\Users\Mohit Patel\AppData\Local\Temp\pytest-of-spmohit\pytest-27\test_integration_local_fs_to_p0\source\schema.json
2026-08-24 17:16:23,360  DEBUG     eds_loader.connectors.local_fs  schema.json parsed: 2 dataset(s)
2026-08-24 17:16:23,362  INFO      eds_loader.connectors.local_fs  Read customers: 3 row(s) from C:\Users\Mohit Patel\AppData\Local\Temp\pytest-of-spmohit\pytest-27\test_integration_local_fs_to_p0\source\customers.parquet
2026-08-24 17:16:23,364  INFO      eds_loader.connectors.local_fs  Read orders: 2 row(s) from C:\Users\Mohit Patel\AppData\Local\Temp\pytest-of-spmohit\pytest-27\test_integration_local_fs_to_p0\source\orders.parquet
2026-08-24 17:16:23,364  INFO      eds_loader.loader  Read 2 dataset(s) from source
2026-08-24 17:16:23,365  INFO      eds_loader.connectors._sql_base  Connected to test_user@localhost:5432/test_db
2026-08-24 17:16:23,365  DEBUG     eds_loader.connectors._sql_base  Table write order (FK-sorted): customers, orders
2026-08-24 17:16:23,365  DEBUG     eds_loader.connectors._sql_base  Ensuring namespace exists: CREATE SCHEMA IF NOT EXISTS "public"
2026-08-24 17:16:23,365  DEBUG     eds_loader.connectors._sql_base  [customers] DROP TABLE IF EXISTS "public"."customers" CASCADE
2026-08-24 17:16:23,365  DEBUG     eds_loader.connectors._sql_base  [customers] CREATE TABLE "public"."customers" (
    "customer_id" BIGINT PRIMARY KEY,
    "name" TEXT UNIQUE
)
2026-08-24 17:16:23,365  DEBUG     eds_loader.connectors._sql_base  [customers] inserting 3 row(s)
2026-08-24 17:16:23,366  INFO      eds_loader.connectors._sql_base  [customers] wrote 3 row(s) in 0.00s
2026-08-24 17:16:23,366  DEBUG     eds_loader.connectors._sql_base  [orders] DROP TABLE IF EXISTS "public"."orders" CASCADE
2026-08-24 17:16:23,366  DEBUG     eds_loader.connectors._sql_base  [orders] CREATE TABLE "public"."orders" (
    "order_id" BIGINT PRIMARY KEY,
    "customer_id" BIGINT NOT NULL REFERENCES "public"."customers"("customer_id"),
    "amount" DOUBLE PRECISION
)
2026-08-24 17:16:23,366  DEBUG     eds_loader.connectors._sql_base  [orders] inserting 2 row(s)
2026-08-24 17:16:23,366  INFO      eds_loader.connectors._sql_base  [orders] wrote 2 row(s) in 0.00s
2026-08-24 17:16:23,366  INFO      eds_loader.loader  Load complete: 5 row(s) written
2026-08-24 17:16:23,375  DEBUG     eds_loader.connectors.local_fs  Reading schema.json from C:\Users\Mohit Patel\AppData\Local\Temp\pytest-of-spmohit\pytest-27\test_integration_enforce_false1\source2\schema.json
2026-08-24 17:16:23,377  DEBUG     eds_loader.connectors.local_fs  schema.json parsed: 2 dataset(s)
2026-08-24 17:16:23,379  INFO      eds_loader.connectors.local_fs  Read customers: 3 row(s) from C:\Users\Mohit Patel\AppData\Local\Temp\pytest-of-spmohit\pytest-27\test_integration_enforce_false1\source2\customers.parquet
2026-08-24 17:16:23,382  INFO      eds_loader.connectors.local_fs  Read orders: 2 row(s) from C:\Users\Mohit Patel\AppData\Local\Temp\pytest-of-spmohit\pytest-27\test_integration_enforce_false1\source2\orders.parquet
2026-08-24 17:16:23,382  INFO      eds_loader.loader  Read 2 dataset(s) from source
2026-08-24 17:16:23,382  INFO      eds_loader.connectors._sql_base  Connected to test_user@localhost:5432/test_db
2026-08-24 17:16:23,382  DEBUG     eds_loader.connectors._sql_base  Ensuring namespace exists: CREATE SCHEMA IF NOT EXISTS "public"
2026-08-24 17:16:23,383  DEBUG     eds_loader.connectors._sql_base  [customers] DROP TABLE IF EXISTS "public"."customers" CASCADE
2026-08-24 17:16:23,383  DEBUG     eds_loader.connectors._sql_base  [customers] CREATE TABLE "public"."customers" (
    "customer_id" BIGINT,
    "name" TEXT
)
2026-08-24 17:16:23,383  DEBUG     eds_loader.connectors._sql_base  [customers] inserting 3 row(s)
2026-08-24 17:16:23,384  INFO      eds_loader.connectors._sql_base  [customers] wrote 3 row(s) in 0.00s
2026-08-24 17:16:23,384  DEBUG     eds_loader.connectors._sql_base  [orders] DROP TABLE IF EXISTS "public"."orders" CASCADE
2026-08-24 17:16:23,384  DEBUG     eds_loader.connectors._sql_base  [orders] CREATE TABLE "public"."orders" (
    "order_id" BIGINT,
    "customer_id" BIGINT,
    "amount" DOUBLE PRECISION
)
2026-08-24 17:16:23,384  DEBUG     eds_loader.connectors._sql_base  [orders] inserting 2 row(s)
2026-08-24 17:16:23,384  INFO      eds_loader.connectors._sql_base  [orders] wrote 2 row(s) in 0.00s
2026-08-24 17:16:23,384  INFO      eds_loader.loader  Load complete: 5 row(s) written
2026-08-24 17:16:23,398  INFO      eds_loader.connectors.remote_fs  Connected to SFTP testuser@test.example.com:22
2026-08-24 17:16:23,404  INFO      eds_loader.connectors.remote_fs  Connected to SFTP testuser@test.example.com:22
2026-08-24 17:16:23,427  INFO      eds_loader.connectors.remote_fs  Connected to SFTP testuser@test.example.com:22
2026-08-24 17:16:23,441  DEBUG     eds_loader.connectors.remote_fs  Listing remote directory: /data/eds
2026-08-24 17:16:23,441  DEBUG     eds_loader.connectors.remote_fs  Found 2 .parquet file(s) in /data/eds
2026-08-24 17:16:23,443  INFO      eds_loader.connectors.remote_fs  Downloaded customers: 2 row(s) from /data/eds/customers.parquet
2026-08-24 17:16:23,444  INFO      eds_loader.connectors.remote_fs  Downloaded orders: 1 row(s) from /data/eds/orders.parquet
2026-08-24 17:16:23,447  DEBUG     eds_loader.connectors.remote_fs  Listing remote directory: /data/eds
2026-08-24 17:16:23,448  DEBUG     eds_loader.connectors.remote_fs  Found 1 .parquet file(s) in /data/eds
2026-08-24 17:16:23,449  INFO      eds_loader.connectors.remote_fs  Downloaded data: 1 row(s) from /data/eds/data.parquet
2026-08-24 17:16:23,450  DEBUG     eds_loader.connectors.remote_fs  Listing remote directory: /data/eds
2026-08-24 17:16:23,453  INFO      eds_loader.connectors.remote_fs  Downloaded customers: 2 row(s) from /data/eds/customers.parquet
2026-08-24 17:16:23,457  INFO      eds_loader.connectors.remote_fs  Downloaded my_table: 3 row(s) from /data/eds/my_table.parquet
2026-08-24 17:16:23,496  DEBUG     eds_loader.connectors.remote_fs  Listing remote directory: /data/eds
2026-08-24 17:16:23,497  DEBUG     eds_loader.connectors.remote_fs  Found 0 .parquet file(s) in /data/eds
2026-08-24 17:16:23,509  INFO      eds_loader.connectors.remote_fs  Downloaded customers: 2 row(s) from /data/eds/customers.parquet
2026-08-24 17:16:23,510  INFO      eds_loader.connectors.remote_fs  Downloaded orders: 1 row(s) from /data/eds/orders.parquet
2026-08-24 17:16:23,511  INFO      eds_loader.loader  Read 2 dataset(s) from source
2026-08-24 17:16:23,512  INFO      eds_loader.connectors.local_fs  Wrote customers: 2 row(s) to C:\Users\Mohit Patel\AppData\Local\Temp\pytest-of-spmohit\pytest-27\test_integration_remote_fs_sou0\remote_to_local_target\customers.parquet
2026-08-24 17:16:23,513  INFO      eds_loader.connectors.local_fs  Wrote orders: 1 row(s) to C:\Users\Mohit Patel\AppData\Local\Temp\pytest-of-spmohit\pytest-27\test_integration_remote_fs_sou0\remote_to_local_target\orders.parquet
2026-08-24 17:16:23,513  DEBUG     eds_loader.connectors.local_fs  Merging schema.json at target
2026-08-24 17:16:23,514  INFO      eds_loader.loader  Load complete: 3 row(s) written
2026-08-24 17:16:23,519  INFO      eds_loader.connectors.remote_fs  Downloaded customers: 2 row(s) from /data/eds/customers.parquet
2026-08-24 17:16:23,519  INFO      eds_loader.loader  Read 1 dataset(s) from source
2026-08-24 17:16:23,521  INFO      eds_loader.connectors.local_fs  Wrote customers: 2 row(s) to C:\Users\Mohit Patel\AppData\Local\Temp\pytest-of-spmohit\pytest-27\test_integration_table_subset_1\subset_target\customers.parquet
2026-08-24 17:16:23,521  DEBUG     eds_loader.connectors.local_fs  Merging schema.json at target
2026-08-24 17:16:23,522  INFO      eds_loader.loader  Load complete: 2 row(s) written
2026-08-24 17:16:23,566  INFO      eds_loader.loader  Read 2 dataset(s) from source
2026-08-24 17:16:23,567  INFO      eds_loader.connectors.local_fs  Wrote customers: 2 row(s) to C:\Users\Mohit Patel\AppData\Local\Temp\pytest-of-spmohit\pytest-27\test_integration_s3_source_via0\target\customers.parquet
2026-08-24 17:16:23,569  INFO      eds_loader.connectors.local_fs  Wrote orders: 1 row(s) to C:\Users\Mohit Patel\AppData\Local\Temp\pytest-of-spmohit\pytest-27\test_integration_s3_source_via0\target\orders.parquet
2026-08-24 17:16:23,569  DEBUG     eds_loader.connectors.local_fs  Merging schema.json at target
2026-08-24 17:16:23,570  INFO      eds_loader.loader  Load complete: 3 row(s) written
2026-08-24 17:16:23,585  INFO      eds_loader.connectors._sql_base  Connected to testuser@testhost:9999/testdb
2026-08-24 17:16:23,585  DEBUG     eds_loader.connectors._sql_base  Ensuring namespace exists: CREATE DATABASE IF NOT EXISTS [testdb]
2026-08-24 17:16:23,586  DEBUG     eds_loader.connectors._sql_base  [t] DROP TABLE IF EXISTS [testdb].[t]
2026-08-24 17:16:23,586  DEBUG     eds_loader.connectors._sql_base  [t] CREATE TABLE [testdb].[t] (
    [id] INT
)
2026-08-24 17:16:23,586  DEBUG     eds_loader.connectors._sql_base  [t] inserting 1 row(s)
2026-08-24 17:16:23,586  INFO      eds_loader.connectors._sql_base  [t] wrote 1 row(s) in 0.00s
2026-08-24 17:16:23,588  INFO      eds_loader.connectors._sql_base  Connected to testuser@testhost:9999/testdb
2026-08-24 17:16:23,589  DEBUG     eds_loader.connectors._sql_base  [t] DROP TABLE IF EXISTS [testdb].[t]
2026-08-24 17:16:23,589  DEBUG     eds_loader.connectors._sql_base  [t] CREATE TABLE [testdb].[t] (
    [id] INT
)
2026-08-24 17:16:23,589  DEBUG     eds_loader.connectors._sql_base  [t] inserting 1 row(s)
2026-08-24 17:16:23,590  INFO      eds_loader.connectors._sql_base  [t] wrote 1 row(s) in 0.00s
2026-08-24 17:16:23,591  INFO      eds_loader.connectors._sql_base  Connected to testuser@testhost:9999/testdb
2026-08-24 17:16:23,592  DEBUG     eds_loader.connectors._sql_base  [t] DROP TABLE IF EXISTS [testdb].[t]
2026-08-24 17:16:23,592  ERROR     eds_loader.connectors._sql_base  [t] write failed: DB down
2026-08-24 17:16:23,594  INFO      eds_loader.connectors._sql_base  Connected to testuser@testhost:9999/testdb
2026-08-24 17:16:23,595  DEBUG     eds_loader.connectors._sql_base  [a] DROP TABLE IF EXISTS [testdb].[a]
2026-08-24 17:16:23,595  DEBUG     eds_loader.connectors._sql_base  [a] CREATE TABLE [testdb].[a] (
    [id] INT
)
2026-08-24 17:16:23,595  DEBUG     eds_loader.connectors._sql_base  [a] inserting 1 row(s)
2026-08-24 17:16:23,596  INFO      eds_loader.connectors._sql_base  [a] wrote 1 row(s) in 0.00s
2026-08-24 17:16:23,596  DEBUG     eds_loader.connectors._sql_base  [b] DROP TABLE IF EXISTS [testdb].[b]
2026-08-24 17:16:23,596  DEBUG     eds_loader.connectors._sql_base  [b] CREATE TABLE [testdb].[b] (
    [id] INT
)
2026-08-24 17:16:23,596  DEBUG     eds_loader.connectors._sql_base  [b] inserting 1 row(s)
2026-08-24 17:16:23,596  INFO      eds_loader.connectors._sql_base  [b] wrote 1 row(s) in 0.00s
2026-08-24 17:16:23,598  INFO      eds_loader.connectors._sql_base  Connected to testuser@testhost:9999/testdb
2026-08-24 17:16:23,599  DEBUG     eds_loader.connectors._sql_base  [z] DROP TABLE IF EXISTS [testdb].[z]
2026-08-24 17:16:23,599  DEBUG     eds_loader.connectors._sql_base  [z] CREATE TABLE [testdb].[z] (
    [id] INT
)
2026-08-24 17:16:23,599  DEBUG     eds_loader.connectors._sql_base  [z] inserting 1 row(s)
2026-08-24 17:16:23,599  INFO      eds_loader.connectors._sql_base  [z] wrote 1 row(s) in 0.00s
2026-08-24 17:16:23,600  DEBUG     eds_loader.connectors._sql_base  [a] DROP TABLE IF EXISTS [testdb].[a]
2026-08-24 17:16:23,600  DEBUG     eds_loader.connectors._sql_base  [a] CREATE TABLE [testdb].[a] (
    [id] INT
)
2026-08-24 17:16:23,600  DEBUG     eds_loader.connectors._sql_base  [a] inserting 1 row(s)
2026-08-24 17:16:23,600  INFO      eds_loader.connectors._sql_base  [a] wrote 1 row(s) in 0.00s
2026-08-24 17:16:23,602  INFO      eds_loader.connectors._sql_base  Connected to testuser@testhost:9999/testdb
2026-08-24 17:16:23,603  DEBUG     eds_loader.connectors._sql_base  [tbl] DROP TABLE IF EXISTS [testdb].[tbl]
2026-08-24 17:16:23,603  DEBUG     eds_loader.connectors._sql_base  [tbl] CREATE TABLE [testdb].[tbl] (
    [id] INT
)
2026-08-24 17:16:23,603  DEBUG     eds_loader.connectors._sql_base  [tbl] inserting 1 row(s)
2026-08-24 17:16:23,603  INFO      eds_loader.connectors._sql_base  [tbl] wrote 1 row(s) in 0.00s
2026-08-24 17:16:23,605  INFO      eds_loader.connectors._sql_base  Connected to testuser@testhost:9999/testdb
2026-08-24 17:16:23,606  DEBUG     eds_loader.connectors._sql_base  [t] DROP TABLE IF EXISTS [testdb].[t]
2026-08-24 17:16:23,606  DEBUG     eds_loader.connectors._sql_base  [t] CREATE TABLE [testdb].[t] (
    [id] INT
)
2026-08-24 17:16:23,606  DEBUG     eds_loader.connectors._sql_base  [t] inserting 3 row(s)
2026-08-24 17:16:23,606  INFO      eds_loader.connectors._sql_base  [t] wrote 3 row(s) in 0.00s
2026-08-24 17:16:23,610  INFO      eds_loader.connectors._sql_base  Connected to testuser@testhost:9999/testdb
2026-08-24 17:16:23,611  DEBUG     eds_loader.connectors._sql_base  [t] DROP TABLE IF EXISTS [testdb].[t]
2026-08-24 17:16:23,611  DEBUG     eds_loader.connectors._sql_base  [t] CREATE TABLE [testdb].[t] (
    [id] INT
)
2026-08-24 17:16:23,611  ERROR     eds_loader.connectors._sql_base  [t] write failed: syntax error
2026-08-24 17:16:23,613  INFO      eds_loader.connectors._sql_base  Connected to testuser@testhost:9999/testdb
2026-08-24 17:16:23,614  DEBUG     eds_loader.connectors._sql_base  [t] DROP TABLE IF EXISTS [testdb].[t]
2026-08-24 17:16:23,614  DEBUG     eds_loader.connectors._sql_base  [t] CREATE TABLE [testdb].[t] (
    [id] INT
)
2026-08-24 17:16:23,614  ERROR     eds_loader.connectors._sql_base  [t] write failed: oops
2026-08-24 17:26:43,168  INFO      eds_loader.cli.main  eds-loader run invoked (config=C:\Users\Mohit Patel\AppData\Local\Temp\pytest-of-spmohit\pytest-28\test_run_exits_zero_on_success0\loader.yaml, dry_run=False)
2026-08-24 17:26:43,185  INFO      eds_loader.cli.main  Config loaded: source=local_fs target=local_fs tables=(all) enforce_constraints=True schema_required=True
2026-08-24 17:26:43,185  DEBUG     eds_loader.connectors.local_fs  Reading schema.json from C:\Users\Mohit Patel\AppData\Local\Temp\pytest-of-spmohit\pytest-28\test_run_exits_zero_on_success0\source\schema.json
2026-08-24 17:26:43,203  DEBUG     eds_loader.connectors.local_fs  schema.json parsed: 2 dataset(s)
2026-08-24 17:26:43,207  INFO      eds_loader.connectors.local_fs  Read customers: 3 row(s) from C:\Users\Mohit Patel\AppData\Local\Temp\pytest-of-spmohit\pytest-28\test_run_exits_zero_on_success0\source\customers.parquet
2026-08-24 17:26:43,210  INFO      eds_loader.connectors.local_fs  Read orders: 2 row(s) from C:\Users\Mohit Patel\AppData\Local\Temp\pytest-of-spmohit\pytest-28\test_run_exits_zero_on_success0\source\orders.parquet
2026-08-24 17:26:43,210  INFO      eds_loader.loader  Read 2 dataset(s) from source
2026-08-24 17:26:43,213  INFO      eds_loader.connectors.local_fs  Wrote customers: 3 row(s) to C:\Users\Mohit Patel\AppData\Local\Temp\pytest-of-spmohit\pytest-28\test_run_exits_zero_on_success0\target\customers.parquet
2026-08-24 17:26:43,214  INFO      eds_loader.connectors.local_fs  Wrote orders: 2 row(s) to C:\Users\Mohit Patel\AppData\Local\Temp\pytest-of-spmohit\pytest-28\test_run_exits_zero_on_success0\target\orders.parquet
2026-08-24 17:26:43,214  DEBUG     eds_loader.connectors.local_fs  Merging schema.json at target
2026-08-24 17:26:43,215  INFO      eds_loader.loader  Load complete: 5 row(s) written
2026-08-24 17:26:43,215  INFO      eds_loader.cli.main  Run complete: 5 row(s) across 2 table(s) in 0.0s
2026-08-24 17:26:43,225  INFO      eds_loader.cli.main  eds-loader run invoked (config=C:\Users\Mohit Patel\AppData\Local\Temp\pytest-of-spmohit\pytest-28\test_run_prints_table_with_row0\loader.yaml, dry_run=False)
2026-08-24 17:26:43,243  INFO      eds_loader.cli.main  Config loaded: source=local_fs target=local_fs tables=(all) enforce_constraints=True schema_required=True
2026-08-24 17:26:43,243  DEBUG     eds_loader.connectors.local_fs  Reading schema.json from C:\Users\Mohit Patel\AppData\Local\Temp\pytest-of-spmohit\pytest-28\test_run_prints_table_with_row0\source\schema.json
2026-08-24 17:26:43,244  DEBUG     eds_loader.connectors.local_fs  schema.json parsed: 2 dataset(s)
2026-08-24 17:26:43,247  INFO      eds_loader.connectors.local_fs  Read customers: 3 row(s) from C:\Users\Mohit Patel\AppData\Local\Temp\pytest-of-spmohit\pytest-28\test_run_prints_table_with_row0\source\customers.parquet
2026-08-24 17:26:43,250  INFO      eds_loader.connectors.local_fs  Read orders: 2 row(s) from C:\Users\Mohit Patel\AppData\Local\Temp\pytest-of-spmohit\pytest-28\test_run_prints_table_with_row0\source\orders.parquet
2026-08-24 17:26:43,250  INFO      eds_loader.loader  Read 2 dataset(s) from source
2026-08-24 17:26:43,251  INFO      eds_loader.connectors.local_fs  Wrote customers: 3 row(s) to C:\Users\Mohit Patel\AppData\Local\Temp\pytest-of-spmohit\pytest-28\test_run_prints_table_with_row0\target\customers.parquet
2026-08-24 17:26:43,252  INFO      eds_loader.connectors.local_fs  Wrote orders: 2 row(s) to C:\Users\Mohit Patel\AppData\Local\Temp\pytest-of-spmohit\pytest-28\test_run_prints_table_with_row0\target\orders.parquet
2026-08-24 17:26:43,253  DEBUG     eds_loader.connectors.local_fs  Merging schema.json at target
2026-08-24 17:26:43,253  INFO      eds_loader.loader  Load complete: 5 row(s) written
2026-08-24 17:26:43,253  INFO      eds_loader.cli.main  Run complete: 5 row(s) across 2 table(s) in 0.0s
2026-08-24 17:26:43,263  INFO      eds_loader.cli.main  eds-loader run invoked (config=C:\Users\Mohit Patel\AppData\Local\Temp\pytest-of-spmohit\pytest-28\test_run_prints_timing_in_seco0\loader.yaml, dry_run=False)
2026-08-24 17:26:43,281  INFO      eds_loader.cli.main  Config loaded: source=local_fs target=local_fs tables=(all) enforce_constraints=True schema_required=True
2026-08-24 17:26:43,281  DEBUG     eds_loader.connectors.local_fs  Reading schema.json from C:\Users\Mohit Patel\AppData\Local\Temp\pytest-of-spmohit\pytest-28\test_run_prints_timing_in_seco0\source\schema.json
2026-08-24 17:26:43,282  DEBUG     eds_loader.connectors.local_fs  schema.json parsed: 2 dataset(s)
2026-08-24 17:26:43,285  INFO      eds_loader.connectors.local_fs  Read customers: 3 row(s) from C:\Users\Mohit Patel\AppData\Local\Temp\pytest-of-spmohit\pytest-28\test_run_prints_timing_in_seco0\source\customers.parquet
2026-08-24 17:26:43,286  INFO      eds_loader.connectors.local_fs  Read orders: 2 row(s) from C:\Users\Mohit Patel\AppData\Local\Temp\pytest-of-spmohit\pytest-28\test_run_prints_timing_in_seco0\source\orders.parquet
2026-08-24 17:26:43,287  INFO      eds_loader.loader  Read 2 dataset(s) from source
2026-08-24 17:26:43,288  INFO      eds_loader.connectors.local_fs  Wrote customers: 3 row(s) to C:\Users\Mohit Patel\AppData\Local\Temp\pytest-of-spmohit\pytest-28\test_run_prints_timing_in_seco0\target\customers.parquet
2026-08-24 17:26:43,289  INFO      eds_loader.connectors.local_fs  Wrote orders: 2 row(s) to C:\Users\Mohit Patel\AppData\Local\Temp\pytest-of-spmohit\pytest-28\test_run_prints_timing_in_seco0\target\orders.parquet
2026-08-24 17:26:43,289  DEBUG     eds_loader.connectors.local_fs  Merging schema.json at target
2026-08-24 17:26:43,290  INFO      eds_loader.loader  Load complete: 5 row(s) written
2026-08-24 17:26:43,290  INFO      eds_loader.cli.main  Run complete: 5 row(s) across 2 table(s) in 0.0s
2026-08-24 17:26:43,300  INFO      eds_loader.cli.main  eds-loader run invoked (config=C:\Users\Mohit Patel\AppData\Local\Temp\pytest-of-spmohit\pytest-28\test_run_table_has_location_co0\loader.yaml, dry_run=False)
2026-08-24 17:26:43,319  INFO      eds_loader.cli.main  Config loaded: source=local_fs target=local_fs tables=(all) enforce_constraints=True schema_required=True
2026-08-24 17:26:43,319  DEBUG     eds_loader.connectors.local_fs  Reading schema.json from C:\Users\Mohit Patel\AppData\Local\Temp\pytest-of-spmohit\pytest-28\test_run_table_has_location_co0\source\schema.json
2026-08-24 17:26:43,321  DEBUG     eds_loader.connectors.local_fs  schema.json parsed: 2 dataset(s)
2026-08-24 17:26:43,323  INFO      eds_loader.connectors.local_fs  Read customers: 3 row(s) from C:\Users\Mohit Patel\AppData\Local\Temp\pytest-of-spmohit\pytest-28\test_run_table_has_location_co0\source\customers.parquet
2026-08-24 17:26:43,326  INFO      eds_loader.connectors.local_fs  Read orders: 2 row(s) from C:\Users\Mohit Patel\AppData\Local\Temp\pytest-of-spmohit\pytest-28\test_run_table_has_location_co0\source\orders.parquet
2026-08-24 17:26:43,326  INFO      eds_loader.loader  Read 2 dataset(s) from source
2026-08-24 17:26:43,327  INFO      eds_loader.connectors.local_fs  Wrote customers: 3 row(s) to C:\Users\Mohit Patel\AppData\Local\Temp\pytest-of-spmohit\pytest-28\test_run_table_has_location_co0\target\customers.parquet
2026-08-24 17:26:43,328  INFO      eds_loader.connectors.local_fs  Wrote orders: 2 row(s) to C:\Users\Mohit Patel\AppData\Local\Temp\pytest-of-spmohit\pytest-28\test_run_table_has_location_co0\target\orders.parquet
2026-08-24 17:26:43,328  DEBUG     eds_loader.connectors.local_fs  Merging schema.json at target
2026-08-24 17:26:43,329  INFO      eds_loader.loader  Load complete: 5 row(s) written
2026-08-24 17:26:43,329  INFO      eds_loader.cli.main  Run complete: 5 row(s) across 2 table(s) in 0.0s
2026-08-24 17:26:43,336  INFO      eds_loader.cli.main  eds-loader run invoked (config=C:\Users\Mohit Patel\AppData\Local\Temp\pytest-of-spmohit\pytest-28\test_run_missing_config_exits_0\nope.yaml, dry_run=False)
2026-08-24 17:26:43,336  ERROR     eds_loader.cli.main  Config parse failed: Config file not found: C:\Users\Mohit Patel\AppData\Local\Temp\pytest-of-spmohit\pytest-28\test_run_missing_config_exits_0\nope.yaml
2026-08-24 17:26:43,344  INFO      eds_loader.cli.main  eds-loader run invoked (config=C:\Users\Mohit Patel\AppData\Local\Temp\pytest-of-spmohit\pytest-28\test_run_invalid_yaml_exits_20\loader.yaml, dry_run=False)
2026-08-24 17:26:43,345  ERROR     eds_loader.cli.main  Config parse failed: Config file C:\Users\Mohit Patel\AppData\Local\Temp\pytest-of-spmohit\pytest-28\test_run_invalid_yaml_exits_20\loader.yaml is not valid YAML: while parsing a flow sequence
  in "<unicode string>", line 1, column 9:
    source: [unclosed
            ^
expected ',' or ']', but got '<stream end>'
  in "<unicode string>", line 1, column 18:
    source: [unclosed
                     ^
2026-08-24 17:26:43,353  INFO      eds_loader.cli.main  eds-loader run invoked (config=C:\Users\Mohit Patel\AppData\Local\Temp\pytest-of-spmohit\pytest-28\test_run_unknown_connector_kin0\loader.yaml, dry_run=False)
2026-08-24 17:26:43,354  INFO      eds_loader.cli.main  Config loaded: source=nosuchdb target=local_fs tables=(all) enforce_constraints=True schema_required=True
2026-08-24 17:26:43,354  ERROR     eds_loader.cli.main  Configuration error: Unknown connector kind 'nosuchdb'.
Known connectors: azure_blob, bigquery, elasticsearch, gcs, local_fs, mongodb, mssql, mysql, oracle, postgres, remote_fs, s3.
Run `eds-loader connectors` to see install status.
2026-08-24 17:26:43,365  INFO      eds_loader.cli.main  eds-loader run invoked (config=C:\Users\Mohit Patel\AppData\Local\Temp\pytest-of-spmohit\pytest-28\test_run_load_error_exits_30\loader.yaml, dry_run=False)
2026-08-24 17:26:43,384  INFO      eds_loader.cli.main  Config loaded: source=local_fs target=local_fs tables=(all) enforce_constraints=True schema_required=True
2026-08-24 17:26:43,384  ERROR     eds_loader.cli.main  Load failed after 0.0s: disk full
2026-08-24 17:26:43,394  INFO      eds_loader.cli.main  eds-loader run invoked (config=C:\Users\Mohit Patel\AppData\Local\Temp\pytest-of-spmohit\pytest-28\test_dry_run_exits_zero0\loader.yaml, dry_run=True)
2026-08-24 17:26:43,403  INFO      eds_loader.cli.main  Config loaded: source=local_fs target=local_fs tables=(all) enforce_constraints=True schema_required=True
2026-08-24 17:26:43,403  DEBUG     eds_loader.connectors.local_fs  Reading schema.json from C:\Users\Mohit Patel\AppData\Local\Temp\pytest-of-spmohit\pytest-28\test_dry_run_exits_zero0\source\schema.json
2026-08-24 17:26:43,404  DEBUG     eds_loader.connectors.local_fs  schema.json parsed: 2 dataset(s)
2026-08-24 17:26:43,405  INFO      eds_loader.cli.main  Dry-run: reading ['customers', 'orders'] dataset(s) from source
2026-08-24 17:26:43,406  INFO      eds_loader.connectors.local_fs  Read customers: 3 row(s) from C:\Users\Mohit Patel\AppData\Local\Temp\pytest-of-spmohit\pytest-28\test_dry_run_exits_zero0\source\customers.parquet
2026-08-24 17:26:43,408  INFO      eds_loader.connectors.local_fs  Read orders: 2 row(s) from C:\Users\Mohit Patel\AppData\Local\Temp\pytest-of-spmohit\pytest-28\test_dry_run_exits_zero0\source\orders.parquet
2026-08-24 17:26:43,409  INFO      eds_loader.cli.main  Dry-run complete: 5 row(s) across 2 dataset(s)
2026-08-24 17:26:43,422  INFO      eds_loader.cli.main  eds-loader run invoked (config=C:\Users\Mohit Patel\AppData\Local\Temp\pytest-of-spmohit\pytest-28\test_dry_run_shows_dataset_nam0\loader.yaml, dry_run=True)
2026-08-24 17:26:43,441  INFO      eds_loader.cli.main  Config loaded: source=local_fs target=local_fs tables=(all) enforce_constraints=True schema_required=True
2026-08-24 17:26:43,441  DEBUG     eds_loader.connectors.local_fs  Reading schema.json from C:\Users\Mohit Patel\AppData\Local\Temp\pytest-of-spmohit\pytest-28\test_dry_run_shows_dataset_nam0\source\schema.json
2026-08-24 17:26:43,443  DEBUG     eds_loader.connectors.local_fs  schema.json parsed: 2 dataset(s)
2026-08-24 17:26:43,443  INFO      eds_loader.cli.main  Dry-run: reading ['customers', 'orders'] dataset(s) from source
2026-08-24 17:26:43,445  INFO      eds_loader.connectors.local_fs  Read customers: 3 row(s) from C:\Users\Mohit Patel\AppData\Local\Temp\pytest-of-spmohit\pytest-28\test_dry_run_shows_dataset_nam0\source\customers.parquet
2026-08-24 17:26:43,447  INFO      eds_loader.connectors.local_fs  Read orders: 2 row(s) from C:\Users\Mohit Patel\AppData\Local\Temp\pytest-of-spmohit\pytest-28\test_dry_run_shows_dataset_nam0\source\orders.parquet
2026-08-24 17:26:43,448  INFO      eds_loader.cli.main  Dry-run complete: 5 row(s) across 2 dataset(s)
2026-08-24 17:26:43,462  INFO      eds_loader.cli.main  eds-loader run invoked (config=C:\Users\Mohit Patel\AppData\Local\Temp\pytest-of-spmohit\pytest-28\test_dry_run_shows_total_rows0\loader.yaml, dry_run=True)
2026-08-24 17:26:43,478  INFO      eds_loader.cli.main  Config loaded: source=local_fs target=local_fs tables=(all) enforce_constraints=True schema_required=True
2026-08-24 17:26:43,478  DEBUG     eds_loader.connectors.local_fs  Reading schema.json from C:\Users\Mohit Patel\AppData\Local\Temp\pytest-of-spmohit\pytest-28\test_dry_run_shows_total_rows0\source\schema.json
2026-08-24 17:26:43,479  DEBUG     eds_loader.connectors.local_fs  schema.json parsed: 2 dataset(s)
2026-08-24 17:26:43,479  INFO      eds_loader.cli.main  Dry-run: reading ['customers', 'orders'] dataset(s) from source
2026-08-24 17:26:43,482  INFO      eds_loader.connectors.local_fs  Read customers: 3 row(s) from C:\Users\Mohit Patel\AppData\Local\Temp\pytest-of-spmohit\pytest-28\test_dry_run_shows_total_rows0\source\customers.parquet
2026-08-24 17:26:43,484  INFO      eds_loader.connectors.local_fs  Read orders: 2 row(s) from C:\Users\Mohit Patel\AppData\Local\Temp\pytest-of-spmohit\pytest-28\test_dry_run_shows_total_rows0\source\orders.parquet
2026-08-24 17:26:43,484  INFO      eds_loader.cli.main  Dry-run complete: 5 row(s) across 2 dataset(s)
2026-08-24 17:26:43,494  INFO      eds_loader.cli.main  eds-loader run invoked (config=C:\Users\Mohit Patel\AppData\Local\Temp\pytest-of-spmohit\pytest-28\test_dry_run_does_not_write_ta0\loader.yaml, dry_run=True)
2026-08-24 17:26:43,513  INFO      eds_loader.cli.main  Config loaded: source=local_fs target=local_fs tables=(all) enforce_constraints=True schema_required=True
2026-08-24 17:26:43,513  DEBUG     eds_loader.connectors.local_fs  Reading schema.json from C:\Users\Mohit Patel\AppData\Local\Temp\pytest-of-spmohit\pytest-28\test_dry_run_does_not_write_ta0\source\schema.json
2026-08-24 17:26:43,514  DEBUG     eds_loader.connectors.local_fs  schema.json parsed: 2 dataset(s)
2026-08-24 17:26:43,514  INFO      eds_loader.cli.main  Dry-run: reading ['customers', 'orders'] dataset(s) from source
2026-08-24 17:26:43,516  INFO      eds_loader.connectors.local_fs  Read customers: 3 row(s) from C:\Users\Mohit Patel\AppData\Local\Temp\pytest-of-spmohit\pytest-28\test_dry_run_does_not_write_ta0\source\customers.parquet
2026-08-24 17:26:43,517  INFO      eds_loader.connectors.local_fs  Read orders: 2 row(s) from C:\Users\Mohit Patel\AppData\Local\Temp\pytest-of-spmohit\pytest-28\test_dry_run_does_not_write_ta0\source\orders.parquet
2026-08-24 17:26:43,517  INFO      eds_loader.cli.main  Dry-run complete: 5 row(s) across 2 dataset(s)
2026-08-24 17:26:43,529  INFO      eds_loader.cli.main  eds-loader run invoked (config=C:\Users\Mohit Patel\AppData\Local\Temp\pytest-of-spmohit\pytest-28\test_dry_run_shows_dry_run_hea0\loader.yaml, dry_run=True)
2026-08-24 17:26:43,549  INFO      eds_loader.cli.main  Config loaded: source=local_fs target=local_fs tables=(all) enforce_constraints=True schema_required=True
2026-08-24 17:26:43,549  DEBUG     eds_loader.connectors.local_fs  Reading schema.json from C:\Users\Mohit Patel\AppData\Local\Temp\pytest-of-spmohit\pytest-28\test_dry_run_shows_dry_run_hea0\source\schema.json
2026-08-24 17:26:43,550  DEBUG     eds_loader.connectors.local_fs  schema.json parsed: 2 dataset(s)
2026-08-24 17:26:43,550  INFO      eds_loader.cli.main  Dry-run: reading ['customers', 'orders'] dataset(s) from source
2026-08-24 17:26:43,552  INFO      eds_loader.connectors.local_fs  Read customers: 3 row(s) from C:\Users\Mohit Patel\AppData\Local\Temp\pytest-of-spmohit\pytest-28\test_dry_run_shows_dry_run_hea0\source\customers.parquet
2026-08-24 17:26:43,554  INFO      eds_loader.connectors.local_fs  Read orders: 2 row(s) from C:\Users\Mohit Patel\AppData\Local\Temp\pytest-of-spmohit\pytest-28\test_dry_run_shows_dry_run_hea0\source\orders.parquet
2026-08-24 17:26:43,554  INFO      eds_loader.cli.main  Dry-run complete: 5 row(s) across 2 dataset(s)
2026-08-24 17:26:43,564  INFO      eds_loader.cli.main  eds-loader run invoked (config=C:\Users\Mohit Patel\AppData\Local\Temp\pytest-of-spmohit\pytest-28\test_dry_run_source_error_exit0\loader.yaml, dry_run=True)
2026-08-24 17:26:43,578  INFO      eds_loader.cli.main  Config loaded: source=local_fs target=local_fs tables=(all) enforce_constraints=True schema_required=True
2026-08-24 17:26:43,579  ERROR     eds_loader.cli.main  Dry-run read failed: source down
2026-08-24 17:26:43,607  DEBUG     eds_loader.connectors.local_fs  Reading schema.json from C:\Users\Mohit Patel\AppData\Local\Temp\pytest-of-spmohit\pytest-28\test_validate_good_config_exit0\source\schema.json
2026-08-24 17:26:43,610  DEBUG     eds_loader.connectors.local_fs  schema.json parsed: 2 dataset(s)
2026-08-24 17:26:43,634  DEBUG     eds_loader.connectors.local_fs  Reading schema.json from C:\Users\Mohit Patel\AppData\Local\Temp\pytest-of-spmohit\pytest-28\test_validate_prints_checkmark0\source\schema.json
2026-08-24 17:26:43,636  DEBUG     eds_loader.connectors.local_fs  schema.json parsed: 2 dataset(s)
2026-08-24 17:26:43,656  DEBUG     eds_loader.connectors.local_fs  Reading schema.json from C:\Users\Mohit Patel\AppData\Local\Temp\pytest-of-spmohit\pytest-28\test_validate_shows_dataset_co0\source\schema.json
2026-08-24 17:26:43,657  DEBUG     eds_loader.connectors.local_fs  schema.json parsed: 2 dataset(s)
2026-08-24 17:26:43,734  DEBUG     eds_loader.connectors.local_fs  Reading schema.json from C:\Users\Mohit Patel\AppData\Local\Temp\pytest-of-spmohit\pytest-28\test_validate_shows_connector_0\source\schema.json
2026-08-24 17:26:43,735  DEBUG     eds_loader.connectors.local_fs  schema.json parsed: 2 dataset(s)
2026-08-24 17:26:44,090  INFO      eds_loader.loader  Read 2 dataset(s) from source
2026-08-24 17:26:44,091  INFO      eds_loader.connectors.local_fs  Wrote customers: 3 row(s) to C:\Users\Mohit Patel\AppData\Local\Temp\pytest-of-spmohit\pytest-28\test_integration_gcs_source_vi0\target\customers.parquet
2026-08-24 17:26:44,092  INFO      eds_loader.connectors.local_fs  Wrote orders: 2 row(s) to C:\Users\Mohit Patel\AppData\Local\Temp\pytest-of-spmohit\pytest-28\test_integration_gcs_source_vi0\target\orders.parquet
2026-08-24 17:26:44,092  DEBUG     eds_loader.connectors.local_fs  Merging schema.json at target
2026-08-24 17:26:44,093  INFO      eds_loader.loader  Load complete: 5 row(s) written
2026-08-24 17:26:44,095  INFO      eds_loader.loader  Read 2 dataset(s) from source
2026-08-24 17:26:44,095  INFO      eds_loader.loader  Load complete: 3 row(s) written
2026-08-24 17:26:44,098  INFO      eds_loader.loader  Read 2 dataset(s) from source
2026-08-24 17:26:44,098  INFO      eds_loader.loader  Load complete: 3 row(s) written
2026-08-24 17:26:44,100  INFO      eds_loader.loader  Read 2 dataset(s) from source
2026-08-24 17:26:44,100  INFO      eds_loader.loader  Load complete: 3 row(s) written
2026-08-24 17:26:44,102  INFO      eds_loader.loader  Read 2 dataset(s) from source
2026-08-24 17:26:44,102  INFO      eds_loader.loader  Load complete: 3 row(s) written
2026-08-24 17:26:44,104  INFO      eds_loader.loader  Read 1 dataset(s) from source
2026-08-24 17:26:44,104  INFO      eds_loader.loader  Load complete: 1 row(s) written
2026-08-24 17:26:44,121  DEBUG     eds_loader.connectors.local_fs  Reading schema.json from C:\Users\Mohit Patel\AppData\Local\Temp\pytest-of-spmohit\pytest-28\test_read_schema_metadata_retu0\schema.json
2026-08-24 17:26:44,123  DEBUG     eds_loader.connectors.local_fs  schema.json parsed: 2 dataset(s)
2026-08-24 17:26:44,130  DEBUG     eds_loader.connectors.local_fs  Reading schema.json from C:\Users\Mohit Patel\AppData\Local\Temp\pytest-of-spmohit\pytest-28\test_read_schema_metadata_cont0\schema.json
2026-08-24 17:26:44,130  DEBUG     eds_loader.connectors.local_fs  schema.json parsed: 2 dataset(s)
2026-08-24 17:26:44,137  DEBUG     eds_loader.connectors.local_fs  Reading schema.json from C:\Users\Mohit Patel\AppData\Local\Temp\pytest-of-spmohit\pytest-28\test_read_schema_metadata_corr0\schema.json
2026-08-24 17:26:44,141  DEBUG     eds_loader.connectors.local_fs  Reading schema.json from C:\Users\Mohit Patel\AppData\Local\Temp\pytest-of-spmohit\pytest-28\test_read_schema_metadata_empt0\schema.json
2026-08-24 17:26:44,148  DEBUG     eds_loader.connectors.local_fs  Auto-discovered 2 parquet file(s) in C:\Users\Mohit Patel\AppData\Local\Temp\pytest-of-spmohit\pytest-28\test_read_datasets_none_reads_0
2026-08-24 17:26:44,150  INFO      eds_loader.connectors.local_fs  Read customers: 3 row(s) from C:\Users\Mohit Patel\AppData\Local\Temp\pytest-of-spmohit\pytest-28\test_read_datasets_none_reads_0\customers.parquet
2026-08-24 17:26:44,152  INFO      eds_loader.connectors.local_fs  Read orders: 2 row(s) from C:\Users\Mohit Patel\AppData\Local\Temp\pytest-of-spmohit\pytest-28\test_read_datasets_none_reads_0\orders.parquet
2026-08-24 17:26:44,160  DEBUG     eds_loader.connectors.local_fs  Auto-discovered 1 parquet file(s) in C:\Users\Mohit Patel\AppData\Local\Temp\pytest-of-spmohit\pytest-28\test_read_datasets_none_ignore0
2026-08-24 17:26:44,163  INFO      eds_loader.connectors.local_fs  Read data: 1 row(s) from C:\Users\Mohit Patel\AppData\Local\Temp\pytest-of-spmohit\pytest-28\test_read_datasets_none_ignore0\data.parquet
2026-08-24 17:26:44,169  DEBUG     eds_loader.connectors.local_fs  Auto-discovered 2 parquet file(s) in C:\Users\Mohit Patel\AppData\Local\Temp\pytest-of-spmohit\pytest-28\test_read_datasets_none_return0
2026-08-24 17:26:44,173  INFO      eds_loader.connectors.local_fs  Read customers: 3 row(s) from C:\Users\Mohit Patel\AppData\Local\Temp\pytest-of-spmohit\pytest-28\test_read_datasets_none_return0\customers.parquet
2026-08-24 17:26:44,175  INFO      eds_loader.connectors.local_fs  Read orders: 2 row(s) from C:\Users\Mohit Patel\AppData\Local\Temp\pytest-of-spmohit\pytest-28\test_read_datasets_none_return0\orders.parquet
2026-08-24 17:26:44,179  DEBUG     eds_loader.connectors.local_fs  Auto-discovered 0 parquet file(s) in C:\Users\Mohit Patel\AppData\Local\Temp\pytest-of-spmohit\pytest-28\test_read_datasets_none_empty_0
2026-08-24 17:26:44,187  INFO      eds_loader.connectors.local_fs  Read customers: 3 row(s) from C:\Users\Mohit Patel\AppData\Local\Temp\pytest-of-spmohit\pytest-28\test_read_datasets_explicit_na0\customers.parquet
2026-08-24 17:26:44,195  INFO      eds_loader.connectors.local_fs  Read customers: 3 row(s) from C:\Users\Mohit Patel\AppData\Local\Temp\pytest-of-spmohit\pytest-28\test_read_datasets_explicit_pr0\customers.parquet
2026-08-24 17:26:44,211  INFO      eds_loader.connectors.local_fs  Read customers: 3 row(s) from C:\Users\Mohit Patel\AppData\Local\Temp\pytest-of-spmohit\pytest-28\test_read_datasets_one_missing0\customers.parquet
2026-08-24 17:26:44,218  INFO      eds_loader.connectors.local_fs  Wrote customers: 3 row(s) to C:\Users\Mohit Patel\AppData\Local\Temp\pytest-of-spmohit\pytest-28\test_write_datasets_creates_di0\deep\nested\dir\customers.parquet
2026-08-24 17:26:44,219  INFO      eds_loader.connectors.local_fs  Wrote orders: 2 row(s) to C:\Users\Mohit Patel\AppData\Local\Temp\pytest-of-spmohit\pytest-28\test_write_datasets_creates_di0\deep\nested\dir\orders.parquet
2026-08-24 17:26:44,224  INFO      eds_loader.connectors.local_fs  Wrote customers: 3 row(s) to C:\Users\Mohit Patel\AppData\Local\Temp\pytest-of-spmohit\pytest-28\test_write_datasets_writes_par0\customers.parquet
2026-08-24 17:26:44,226  INFO      eds_loader.connectors.local_fs  Wrote orders: 2 row(s) to C:\Users\Mohit Patel\AppData\Local\Temp\pytest-of-spmohit\pytest-28\test_write_datasets_writes_par0\orders.parquet
2026-08-24 17:26:44,231  INFO      eds_loader.connectors.local_fs  Wrote customers: 3 row(s) to C:\Users\Mohit Patel\AppData\Local\Temp\pytest-of-spmohit\pytest-28\test_write_datasets_returns_on0\customers.parquet
2026-08-24 17:26:44,232  INFO      eds_loader.connectors.local_fs  Wrote orders: 2 row(s) to C:\Users\Mohit Patel\AppData\Local\Temp\pytest-of-spmohit\pytest-28\test_write_datasets_returns_on0\orders.parquet
2026-08-24 17:26:44,237  INFO      eds_loader.connectors.local_fs  Wrote customers: 3 row(s) to C:\Users\Mohit Patel\AppData\Local\Temp\pytest-of-spmohit\pytest-28\test_write_datasets_result_row0\customers.parquet
2026-08-24 17:26:44,238  INFO      eds_loader.connectors.local_fs  Wrote orders: 2 row(s) to C:\Users\Mohit Patel\AppData\Local\Temp\pytest-of-spmohit\pytest-28\test_write_datasets_result_row0\orders.parquet
2026-08-24 17:26:44,243  INFO      eds_loader.connectors.local_fs  Wrote customers: 3 row(s) to C:\Users\Mohit Patel\AppData\Local\Temp\pytest-of-spmohit\pytest-28\test_write_datasets_result_loc0\customers.parquet
2026-08-24 17:26:44,244  INFO      eds_loader.connectors.local_fs  Wrote orders: 2 row(s) to C:\Users\Mohit Patel\AppData\Local\Temp\pytest-of-spmohit\pytest-28\test_write_datasets_result_loc0\orders.parquet
2026-08-24 17:26:44,249  INFO      eds_loader.connectors.local_fs  Wrote data: 3 row(s) to C:\Users\Mohit Patel\AppData\Local\Temp\pytest-of-spmohit\pytest-28\test_write_datasets_overwrites0\data.parquet
2026-08-24 17:26:44,250  INFO      eds_loader.connectors.local_fs  Wrote data: 1 row(s) to C:\Users\Mohit Patel\AppData\Local\Temp\pytest-of-spmohit\pytest-28\test_write_datasets_overwrites0\data.parquet
2026-08-24 17:26:44,259  INFO      eds_loader.connectors.local_fs  Wrote customers: 3 row(s) to C:\Users\Mohit Patel\AppData\Local\Temp\pytest-of-spmohit\pytest-28\test_write_datasets_writes_sch0\customers.parquet
2026-08-24 17:26:44,260  INFO      eds_loader.connectors.local_fs  Wrote orders: 2 row(s) to C:\Users\Mohit Patel\AppData\Local\Temp\pytest-of-spmohit\pytest-28\test_write_datasets_writes_sch0\orders.parquet
2026-08-24 17:26:44,260  DEBUG     eds_loader.connectors.local_fs  Merging schema.json at target
2026-08-24 17:26:44,284  INFO      eds_loader.connectors.local_fs  Wrote customers: 3 row(s) to C:\Users\Mohit Patel\AppData\Local\Temp\pytest-of-spmohit\pytest-28\test_write_datasets_skips_sche0\customers.parquet
2026-08-24 17:26:44,286  INFO      eds_loader.connectors.local_fs  Wrote orders: 2 row(s) to C:\Users\Mohit Patel\AppData\Local\Temp\pytest-of-spmohit\pytest-28\test_write_datasets_skips_sche0\orders.parquet
2026-08-24 17:26:44,292  INFO      eds_loader.connectors.local_fs  Wrote customers: 3 row(s) to C:\Users\Mohit Patel\AppData\Local\Temp\pytest-of-spmohit\pytest-28\test_write_datasets_merges_sch0\customers.parquet
2026-08-24 17:26:44,293  INFO      eds_loader.connectors.local_fs  Wrote orders: 2 row(s) to C:\Users\Mohit Patel\AppData\Local\Temp\pytest-of-spmohit\pytest-28\test_write_datasets_merges_sch0\orders.parquet
2026-08-24 17:26:44,293  DEBUG     eds_loader.connectors.local_fs  Merging schema.json at target
2026-08-24 17:26:44,303  INFO      eds_loader.connectors.local_fs  Wrote customers: 3 row(s) to C:\Users\Mohit Patel\AppData\Local\Temp\pytest-of-spmohit\pytest-28\test_write_datasets_corrupt_ex0\customers.parquet
2026-08-24 17:26:44,304  INFO      eds_loader.connectors.local_fs  Wrote orders: 2 row(s) to C:\Users\Mohit Patel\AppData\Local\Temp\pytest-of-spmohit\pytest-28\test_write_datasets_corrupt_ex0\orders.parquet
2026-08-24 17:26:44,304  DEBUG     eds_loader.connectors.local_fs  Merging schema.json at target
2026-08-24 17:26:44,312  INFO      eds_loader.connectors.local_fs  Wrote customers: 3 row(s) to C:\Users\Mohit Patel\AppData\Local\Temp\pytest-of-spmohit\pytest-28\test_round_trip_dataframes_mat0\customers.parquet
2026-08-24 17:26:44,313  INFO      eds_loader.connectors.local_fs  Wrote orders: 2 row(s) to C:\Users\Mohit Patel\AppData\Local\Temp\pytest-of-spmohit\pytest-28\test_round_trip_dataframes_mat0\orders.parquet
2026-08-24 17:26:44,313  DEBUG     eds_loader.connectors.local_fs  Merging schema.json at target
2026-08-24 17:26:44,315  INFO      eds_loader.connectors.local_fs  Read customers: 3 row(s) from C:\Users\Mohit Patel\AppData\Local\Temp\pytest-of-spmohit\pytest-28\test_round_trip_dataframes_mat0\customers.parquet
2026-08-24 17:26:44,317  INFO      eds_loader.connectors.local_fs  Read orders: 2 row(s) from C:\Users\Mohit Patel\AppData\Local\Temp\pytest-of-spmohit\pytest-28\test_round_trip_dataframes_mat0\orders.parquet
2026-08-24 17:26:44,323  INFO      eds_loader.connectors.local_fs  Wrote customers: 3 row(s) to C:\Users\Mohit Patel\AppData\Local\Temp\pytest-of-spmohit\pytest-28\test_round_trip_schema_survive0\customers.parquet
2026-08-24 17:26:44,324  INFO      eds_loader.connectors.local_fs  Wrote orders: 2 row(s) to C:\Users\Mohit Patel\AppData\Local\Temp\pytest-of-spmohit\pytest-28\test_round_trip_schema_survive0\orders.parquet
2026-08-24 17:26:44,324  DEBUG     eds_loader.connectors.local_fs  Merging schema.json at target
2026-08-24 17:26:44,325  DEBUG     eds_loader.connectors.local_fs  Reading schema.json from C:\Users\Mohit Patel\AppData\Local\Temp\pytest-of-spmohit\pytest-28\test_round_trip_schema_survive0\schema.json
2026-08-24 17:26:44,327  DEBUG     eds_loader.connectors.local_fs  schema.json parsed: 2 dataset(s)
2026-08-24 17:26:44,334  DEBUG     eds_loader.connectors.local_fs  Reading schema.json from C:\Users\Mohit Patel\AppData\Local\Temp\pytest-of-spmohit\pytest-28\test_integration_local_to_loca0\schema.json
2026-08-24 17:26:44,335  DEBUG     eds_loader.connectors.local_fs  schema.json parsed: 2 dataset(s)
2026-08-24 17:26:44,337  INFO      eds_loader.connectors.local_fs  Read customers: 3 row(s) from C:\Users\Mohit Patel\AppData\Local\Temp\pytest-of-spmohit\pytest-28\test_integration_local_to_loca0\customers.parquet
2026-08-24 17:26:44,340  INFO      eds_loader.connectors.local_fs  Read orders: 2 row(s) from C:\Users\Mohit Patel\AppData\Local\Temp\pytest-of-spmohit\pytest-28\test_integration_local_to_loca0\orders.parquet
2026-08-24 17:26:44,340  INFO      eds_loader.loader  Read 2 dataset(s) from source
2026-08-24 17:26:44,341  INFO      eds_loader.connectors.local_fs  Wrote customers: 3 row(s) to C:\Users\Mohit Patel\AppData\Local\Temp\pytest-of-spmohit\pytest-28\test_integration_local_to_loca0\target\customers.parquet
2026-08-24 17:26:44,342  INFO      eds_loader.connectors.local_fs  Wrote orders: 2 row(s) to C:\Users\Mohit Patel\AppData\Local\Temp\pytest-of-spmohit\pytest-28\test_integration_local_to_loca0\target\orders.parquet
2026-08-24 17:26:44,342  DEBUG     eds_loader.connectors.local_fs  Merging schema.json at target
2026-08-24 17:26:44,343  INFO      eds_loader.loader  Load complete: 5 row(s) written
2026-08-24 17:26:44,350  DEBUG     eds_loader.connectors.local_fs  Reading schema.json from C:\Users\Mohit Patel\AppData\Local\Temp\pytest-of-spmohit\pytest-28\test_integration_table_subset_0\schema.json
2026-08-24 17:26:44,351  DEBUG     eds_loader.connectors.local_fs  schema.json parsed: 2 dataset(s)
2026-08-24 17:26:44,354  INFO      eds_loader.connectors.local_fs  Read customers: 3 row(s) from C:\Users\Mohit Patel\AppData\Local\Temp\pytest-of-spmohit\pytest-28\test_integration_table_subset_0\customers.parquet
2026-08-24 17:26:44,354  INFO      eds_loader.loader  Read 1 dataset(s) from source
2026-08-24 17:26:44,355  INFO      eds_loader.connectors.local_fs  Wrote customers: 3 row(s) to C:\Users\Mohit Patel\AppData\Local\Temp\pytest-of-spmohit\pytest-28\test_integration_table_subset_0\target_subset\customers.parquet
2026-08-24 17:26:44,356  DEBUG     eds_loader.connectors.local_fs  Merging schema.json at target
2026-08-24 17:26:44,356  INFO      eds_loader.loader  Load complete: 3 row(s) written
2026-08-24 17:26:44,365  DEBUG     eds_loader.connectors.local_fs  Reading schema.json from C:\Users\Mohit Patel\AppData\Local\Temp\pytest-of-spmohit\pytest-28\test_integration_schema_json_w0\schema.json
2026-08-24 17:26:44,367  DEBUG     eds_loader.connectors.local_fs  schema.json parsed: 2 dataset(s)
2026-08-24 17:26:44,369  INFO      eds_loader.connectors.local_fs  Read customers: 3 row(s) from C:\Users\Mohit Patel\AppData\Local\Temp\pytest-of-spmohit\pytest-28\test_integration_schema_json_w0\customers.parquet
2026-08-24 17:26:44,371  INFO      eds_loader.connectors.local_fs  Read orders: 2 row(s) from C:\Users\Mohit Patel\AppData\Local\Temp\pytest-of-spmohit\pytest-28\test_integration_schema_json_w0\orders.parquet
2026-08-24 17:26:44,371  INFO      eds_loader.loader  Read 2 dataset(s) from source
2026-08-24 17:26:44,372  INFO      eds_loader.connectors.local_fs  Wrote customers: 3 row(s) to C:\Users\Mohit Patel\AppData\Local\Temp\pytest-of-spmohit\pytest-28\test_integration_schema_json_w0\target_schema\customers.parquet
2026-08-24 17:26:44,373  INFO      eds_loader.connectors.local_fs  Wrote orders: 2 row(s) to C:\Users\Mohit Patel\AppData\Local\Temp\pytest-of-spmohit\pytest-28\test_integration_schema_json_w0\target_schema\orders.parquet
2026-08-24 17:26:44,374  DEBUG     eds_loader.connectors.local_fs  Merging schema.json at target
2026-08-24 17:26:44,374  INFO      eds_loader.loader  Load complete: 5 row(s) written
2026-08-24 17:26:44,382  DEBUG     eds_loader.connectors.local_fs  Reading schema.json from C:\Users\Mohit Patel\AppData\Local\Temp\pytest-of-spmohit\pytest-28\test_integration_schema_json_n0\schema.json
2026-08-24 17:26:44,383  DEBUG     eds_loader.connectors.local_fs  schema.json parsed: 2 dataset(s)
2026-08-24 17:26:44,385  INFO      eds_loader.connectors.local_fs  Read customers: 3 row(s) from C:\Users\Mohit Patel\AppData\Local\Temp\pytest-of-spmohit\pytest-28\test_integration_schema_json_n0\customers.parquet
2026-08-24 17:26:44,387  INFO      eds_loader.connectors.local_fs  Read orders: 2 row(s) from C:\Users\Mohit Patel\AppData\Local\Temp\pytest-of-spmohit\pytest-28\test_integration_schema_json_n0\orders.parquet
2026-08-24 17:26:44,387  INFO      eds_loader.loader  Read 2 dataset(s) from source
2026-08-24 17:26:44,388  INFO      eds_loader.connectors.local_fs  Wrote customers: 3 row(s) to C:\Users\Mohit Patel\AppData\Local\Temp\pytest-of-spmohit\pytest-28\test_integration_schema_json_n0\target_no_schema\customers.parquet
2026-08-24 17:26:44,389  INFO      eds_loader.connectors.local_fs  Wrote orders: 2 row(s) to C:\Users\Mohit Patel\AppData\Local\Temp\pytest-of-spmohit\pytest-28\test_integration_schema_json_n0\target_no_schema\orders.parquet
2026-08-24 17:26:44,389  INFO      eds_loader.loader  Load complete: 5 row(s) written
2026-08-24 17:26:44,402  INFO      eds_loader.connectors.mongodb  Connected to MongoDB localhost:27017/test_db
2026-08-24 17:26:44,402  DEBUG     eds_loader.connectors.mongodb  [customers] dropping existing collection
2026-08-24 17:26:44,402  DEBUG     eds_loader.connectors.mongodb  [customers] inserting 3 document(s)
2026-08-24 17:26:44,402  INFO      eds_loader.connectors.mongodb  [customers] wrote 3 document(s) in 0.00s
2026-08-24 17:26:44,402  DEBUG     eds_loader.connectors.mongodb  [orders] dropping existing collection
2026-08-24 17:26:44,403  DEBUG     eds_loader.connectors.mongodb  [orders] inserting 2 document(s)
2026-08-24 17:26:44,403  INFO      eds_loader.connectors.mongodb  [orders] wrote 2 document(s) in 0.00s
2026-08-24 17:26:44,404  INFO      eds_loader.connectors.mongodb  Connected to MongoDB localhost:27017/test_db
2026-08-24 17:26:44,404  DEBUG     eds_loader.connectors.mongodb  [data] dropping existing collection
2026-08-24 17:26:44,404  DEBUG     eds_loader.connectors.mongodb  [data] inserting 2 document(s)
2026-08-24 17:26:44,405  INFO      eds_loader.connectors.mongodb  [data] wrote 2 document(s) in 0.00s
2026-08-24 17:26:44,406  INFO      eds_loader.connectors.mongodb  Connected to MongoDB localhost:27017/test_db
2026-08-24 17:26:44,407  DEBUG     eds_loader.connectors.mongodb  [t] dropping existing collection
2026-08-24 17:26:44,407  DEBUG     eds_loader.connectors.mongodb  [t] inserting 1 document(s)
2026-08-24 17:26:44,407  INFO      eds_loader.connectors.mongodb  [t] wrote 1 document(s) in 0.00s
2026-08-24 17:26:44,408  INFO      eds_loader.connectors.mongodb  Connected to MongoDB localhost:27017/test_db
2026-08-24 17:26:44,408  DEBUG     eds_loader.connectors.mongodb  [empty] dropping existing collection
2026-08-24 17:26:44,408  INFO      eds_loader.connectors.mongodb  [empty] wrote 0 document(s) in 0.00s
2026-08-24 17:26:44,410  INFO      eds_loader.connectors.mongodb  Connected to MongoDB localhost:27017/test_db
2026-08-24 17:26:44,410  DEBUG     eds_loader.connectors.mongodb  [empty] dropping existing collection
2026-08-24 17:26:44,410  INFO      eds_loader.connectors.mongodb  [empty] wrote 0 document(s) in 0.00s
2026-08-24 17:26:44,411  INFO      eds_loader.connectors.mongodb  Connected to MongoDB localhost:27017/test_db
2026-08-24 17:26:44,411  DEBUG     eds_loader.connectors.mongodb  [customers] dropping existing collection
2026-08-24 17:26:44,412  DEBUG     eds_loader.connectors.mongodb  [customers] inserting 3 document(s)
2026-08-24 17:26:44,412  INFO      eds_loader.connectors.mongodb  [customers] wrote 3 document(s) in 0.00s
2026-08-24 17:26:44,412  DEBUG     eds_loader.connectors.mongodb  [orders] dropping existing collection
2026-08-24 17:26:44,412  DEBUG     eds_loader.connectors.mongodb  [orders] inserting 2 document(s)
2026-08-24 17:26:44,413  INFO      eds_loader.connectors.mongodb  [orders] wrote 2 document(s) in 0.00s
2026-08-24 17:26:44,414  INFO      eds_loader.connectors.mongodb  Connected to MongoDB localhost:27017/test_db
2026-08-24 17:26:44,414  DEBUG     eds_loader.connectors.mongodb  [customers] dropping existing collection
2026-08-24 17:26:44,414  DEBUG     eds_loader.connectors.mongodb  [customers] inserting 3 document(s)
2026-08-24 17:26:44,414  INFO      eds_loader.connectors.mongodb  [customers] wrote 3 document(s) in 0.00s
2026-08-24 17:26:44,414  DEBUG     eds_loader.connectors.mongodb  [orders] dropping existing collection
2026-08-24 17:26:44,415  DEBUG     eds_loader.connectors.mongodb  [orders] inserting 2 document(s)
2026-08-24 17:26:44,415  INFO      eds_loader.connectors.mongodb  [orders] wrote 2 document(s) in 0.00s
2026-08-24 17:26:44,416  INFO      eds_loader.connectors.mongodb  Connected to MongoDB mgserver:27020/mydb
2026-08-24 17:26:44,416  DEBUG     eds_loader.connectors.mongodb  [tbl] dropping existing collection
2026-08-24 17:26:44,416  DEBUG     eds_loader.connectors.mongodb  [tbl] inserting 1 document(s)
2026-08-24 17:26:44,417  INFO      eds_loader.connectors.mongodb  [tbl] wrote 1 document(s) in 0.00s
2026-08-24 17:26:44,418  INFO      eds_loader.connectors.mongodb  Connected to MongoDB localhost:27017/test_db
2026-08-24 17:26:44,418  DEBUG     eds_loader.connectors.mongodb  [z] dropping existing collection
2026-08-24 17:26:44,418  DEBUG     eds_loader.connectors.mongodb  [z] inserting 1 document(s)
2026-08-24 17:26:44,418  INFO      eds_loader.connectors.mongodb  [z] wrote 1 document(s) in 0.00s
2026-08-24 17:26:44,418  DEBUG     eds_loader.connectors.mongodb  [a] dropping existing collection
2026-08-24 17:26:44,419  DEBUG     eds_loader.connectors.mongodb  [a] inserting 1 document(s)
2026-08-24 17:26:44,419  INFO      eds_loader.connectors.mongodb  [a] wrote 1 document(s) in 0.00s
2026-08-24 17:26:44,420  INFO      eds_loader.connectors.mongodb  Connected to MongoDB localhost:27017/test_db
2026-08-24 17:26:44,420  DEBUG     eds_loader.connectors.mongodb  [orders] dropping existing collection
2026-08-24 17:26:44,420  DEBUG     eds_loader.connectors.mongodb  [orders] inserting 1 document(s)
2026-08-24 17:26:44,421  DEBUG     eds_loader.connectors.mongodb  [orders] creating indexes from schema metadata
2026-08-24 17:26:44,421  INFO      eds_loader.connectors.mongodb  [orders] wrote 1 document(s) in 0.00s
2026-08-24 17:26:44,421  DEBUG     eds_loader.connectors.mongodb  [customers] dropping existing collection
2026-08-24 17:26:44,421  DEBUG     eds_loader.connectors.mongodb  [customers] inserting 1 document(s)
2026-08-24 17:26:44,421  DEBUG     eds_loader.connectors.mongodb  [customers] creating indexes from schema metadata
2026-08-24 17:26:44,421  INFO      eds_loader.connectors.mongodb  [customers] wrote 1 document(s) in 0.00s
2026-08-24 17:26:44,426  INFO      eds_loader.connectors.mongodb  Connected to MongoDB localhost:27017/test_db
2026-08-24 17:26:44,426  DEBUG     eds_loader.connectors.mongodb  [customers] dropping existing collection
2026-08-24 17:26:44,426  DEBUG     eds_loader.connectors.mongodb  [customers] inserting 1 document(s)
2026-08-24 17:26:44,426  DEBUG     eds_loader.connectors.mongodb  [customers] creating indexes from schema metadata
2026-08-24 17:26:44,427  INFO      eds_loader.connectors.mongodb  [customers] wrote 1 document(s) in 0.00s
2026-08-24 17:26:44,428  INFO      eds_loader.connectors.mongodb  Connected to MongoDB localhost:27017/test_db
2026-08-24 17:26:44,428  DEBUG     eds_loader.connectors.mongodb  [customers] dropping existing collection
2026-08-24 17:26:44,428  DEBUG     eds_loader.connectors.mongodb  [customers] inserting 1 document(s)
2026-08-24 17:26:44,428  DEBUG     eds_loader.connectors.mongodb  [customers] creating indexes from schema metadata
2026-08-24 17:26:44,429  INFO      eds_loader.connectors.mongodb  [customers] wrote 1 document(s) in 0.00s
2026-08-24 17:26:44,430  INFO      eds_loader.connectors.mongodb  Connected to MongoDB localhost:27017/test_db
2026-08-24 17:26:44,430  DEBUG     eds_loader.connectors.mongodb  [orders] dropping existing collection
2026-08-24 17:26:44,430  DEBUG     eds_loader.connectors.mongodb  [orders] inserting 1 document(s)
2026-08-24 17:26:44,431  DEBUG     eds_loader.connectors.mongodb  [orders] creating indexes from schema metadata
2026-08-24 17:26:44,431  INFO      eds_loader.connectors.mongodb  [orders] wrote 1 document(s) in 0.00s
2026-08-24 17:26:44,432  INFO      eds_loader.connectors.mongodb  Connected to MongoDB localhost:27017/test_db
2026-08-24 17:26:44,432  DEBUG     eds_loader.connectors.mongodb  [customers] dropping existing collection
2026-08-24 17:26:44,432  DEBUG     eds_loader.connectors.mongodb  [customers] inserting 1 document(s)
2026-08-24 17:26:44,432  INFO      eds_loader.connectors.mongodb  [customers] wrote 1 document(s) in 0.00s
2026-08-24 17:26:44,437  INFO      eds_loader.connectors.mongodb  Connected to MongoDB localhost:27017/test_db
2026-08-24 17:26:44,437  DEBUG     eds_loader.connectors.mongodb  [t] dropping existing collection
2026-08-24 17:26:44,437  ERROR     eds_loader.connectors.mongodb  [t] write failed: network error
2026-08-24 17:26:44,438  INFO      eds_loader.connectors.mongodb  Connected to MongoDB localhost:27017/test_db
2026-08-24 17:26:44,439  DEBUG     eds_loader.connectors.mongodb  [t] dropping existing collection
2026-08-24 17:26:44,439  DEBUG     eds_loader.connectors.mongodb  [t] inserting 1 document(s)
2026-08-24 17:26:44,439  ERROR     eds_loader.connectors.mongodb  [t] write failed: duplicate key
2026-08-24 17:26:44,451  DEBUG     eds_loader.connectors.local_fs  Reading schema.json from C:\Users\Mohit Patel\AppData\Local\Temp\pytest-of-spmohit\pytest-28\test_integration_local_fs_to_m0\source\schema.json
2026-08-24 17:26:44,452  DEBUG     eds_loader.connectors.local_fs  schema.json parsed: 2 dataset(s)
2026-08-24 17:26:44,455  INFO      eds_loader.connectors.local_fs  Read customers: 3 row(s) from C:\Users\Mohit Patel\AppData\Local\Temp\pytest-of-spmohit\pytest-28\test_integration_local_fs_to_m0\source\customers.parquet
2026-08-24 17:26:44,472  INFO      eds_loader.connectors.local_fs  Read orders: 2 row(s) from C:\Users\Mohit Patel\AppData\Local\Temp\pytest-of-spmohit\pytest-28\test_integration_local_fs_to_m0\source\orders.parquet
2026-08-24 17:26:44,472  INFO      eds_loader.loader  Read 2 dataset(s) from source
2026-08-24 17:26:44,472  INFO      eds_loader.connectors.mongodb  Connected to MongoDB localhost:27017/test_db
2026-08-24 17:26:44,472  DEBUG     eds_loader.connectors.mongodb  [customers] dropping existing collection
2026-08-24 17:26:44,473  DEBUG     eds_loader.connectors.mongodb  [customers] inserting 3 document(s)
2026-08-24 17:26:44,473  DEBUG     eds_loader.connectors.mongodb  [customers] creating indexes from schema metadata
2026-08-24 17:26:44,473  INFO      eds_loader.connectors.mongodb  [customers] wrote 3 document(s) in 0.00s
2026-08-24 17:26:44,473  DEBUG     eds_loader.connectors.mongodb  [orders] dropping existing collection
2026-08-24 17:26:44,473  DEBUG     eds_loader.connectors.mongodb  [orders] inserting 2 document(s)
2026-08-24 17:26:44,473  DEBUG     eds_loader.connectors.mongodb  [orders] creating indexes from schema metadata
2026-08-24 17:26:44,474  INFO      eds_loader.connectors.mongodb  [orders] wrote 2 document(s) in 0.00s
2026-08-24 17:26:44,474  INFO      eds_loader.loader  Load complete: 5 row(s) written
2026-08-24 17:26:44,483  DEBUG     eds_loader.connectors.local_fs  Reading schema.json from C:\Users\Mohit Patel\AppData\Local\Temp\pytest-of-spmohit\pytest-28\test_integration_enforce_false0\source2\schema.json
2026-08-24 17:26:44,484  DEBUG     eds_loader.connectors.local_fs  schema.json parsed: 2 dataset(s)
2026-08-24 17:26:44,486  INFO      eds_loader.connectors.local_fs  Read customers: 3 row(s) from C:\Users\Mohit Patel\AppData\Local\Temp\pytest-of-spmohit\pytest-28\test_integration_enforce_false0\source2\customers.parquet
2026-08-24 17:26:44,488  INFO      eds_loader.connectors.local_fs  Read orders: 2 row(s) from C:\Users\Mohit Patel\AppData\Local\Temp\pytest-of-spmohit\pytest-28\test_integration_enforce_false0\source2\orders.parquet
2026-08-24 17:26:44,488  INFO      eds_loader.loader  Read 2 dataset(s) from source
2026-08-24 17:26:44,488  INFO      eds_loader.connectors.mongodb  Connected to MongoDB localhost:27017/test_db
2026-08-24 17:26:44,488  DEBUG     eds_loader.connectors.mongodb  [customers] dropping existing collection
2026-08-24 17:26:44,488  DEBUG     eds_loader.connectors.mongodb  [customers] inserting 3 document(s)
2026-08-24 17:26:44,489  INFO      eds_loader.connectors.mongodb  [customers] wrote 3 document(s) in 0.00s
2026-08-24 17:26:44,489  DEBUG     eds_loader.connectors.mongodb  [orders] dropping existing collection
2026-08-24 17:26:44,489  DEBUG     eds_loader.connectors.mongodb  [orders] inserting 2 document(s)
2026-08-24 17:26:44,489  INFO      eds_loader.connectors.mongodb  [orders] wrote 2 document(s) in 0.00s
2026-08-24 17:26:44,489  INFO      eds_loader.loader  Load complete: 5 row(s) written
2026-08-24 17:26:44,502  INFO      eds_loader.connectors._sql_base  Connected to test_user@localhost:3306/test_db
2026-08-24 17:26:44,502  DEBUG     eds_loader.connectors._sql_base  Ensuring namespace exists: CREATE DATABASE IF NOT EXISTS `test_db`
2026-08-24 17:26:44,502  DEBUG     eds_loader.connectors._sql_base  [t] DROP TABLE IF EXISTS `test_db`.`t`
2026-08-24 17:26:44,502  DEBUG     eds_loader.connectors._sql_base  [t] CREATE TABLE `test_db`.`t` (
    `id` BIGINT
)
2026-08-24 17:26:44,503  DEBUG     eds_loader.connectors._sql_base  [t] inserting 1 row(s)
2026-08-24 17:26:44,503  INFO      eds_loader.connectors._sql_base  [t] wrote 1 row(s) in 0.00s
2026-08-24 17:26:44,504  INFO      eds_loader.connectors._sql_base  Connected to test_user@localhost:3306/test_db
2026-08-24 17:26:44,505  DEBUG     eds_loader.connectors._sql_base  Ensuring namespace exists: CREATE DATABASE IF NOT EXISTS `test_db`
2026-08-24 17:26:44,505  DEBUG     eds_loader.connectors._sql_base  [t] DROP TABLE IF EXISTS `test_db`.`t`
2026-08-24 17:26:44,505  DEBUG     eds_loader.connectors._sql_base  [t] CREATE TABLE `test_db`.`t` (
    `id` BIGINT
)
2026-08-24 17:26:44,505  DEBUG     eds_loader.connectors._sql_base  [t] inserting 1 row(s)
2026-08-24 17:26:44,505  INFO      eds_loader.connectors._sql_base  [t] wrote 1 row(s) in 0.00s
2026-08-24 17:26:44,507  INFO      eds_loader.connectors._sql_base  Connected to test_user@localhost:3306/test_db
2026-08-24 17:26:44,507  DEBUG     eds_loader.connectors._sql_base  Ensuring namespace exists: CREATE DATABASE IF NOT EXISTS `test_db`
2026-08-24 17:26:44,507  DEBUG     eds_loader.connectors._sql_base  [t] DROP TABLE IF EXISTS `test_db`.`t`
2026-08-24 17:26:44,508  ERROR     eds_loader.connectors._sql_base  [t] write failed: DB down
2026-08-24 17:26:44,509  INFO      eds_loader.connectors._sql_base  Connected to test_user@localhost:3306/eds_db
2026-08-24 17:26:44,509  DEBUG     eds_loader.connectors._sql_base  Ensuring namespace exists: CREATE DATABASE IF NOT EXISTS `eds_db`
2026-08-24 17:26:44,509  DEBUG     eds_loader.connectors._sql_base  [customers] DROP TABLE IF EXISTS `eds_db`.`customers`
2026-08-24 17:26:44,510  DEBUG     eds_loader.connectors._sql_base  [customers] CREATE TABLE `eds_db`.`customers` (
    `id` BIGINT
)
2026-08-24 17:26:44,510  DEBUG     eds_loader.connectors._sql_base  [customers] inserting 1 row(s)
2026-08-24 17:26:44,510  INFO      eds_loader.connectors._sql_base  [customers] wrote 1 row(s) in 0.00s
2026-08-24 17:26:44,511  INFO      eds_loader.connectors._sql_base  Connected to test_user@localhost:3306/eds_db
2026-08-24 17:26:44,512  DEBUG     eds_loader.connectors._sql_base  Table write order (FK-sorted): customers, orders
2026-08-24 17:26:44,512  DEBUG     eds_loader.connectors._sql_base  Ensuring namespace exists: CREATE DATABASE IF NOT EXISTS `eds_db`
2026-08-24 17:26:44,512  DEBUG     eds_loader.connectors._sql_base  [customers] DROP TABLE IF EXISTS `eds_db`.`customers`
2026-08-24 17:26:44,512  DEBUG     eds_loader.connectors._sql_base  [customers] CREATE TABLE `eds_db`.`customers` (
    `customer_id` BIGINT PRIMARY KEY,
    `name` TEXT
)
2026-08-24 17:26:44,512  DEBUG     eds_loader.connectors._sql_base  [customers] inserting 2 row(s)
2026-08-24 17:26:44,512  INFO      eds_loader.connectors._sql_base  [customers] wrote 2 row(s) in 0.00s
2026-08-24 17:26:44,512  DEBUG     eds_loader.connectors._sql_base  [orders] DROP TABLE IF EXISTS `eds_db`.`orders`
2026-08-24 17:26:44,513  DEBUG     eds_loader.connectors._sql_base  [orders] CREATE TABLE `eds_db`.`orders` (
    `order_id` BIGINT PRIMARY KEY,
    `customer_id` BIGINT NOT NULL REFERENCES `eds_db`.`customers`(`customer_id`)
)
2026-08-24 17:26:44,513  DEBUG     eds_loader.connectors._sql_base  [orders] inserting 1 row(s)
2026-08-24 17:26:44,513  INFO      eds_loader.connectors._sql_base  [orders] wrote 1 row(s) in 0.00s
2026-08-24 17:26:44,516  INFO      eds_loader.connectors._sql_base  Connected to test_user@localhost:3306/test_db
2026-08-24 17:26:44,516  DEBUG     eds_loader.connectors._sql_base  Ensuring namespace exists: CREATE DATABASE IF NOT EXISTS `test_db`
2026-08-24 17:26:44,517  DEBUG     eds_loader.connectors._sql_base  [t] DROP TABLE IF EXISTS `test_db`.`t`
2026-08-24 17:26:44,517  DEBUG     eds_loader.connectors._sql_base  [t] CREATE TABLE `test_db`.`t` (
    `id` BIGINT
)
2026-08-24 17:26:44,517  DEBUG     eds_loader.connectors._sql_base  [t] inserting 1 row(s)
2026-08-24 17:26:44,518  INFO      eds_loader.connectors._sql_base  [t] wrote 1 row(s) in 0.00s
2026-08-24 17:26:44,521  INFO      eds_loader.connectors._sql_base  Connected to test_user@srv:3306/db
2026-08-24 17:26:44,521  DEBUG     eds_loader.connectors._sql_base  Ensuring namespace exists: CREATE DATABASE IF NOT EXISTS `db`
2026-08-24 17:26:44,522  DEBUG     eds_loader.connectors._sql_base  [tbl] DROP TABLE IF EXISTS `db`.`tbl`
2026-08-24 17:26:44,522  DEBUG     eds_loader.connectors._sql_base  [tbl] CREATE TABLE `db`.`tbl` (
    `id` BIGINT
)
2026-08-24 17:26:44,522  DEBUG     eds_loader.connectors._sql_base  [tbl] inserting 1 row(s)
2026-08-24 17:26:44,523  INFO      eds_loader.connectors._sql_base  [tbl] wrote 1 row(s) in 0.00s
2026-08-24 17:26:44,526  INFO      eds_loader.connectors._sql_base  Connected to test_user@localhost:3306/test_db
2026-08-24 17:26:44,526  DEBUG     eds_loader.connectors._sql_base  Table write order (FK-sorted): customers, orders
2026-08-24 17:26:44,526  DEBUG     eds_loader.connectors._sql_base  Ensuring namespace exists: CREATE DATABASE IF NOT EXISTS `test_db`
2026-08-24 17:26:44,527  DEBUG     eds_loader.connectors._sql_base  [customers] DROP TABLE IF EXISTS `test_db`.`customers`
2026-08-24 17:26:44,527  DEBUG     eds_loader.connectors._sql_base  [customers] CREATE TABLE `test_db`.`customers` (
    `customer_id` BIGINT PRIMARY KEY,
    `name` TEXT
)
2026-08-24 17:26:44,527  DEBUG     eds_loader.connectors._sql_base  [customers] inserting 2 row(s)
2026-08-24 17:26:44,527  INFO      eds_loader.connectors._sql_base  [customers] wrote 2 row(s) in 0.00s
2026-08-24 17:26:44,527  DEBUG     eds_loader.connectors._sql_base  [orders] DROP TABLE IF EXISTS `test_db`.`orders`
2026-08-24 17:26:44,527  DEBUG     eds_loader.connectors._sql_base  [orders] CREATE TABLE `test_db`.`orders` (
    `order_id` BIGINT PRIMARY KEY,
    `customer_id` BIGINT NOT NULL REFERENCES `test_db`.`customers`(`customer_id`)
)
2026-08-24 17:26:44,527  DEBUG     eds_loader.connectors._sql_base  [orders] inserting 1 row(s)
2026-08-24 17:26:44,528  INFO      eds_loader.connectors._sql_base  [orders] wrote 1 row(s) in 0.00s
2026-08-24 17:26:44,544  DEBUG     eds_loader.connectors.local_fs  Reading schema.json from C:\Users\Mohit Patel\AppData\Local\Temp\pytest-of-spmohit\pytest-28\test_integration_local_fs_to_m1\source\schema.json
2026-08-24 17:26:44,545  DEBUG     eds_loader.connectors.local_fs  schema.json parsed: 2 dataset(s)
2026-08-24 17:26:44,547  INFO      eds_loader.connectors.local_fs  Read customers: 2 row(s) from C:\Users\Mohit Patel\AppData\Local\Temp\pytest-of-spmohit\pytest-28\test_integration_local_fs_to_m1\source\customers.parquet
2026-08-24 17:26:44,549  INFO      eds_loader.connectors.local_fs  Read orders: 1 row(s) from C:\Users\Mohit Patel\AppData\Local\Temp\pytest-of-spmohit\pytest-28\test_integration_local_fs_to_m1\source\orders.parquet
2026-08-24 17:26:44,549  INFO      eds_loader.loader  Read 2 dataset(s) from source
2026-08-24 17:26:44,550  INFO      eds_loader.connectors._sql_base  Connected to test_user@localhost:3306/test_db
2026-08-24 17:26:44,550  DEBUG     eds_loader.connectors._sql_base  Table write order (FK-sorted): customers, orders
2026-08-24 17:26:44,550  DEBUG     eds_loader.connectors._sql_base  Ensuring namespace exists: CREATE DATABASE IF NOT EXISTS `test_db`
2026-08-24 17:26:44,550  DEBUG     eds_loader.connectors._sql_base  [customers] DROP TABLE IF EXISTS `test_db`.`customers`
2026-08-24 17:26:44,550  DEBUG     eds_loader.connectors._sql_base  [customers] CREATE TABLE `test_db`.`customers` (
    `customer_id` BIGINT PRIMARY KEY,
    `name` TEXT
)
2026-08-24 17:26:44,550  DEBUG     eds_loader.connectors._sql_base  [customers] inserting 2 row(s)
2026-08-24 17:26:44,550  INFO      eds_loader.connectors._sql_base  [customers] wrote 2 row(s) in 0.00s
2026-08-24 17:26:44,550  DEBUG     eds_loader.connectors._sql_base  [orders] DROP TABLE IF EXISTS `test_db`.`orders`
2026-08-24 17:26:44,551  DEBUG     eds_loader.connectors._sql_base  [orders] CREATE TABLE `test_db`.`orders` (
    `order_id` BIGINT PRIMARY KEY,
    `customer_id` BIGINT NOT NULL REFERENCES `test_db`.`customers`(`customer_id`)
)
2026-08-24 17:26:44,551  DEBUG     eds_loader.connectors._sql_base  [orders] inserting 1 row(s)
2026-08-24 17:26:44,551  INFO      eds_loader.connectors._sql_base  [orders] wrote 1 row(s) in 0.00s
2026-08-24 17:26:44,551  INFO      eds_loader.loader  Load complete: 3 row(s) written
2026-08-24 17:26:44,571  INFO      eds_loader.connectors._sql_base  Connected to test_user@localhost:5432/test_db
2026-08-24 17:26:44,571  DEBUG     eds_loader.connectors._sql_base  Ensuring namespace exists: CREATE SCHEMA IF NOT EXISTS "public"
2026-08-24 17:26:44,572  DEBUG     eds_loader.connectors._sql_base  [customers] DROP TABLE IF EXISTS "public"."customers" CASCADE
2026-08-24 17:26:44,572  DEBUG     eds_loader.connectors._sql_base  [customers] CREATE TABLE "public"."customers" (
    "customer_id" BIGINT,
    "name" TEXT
)
2026-08-24 17:26:44,572  DEBUG     eds_loader.connectors._sql_base  [customers] inserting 3 row(s)
2026-08-24 17:26:44,572  INFO      eds_loader.connectors._sql_base  [customers] wrote 3 row(s) in 0.00s
2026-08-24 17:26:44,572  DEBUG     eds_loader.connectors._sql_base  [orders] DROP TABLE IF EXISTS "public"."orders" CASCADE
2026-08-24 17:26:44,572  DEBUG     eds_loader.connectors._sql_base  [orders] CREATE TABLE "public"."orders" (
    "order_id" BIGINT,
    "customer_id" BIGINT,
    "amount" DOUBLE PRECISION
)
2026-08-24 17:26:44,572  DEBUG     eds_loader.connectors._sql_base  [orders] inserting 2 row(s)
2026-08-24 17:26:44,573  INFO      eds_loader.connectors._sql_base  [orders] wrote 2 row(s) in 0.00s
2026-08-24 17:26:44,574  INFO      eds_loader.connectors._sql_base  Connected to test_user@localhost:5432/test_db
2026-08-24 17:26:44,574  DEBUG     eds_loader.connectors._sql_base  Ensuring namespace exists: CREATE SCHEMA IF NOT EXISTS "public"
2026-08-24 17:26:44,577  DEBUG     eds_loader.connectors._sql_base  [customers] DROP TABLE IF EXISTS "public"."customers" CASCADE
2026-08-24 17:26:44,577  DEBUG     eds_loader.connectors._sql_base  [customers] CREATE TABLE "public"."customers" (
    "id" BIGINT
)
2026-08-24 17:26:44,577  DEBUG     eds_loader.connectors._sql_base  [customers] inserting 1 row(s)
2026-08-24 17:26:44,577  INFO      eds_loader.connectors._sql_base  [customers] wrote 1 row(s) in 0.00s
2026-08-24 17:26:44,579  INFO      eds_loader.connectors._sql_base  Connected to test_user@localhost:5432/test_db
2026-08-24 17:26:44,579  DEBUG     eds_loader.connectors._sql_base  Ensuring namespace exists: CREATE SCHEMA IF NOT EXISTS "public"
2026-08-24 17:26:44,579  DEBUG     eds_loader.connectors._sql_base  [tbl] DROP TABLE IF EXISTS "public"."tbl" CASCADE
2026-08-24 17:26:44,579  DEBUG     eds_loader.connectors._sql_base  [tbl] CREATE TABLE "public"."tbl" (
    "a" BIGINT
)
2026-08-24 17:26:44,579  DEBUG     eds_loader.connectors._sql_base  [tbl] inserting 1 row(s)
2026-08-24 17:26:44,579  INFO      eds_loader.connectors._sql_base  [tbl] wrote 1 row(s) in 0.00s
2026-08-24 17:26:44,581  INFO      eds_loader.connectors._sql_base  Connected to test_user@localhost:5432/test_db
2026-08-24 17:26:44,581  DEBUG     eds_loader.connectors._sql_base  Ensuring namespace exists: CREATE SCHEMA IF NOT EXISTS "public"
2026-08-24 17:26:44,581  DEBUG     eds_loader.connectors._sql_base  [data] DROP TABLE IF EXISTS "public"."data" CASCADE
2026-08-24 17:26:44,581  DEBUG     eds_loader.connectors._sql_base  [data] CREATE TABLE "public"."data" (
    "id" BIGINT,
    "val" TEXT
)
2026-08-24 17:26:44,582  DEBUG     eds_loader.connectors._sql_base  [data] inserting 3 row(s)
2026-08-24 17:26:44,582  INFO      eds_loader.connectors._sql_base  [data] wrote 3 row(s) in 0.00s
2026-08-24 17:26:44,583  INFO      eds_loader.connectors._sql_base  Connected to test_user@localhost:5432/test_db
2026-08-24 17:26:44,583  DEBUG     eds_loader.connectors._sql_base  Ensuring namespace exists: CREATE SCHEMA IF NOT EXISTS "public"
2026-08-24 17:26:44,584  DEBUG     eds_loader.connectors._sql_base  [customers] DROP TABLE IF EXISTS "public"."customers" CASCADE
2026-08-24 17:26:44,584  DEBUG     eds_loader.connectors._sql_base  [customers] CREATE TABLE "public"."customers" (
    "customer_id" BIGINT,
    "name" TEXT
)
2026-08-24 17:26:44,584  DEBUG     eds_loader.connectors._sql_base  [customers] inserting 3 row(s)
2026-08-24 17:26:44,584  INFO      eds_loader.connectors._sql_base  [customers] wrote 3 row(s) in 0.00s
2026-08-24 17:26:44,584  DEBUG     eds_loader.connectors._sql_base  [orders] DROP TABLE IF EXISTS "public"."orders" CASCADE
2026-08-24 17:26:44,584  DEBUG     eds_loader.connectors._sql_base  [orders] CREATE TABLE "public"."orders" (
    "order_id" BIGINT,
    "customer_id" BIGINT,
    "amount" DOUBLE PRECISION
)
2026-08-24 17:26:44,584  DEBUG     eds_loader.connectors._sql_base  [orders] inserting 2 row(s)
2026-08-24 17:26:44,584  INFO      eds_loader.connectors._sql_base  [orders] wrote 2 row(s) in 0.00s
2026-08-24 17:26:44,586  INFO      eds_loader.connectors._sql_base  Connected to test_user@localhost:5432/test_db
2026-08-24 17:26:44,586  DEBUG     eds_loader.connectors._sql_base  Ensuring namespace exists: CREATE SCHEMA IF NOT EXISTS "public"
2026-08-24 17:26:44,586  DEBUG     eds_loader.connectors._sql_base  [customers] DROP TABLE IF EXISTS "public"."customers" CASCADE
2026-08-24 17:26:44,586  DEBUG     eds_loader.connectors._sql_base  [customers] CREATE TABLE "public"."customers" (
    "customer_id" BIGINT,
    "name" TEXT
)
2026-08-24 17:26:44,586  DEBUG     eds_loader.connectors._sql_base  [customers] inserting 3 row(s)
2026-08-24 17:26:44,587  INFO      eds_loader.connectors._sql_base  [customers] wrote 3 row(s) in 0.00s
2026-08-24 17:26:44,587  DEBUG     eds_loader.connectors._sql_base  [orders] DROP TABLE IF EXISTS "public"."orders" CASCADE
2026-08-24 17:26:44,587  DEBUG     eds_loader.connectors._sql_base  [orders] CREATE TABLE "public"."orders" (
    "order_id" BIGINT,
    "customer_id" BIGINT,
    "amount" DOUBLE PRECISION
)
2026-08-24 17:26:44,587  DEBUG     eds_loader.connectors._sql_base  [orders] inserting 2 row(s)
2026-08-24 17:26:44,587  INFO      eds_loader.connectors._sql_base  [orders] wrote 2 row(s) in 0.00s
2026-08-24 17:26:44,588  INFO      eds_loader.connectors._sql_base  Connected to test_user@localhost:5432/test_db
2026-08-24 17:26:44,588  DEBUG     eds_loader.connectors._sql_base  Ensuring namespace exists: CREATE SCHEMA IF NOT EXISTS "public"
2026-08-24 17:26:44,589  DEBUG     eds_loader.connectors._sql_base  [customers] DROP TABLE IF EXISTS "public"."customers" CASCADE
2026-08-24 17:26:44,589  DEBUG     eds_loader.connectors._sql_base  [customers] CREATE TABLE "public"."customers" (
    "customer_id" BIGINT,
    "name" TEXT
)
2026-08-24 17:26:44,589  DEBUG     eds_loader.connectors._sql_base  [customers] inserting 3 row(s)
2026-08-24 17:26:44,589  INFO      eds_loader.connectors._sql_base  [customers] wrote 3 row(s) in 0.00s
2026-08-24 17:26:44,589  DEBUG     eds_loader.connectors._sql_base  [orders] DROP TABLE IF EXISTS "public"."orders" CASCADE
2026-08-24 17:26:44,589  DEBUG     eds_loader.connectors._sql_base  [orders] CREATE TABLE "public"."orders" (
    "order_id" BIGINT,
    "customer_id" BIGINT,
    "amount" DOUBLE PRECISION
)
2026-08-24 17:26:44,589  DEBUG     eds_loader.connectors._sql_base  [orders] inserting 2 row(s)
2026-08-24 17:26:44,589  INFO      eds_loader.connectors._sql_base  [orders] wrote 2 row(s) in 0.00s
2026-08-24 17:26:44,591  INFO      eds_loader.connectors._sql_base  Connected to test_user@dbserver:5433/mydb
2026-08-24 17:26:44,591  DEBUG     eds_loader.connectors._sql_base  Ensuring namespace exists: CREATE SCHEMA IF NOT EXISTS "public"
2026-08-24 17:26:44,591  DEBUG     eds_loader.connectors._sql_base  [tbl] DROP TABLE IF EXISTS "public"."tbl" CASCADE
2026-08-24 17:26:44,591  DEBUG     eds_loader.connectors._sql_base  [tbl] CREATE TABLE "public"."tbl" (
    "id" BIGINT
)
2026-08-24 17:26:44,591  DEBUG     eds_loader.connectors._sql_base  [tbl] inserting 1 row(s)
2026-08-24 17:26:44,592  INFO      eds_loader.connectors._sql_base  [tbl] wrote 1 row(s) in 0.00s
2026-08-24 17:26:44,593  INFO      eds_loader.connectors._sql_base  Connected to test_user@localhost:5432/test_db
2026-08-24 17:26:44,593  DEBUG     eds_loader.connectors._sql_base  Table write order (FK-sorted): customers, orders
2026-08-24 17:26:44,593  DEBUG     eds_loader.connectors._sql_base  Ensuring namespace exists: CREATE SCHEMA IF NOT EXISTS "public"
2026-08-24 17:26:44,594  DEBUG     eds_loader.connectors._sql_base  [customers] DROP TABLE IF EXISTS "public"."customers" CASCADE
2026-08-24 17:26:44,594  DEBUG     eds_loader.connectors._sql_base  [customers] CREATE TABLE "public"."customers" (
    "customer_id" BIGINT PRIMARY KEY,
    "name" TEXT UNIQUE
)
2026-08-24 17:26:44,594  DEBUG     eds_loader.connectors._sql_base  [customers] inserting 3 row(s)
2026-08-24 17:26:44,594  INFO      eds_loader.connectors._sql_base  [customers] wrote 3 row(s) in 0.00s
2026-08-24 17:26:44,594  DEBUG     eds_loader.connectors._sql_base  [orders] DROP TABLE IF EXISTS "public"."orders" CASCADE
2026-08-24 17:26:44,594  DEBUG     eds_loader.connectors._sql_base  [orders] CREATE TABLE "public"."orders" (
    "order_id" BIGINT PRIMARY KEY,
    "customer_id" BIGINT NOT NULL REFERENCES "public"."customers"("customer_id"),
    "amount" DOUBLE PRECISION
)
2026-08-24 17:26:44,594  DEBUG     eds_loader.connectors._sql_base  [orders] inserting 2 row(s)
2026-08-24 17:26:44,595  INFO      eds_loader.connectors._sql_base  [orders] wrote 2 row(s) in 0.00s
2026-08-24 17:26:44,596  INFO      eds_loader.connectors._sql_base  Connected to test_user@localhost:5432/test_db
2026-08-24 17:26:44,596  DEBUG     eds_loader.connectors._sql_base  Table write order (FK-sorted): customers, orders
2026-08-24 17:26:44,596  DEBUG     eds_loader.connectors._sql_base  Ensuring namespace exists: CREATE SCHEMA IF NOT EXISTS "public"
2026-08-24 17:26:44,596  DEBUG     eds_loader.connectors._sql_base  [customers] DROP TABLE IF EXISTS "public"."customers" CASCADE
2026-08-24 17:26:44,596  DEBUG     eds_loader.connectors._sql_base  [customers] CREATE TABLE "public"."customers" (
    "customer_id" BIGINT PRIMARY KEY,
    "name" TEXT UNIQUE
)
2026-08-24 17:26:44,597  DEBUG     eds_loader.connectors._sql_base  [customers] inserting 3 row(s)
2026-08-24 17:26:44,597  INFO      eds_loader.connectors._sql_base  [customers] wrote 3 row(s) in 0.00s
2026-08-24 17:26:44,597  DEBUG     eds_loader.connectors._sql_base  [orders] DROP TABLE IF EXISTS "public"."orders" CASCADE
2026-08-24 17:26:44,597  DEBUG     eds_loader.connectors._sql_base  [orders] CREATE TABLE "public"."orders" (
    "order_id" BIGINT PRIMARY KEY,
    "customer_id" BIGINT NOT NULL REFERENCES "public"."customers"("customer_id"),
    "amount" DOUBLE PRECISION
)
2026-08-24 17:26:44,597  DEBUG     eds_loader.connectors._sql_base  [orders] inserting 2 row(s)
2026-08-24 17:26:44,597  INFO      eds_loader.connectors._sql_base  [orders] wrote 2 row(s) in 0.00s
2026-08-24 17:26:44,599  INFO      eds_loader.connectors._sql_base  Connected to test_user@localhost:5432/test_db
2026-08-24 17:26:44,599  DEBUG     eds_loader.connectors._sql_base  Ensuring namespace exists: CREATE SCHEMA IF NOT EXISTS "public"
2026-08-24 17:26:44,599  DEBUG     eds_loader.connectors._sql_base  [empty] DROP TABLE IF EXISTS "public"."empty" CASCADE
2026-08-24 17:26:44,599  DEBUG     eds_loader.connectors._sql_base  [empty] CREATE TABLE "public"."empty" (
    "id" BIGINT
)
2026-08-24 17:26:44,599  DEBUG     eds_loader.connectors._sql_base  [empty] inserting 0 row(s)
2026-08-24 17:26:44,599  INFO      eds_loader.connectors._sql_base  [empty] wrote 0 row(s) in 0.00s
2026-08-24 17:26:44,601  INFO      eds_loader.connectors._sql_base  Connected to test_user@localhost:5432/test_db
2026-08-24 17:26:44,601  DEBUG     eds_loader.connectors._sql_base  Ensuring namespace exists: CREATE SCHEMA IF NOT EXISTS "public"
2026-08-24 17:26:44,601  DEBUG     eds_loader.connectors._sql_base  [tbl] DROP TABLE IF EXISTS "public"."tbl" CASCADE
2026-08-24 17:26:44,601  DEBUG     eds_loader.connectors._sql_base  [tbl] CREATE TABLE "public"."tbl" (
    "id" BIGINT
)
2026-08-24 17:26:44,601  ERROR     eds_loader.connectors._sql_base  [tbl] write failed: DB error
2026-08-24 17:26:44,603  INFO      eds_loader.connectors._sql_base  Connected to test_user@localhost:5432/test_db
2026-08-24 17:26:44,603  DEBUG     eds_loader.connectors._sql_base  Ensuring namespace exists: CREATE SCHEMA IF NOT EXISTS "public"
2026-08-24 17:26:44,603  DEBUG     eds_loader.connectors._sql_base  [tbl] DROP TABLE IF EXISTS "public"."tbl" CASCADE
2026-08-24 17:26:44,603  DEBUG     eds_loader.connectors._sql_base  [tbl] CREATE TABLE "public"."tbl" (
    "id" BIGINT
)
2026-08-24 17:26:44,603  ERROR     eds_loader.connectors._sql_base  [tbl] write failed: oops
2026-08-24 17:26:44,618  DEBUG     eds_loader.connectors.local_fs  Reading schema.json from C:\Users\Mohit Patel\AppData\Local\Temp\pytest-of-spmohit\pytest-28\test_integration_local_fs_to_p0\source\schema.json
2026-08-24 17:26:44,637  DEBUG     eds_loader.connectors.local_fs  schema.json parsed: 2 dataset(s)
2026-08-24 17:26:44,639  INFO      eds_loader.connectors.local_fs  Read customers: 3 row(s) from C:\Users\Mohit Patel\AppData\Local\Temp\pytest-of-spmohit\pytest-28\test_integration_local_fs_to_p0\source\customers.parquet
2026-08-24 17:26:44,641  INFO      eds_loader.connectors.local_fs  Read orders: 2 row(s) from C:\Users\Mohit Patel\AppData\Local\Temp\pytest-of-spmohit\pytest-28\test_integration_local_fs_to_p0\source\orders.parquet
2026-08-24 17:26:44,641  INFO      eds_loader.loader  Read 2 dataset(s) from source
2026-08-24 17:26:44,641  INFO      eds_loader.connectors._sql_base  Connected to test_user@localhost:5432/test_db
2026-08-24 17:26:44,641  DEBUG     eds_loader.connectors._sql_base  Table write order (FK-sorted): customers, orders
2026-08-24 17:26:44,641  DEBUG     eds_loader.connectors._sql_base  Ensuring namespace exists: CREATE SCHEMA IF NOT EXISTS "public"
2026-08-24 17:26:44,642  DEBUG     eds_loader.connectors._sql_base  [customers] DROP TABLE IF EXISTS "public"."customers" CASCADE
2026-08-24 17:26:44,643  DEBUG     eds_loader.connectors._sql_base  [customers] CREATE TABLE "public"."customers" (
    "customer_id" BIGINT PRIMARY KEY,
    "name" TEXT UNIQUE
)
2026-08-24 17:26:44,643  DEBUG     eds_loader.connectors._sql_base  [customers] inserting 3 row(s)
2026-08-24 17:26:44,643  INFO      eds_loader.connectors._sql_base  [customers] wrote 3 row(s) in 0.00s
2026-08-24 17:26:44,643  DEBUG     eds_loader.connectors._sql_base  [orders] DROP TABLE IF EXISTS "public"."orders" CASCADE
2026-08-24 17:26:44,643  DEBUG     eds_loader.connectors._sql_base  [orders] CREATE TABLE "public"."orders" (
    "order_id" BIGINT PRIMARY KEY,
    "customer_id" BIGINT NOT NULL REFERENCES "public"."customers"("customer_id"),
    "amount" DOUBLE PRECISION
)
2026-08-24 17:26:44,643  DEBUG     eds_loader.connectors._sql_base  [orders] inserting 2 row(s)
2026-08-24 17:26:44,643  INFO      eds_loader.connectors._sql_base  [orders] wrote 2 row(s) in 0.00s
2026-08-24 17:26:44,644  INFO      eds_loader.loader  Load complete: 5 row(s) written
2026-08-24 17:26:44,653  DEBUG     eds_loader.connectors.local_fs  Reading schema.json from C:\Users\Mohit Patel\AppData\Local\Temp\pytest-of-spmohit\pytest-28\test_integration_enforce_false1\source2\schema.json
2026-08-24 17:26:44,654  DEBUG     eds_loader.connectors.local_fs  schema.json parsed: 2 dataset(s)
2026-08-24 17:26:44,656  INFO      eds_loader.connectors.local_fs  Read customers: 3 row(s) from C:\Users\Mohit Patel\AppData\Local\Temp\pytest-of-spmohit\pytest-28\test_integration_enforce_false1\source2\customers.parquet
2026-08-24 17:26:44,658  INFO      eds_loader.connectors.local_fs  Read orders: 2 row(s) from C:\Users\Mohit Patel\AppData\Local\Temp\pytest-of-spmohit\pytest-28\test_integration_enforce_false1\source2\orders.parquet
2026-08-24 17:26:44,658  INFO      eds_loader.loader  Read 2 dataset(s) from source
2026-08-24 17:26:44,659  INFO      eds_loader.connectors._sql_base  Connected to test_user@localhost:5432/test_db
2026-08-24 17:26:44,659  DEBUG     eds_loader.connectors._sql_base  Ensuring namespace exists: CREATE SCHEMA IF NOT EXISTS "public"
2026-08-24 17:26:44,659  DEBUG     eds_loader.connectors._sql_base  [customers] DROP TABLE IF EXISTS "public"."customers" CASCADE
2026-08-24 17:26:44,659  DEBUG     eds_loader.connectors._sql_base  [customers] CREATE TABLE "public"."customers" (
    "customer_id" BIGINT,
    "name" TEXT
)
2026-08-24 17:26:44,659  DEBUG     eds_loader.connectors._sql_base  [customers] inserting 3 row(s)
2026-08-24 17:26:44,659  INFO      eds_loader.connectors._sql_base  [customers] wrote 3 row(s) in 0.00s
2026-08-24 17:26:44,660  DEBUG     eds_loader.connectors._sql_base  [orders] DROP TABLE IF EXISTS "public"."orders" CASCADE
2026-08-24 17:26:44,660  DEBUG     eds_loader.connectors._sql_base  [orders] CREATE TABLE "public"."orders" (
    "order_id" BIGINT,
    "customer_id" BIGINT,
    "amount" DOUBLE PRECISION
)
2026-08-24 17:26:44,660  DEBUG     eds_loader.connectors._sql_base  [orders] inserting 2 row(s)
2026-08-24 17:26:44,660  INFO      eds_loader.connectors._sql_base  [orders] wrote 2 row(s) in 0.00s
2026-08-24 17:26:44,660  INFO      eds_loader.loader  Load complete: 5 row(s) written
2026-08-24 17:26:44,674  INFO      eds_loader.connectors.remote_fs  Connected to SFTP testuser@test.example.com:22
2026-08-24 17:26:44,676  INFO      eds_loader.connectors.remote_fs  Connected to SFTP testuser@test.example.com:22
2026-08-24 17:26:44,747  INFO      eds_loader.connectors.remote_fs  Connected to SFTP testuser@test.example.com:22
2026-08-24 17:26:44,758  DEBUG     eds_loader.connectors.remote_fs  Listing remote directory: /data/eds
2026-08-24 17:26:44,758  DEBUG     eds_loader.connectors.remote_fs  Found 2 .parquet file(s) in /data/eds
2026-08-24 17:26:44,759  INFO      eds_loader.connectors.remote_fs  Downloaded customers: 2 row(s) from /data/eds/customers.parquet
2026-08-24 17:26:44,760  INFO      eds_loader.connectors.remote_fs  Downloaded orders: 1 row(s) from /data/eds/orders.parquet
2026-08-24 17:26:44,763  DEBUG     eds_loader.connectors.remote_fs  Listing remote directory: /data/eds
2026-08-24 17:26:44,763  DEBUG     eds_loader.connectors.remote_fs  Found 1 .parquet file(s) in /data/eds
2026-08-24 17:26:44,763  INFO      eds_loader.connectors.remote_fs  Downloaded data: 1 row(s) from /data/eds/data.parquet
2026-08-24 17:26:44,765  DEBUG     eds_loader.connectors.remote_fs  Listing remote directory: /data/eds
2026-08-24 17:26:44,767  INFO      eds_loader.connectors.remote_fs  Downloaded customers: 2 row(s) from /data/eds/customers.parquet
2026-08-24 17:26:44,770  INFO      eds_loader.connectors.remote_fs  Downloaded my_table: 3 row(s) from /data/eds/my_table.parquet
2026-08-24 17:26:44,803  DEBUG     eds_loader.connectors.remote_fs  Listing remote directory: /data/eds
2026-08-24 17:26:44,803  DEBUG     eds_loader.connectors.remote_fs  Found 0 .parquet file(s) in /data/eds
2026-08-24 17:26:44,814  INFO      eds_loader.connectors.remote_fs  Downloaded customers: 2 row(s) from /data/eds/customers.parquet
2026-08-24 17:26:44,815  INFO      eds_loader.connectors.remote_fs  Downloaded orders: 1 row(s) from /data/eds/orders.parquet
2026-08-24 17:26:44,815  INFO      eds_loader.loader  Read 2 dataset(s) from source
2026-08-24 17:26:44,817  INFO      eds_loader.connectors.local_fs  Wrote customers: 2 row(s) to C:\Users\Mohit Patel\AppData\Local\Temp\pytest-of-spmohit\pytest-28\test_integration_remote_fs_sou0\remote_to_local_target\customers.parquet
2026-08-24 17:26:44,818  INFO      eds_loader.connectors.local_fs  Wrote orders: 1 row(s) to C:\Users\Mohit Patel\AppData\Local\Temp\pytest-of-spmohit\pytest-28\test_integration_remote_fs_sou0\remote_to_local_target\orders.parquet
2026-08-24 17:26:44,819  DEBUG     eds_loader.connectors.local_fs  Merging schema.json at target
2026-08-24 17:26:44,819  INFO      eds_loader.loader  Load complete: 3 row(s) written
2026-08-24 17:26:44,825  INFO      eds_loader.connectors.remote_fs  Downloaded customers: 2 row(s) from /data/eds/customers.parquet
2026-08-24 17:26:44,825  INFO      eds_loader.loader  Read 1 dataset(s) from source
2026-08-24 17:26:44,827  INFO      eds_loader.connectors.local_fs  Wrote customers: 2 row(s) to C:\Users\Mohit Patel\AppData\Local\Temp\pytest-of-spmohit\pytest-28\test_integration_table_subset_1\subset_target\customers.parquet
2026-08-24 17:26:44,827  DEBUG     eds_loader.connectors.local_fs  Merging schema.json at target
2026-08-24 17:26:44,828  INFO      eds_loader.loader  Load complete: 2 row(s) written
2026-08-24 17:26:44,879  INFO      eds_loader.loader  Read 2 dataset(s) from source
2026-08-24 17:26:44,881  INFO      eds_loader.connectors.local_fs  Wrote customers: 2 row(s) to C:\Users\Mohit Patel\AppData\Local\Temp\pytest-of-spmohit\pytest-28\test_integration_s3_source_via0\target\customers.parquet
2026-08-24 17:26:44,883  INFO      eds_loader.connectors.local_fs  Wrote orders: 1 row(s) to C:\Users\Mohit Patel\AppData\Local\Temp\pytest-of-spmohit\pytest-28\test_integration_s3_source_via0\target\orders.parquet
2026-08-24 17:26:44,883  DEBUG     eds_loader.connectors.local_fs  Merging schema.json at target
2026-08-24 17:26:44,883  INFO      eds_loader.loader  Load complete: 3 row(s) written
2026-08-24 17:26:44,900  INFO      eds_loader.connectors._sql_base  Connected to testuser@testhost:9999/testdb
2026-08-24 17:26:44,900  DEBUG     eds_loader.connectors._sql_base  Ensuring namespace exists: CREATE DATABASE IF NOT EXISTS [testdb]
2026-08-24 17:26:44,901  DEBUG     eds_loader.connectors._sql_base  [t] DROP TABLE IF EXISTS [testdb].[t]
2026-08-24 17:26:44,902  DEBUG     eds_loader.connectors._sql_base  [t] CREATE TABLE [testdb].[t] (
    [id] INT
)
2026-08-24 17:26:44,902  DEBUG     eds_loader.connectors._sql_base  [t] inserting 1 row(s)
2026-08-24 17:26:44,902  INFO      eds_loader.connectors._sql_base  [t] wrote 1 row(s) in 0.00s
2026-08-24 17:26:44,903  INFO      eds_loader.connectors._sql_base  Connected to testuser@testhost:9999/testdb
2026-08-24 17:26:44,904  DEBUG     eds_loader.connectors._sql_base  [t] DROP TABLE IF EXISTS [testdb].[t]
2026-08-24 17:26:44,905  DEBUG     eds_loader.connectors._sql_base  [t] CREATE TABLE [testdb].[t] (
    [id] INT
)
2026-08-24 17:26:44,905  DEBUG     eds_loader.connectors._sql_base  [t] inserting 1 row(s)
2026-08-24 17:26:44,905  INFO      eds_loader.connectors._sql_base  [t] wrote 1 row(s) in 0.00s
2026-08-24 17:26:44,907  INFO      eds_loader.connectors._sql_base  Connected to testuser@testhost:9999/testdb
2026-08-24 17:26:44,908  DEBUG     eds_loader.connectors._sql_base  [t] DROP TABLE IF EXISTS [testdb].[t]
2026-08-24 17:26:44,908  ERROR     eds_loader.connectors._sql_base  [t] write failed: DB down
2026-08-24 17:26:44,910  INFO      eds_loader.connectors._sql_base  Connected to testuser@testhost:9999/testdb
2026-08-24 17:26:44,910  DEBUG     eds_loader.connectors._sql_base  [a] DROP TABLE IF EXISTS [testdb].[a]
2026-08-24 17:26:44,911  DEBUG     eds_loader.connectors._sql_base  [a] CREATE TABLE [testdb].[a] (
    [id] INT
)
2026-08-24 17:26:44,911  DEBUG     eds_loader.connectors._sql_base  [a] inserting 1 row(s)
2026-08-24 17:26:44,911  INFO      eds_loader.connectors._sql_base  [a] wrote 1 row(s) in 0.00s
2026-08-24 17:26:44,911  DEBUG     eds_loader.connectors._sql_base  [b] DROP TABLE IF EXISTS [testdb].[b]
2026-08-24 17:26:44,912  DEBUG     eds_loader.connectors._sql_base  [b] CREATE TABLE [testdb].[b] (
    [id] INT
)
2026-08-24 17:26:44,912  DEBUG     eds_loader.connectors._sql_base  [b] inserting 1 row(s)
2026-08-24 17:26:44,912  INFO      eds_loader.connectors._sql_base  [b] wrote 1 row(s) in 0.00s
2026-08-24 17:26:44,913  INFO      eds_loader.connectors._sql_base  Connected to testuser@testhost:9999/testdb
2026-08-24 17:26:44,914  DEBUG     eds_loader.connectors._sql_base  [z] DROP TABLE IF EXISTS [testdb].[z]
2026-08-24 17:26:44,914  DEBUG     eds_loader.connectors._sql_base  [z] CREATE TABLE [testdb].[z] (
    [id] INT
)
2026-08-24 17:26:44,914  DEBUG     eds_loader.connectors._sql_base  [z] inserting 1 row(s)
2026-08-24 17:26:44,915  INFO      eds_loader.connectors._sql_base  [z] wrote 1 row(s) in 0.00s
2026-08-24 17:26:44,915  DEBUG     eds_loader.connectors._sql_base  [a] DROP TABLE IF EXISTS [testdb].[a]
2026-08-24 17:26:44,915  DEBUG     eds_loader.connectors._sql_base  [a] CREATE TABLE [testdb].[a] (
    [id] INT
)
2026-08-24 17:26:44,915  DEBUG     eds_loader.connectors._sql_base  [a] inserting 1 row(s)
2026-08-24 17:26:44,915  INFO      eds_loader.connectors._sql_base  [a] wrote 1 row(s) in 0.00s
2026-08-24 17:26:44,917  INFO      eds_loader.connectors._sql_base  Connected to testuser@testhost:9999/testdb
2026-08-24 17:26:44,918  DEBUG     eds_loader.connectors._sql_base  [tbl] DROP TABLE IF EXISTS [testdb].[tbl]
2026-08-24 17:26:44,918  DEBUG     eds_loader.connectors._sql_base  [tbl] CREATE TABLE [testdb].[tbl] (
    [id] INT
)
2026-08-24 17:26:44,918  DEBUG     eds_loader.connectors._sql_base  [tbl] inserting 1 row(s)
2026-08-24 17:26:44,918  INFO      eds_loader.connectors._sql_base  [tbl] wrote 1 row(s) in 0.00s
2026-08-24 17:26:44,919  INFO      eds_loader.connectors._sql_base  Connected to testuser@testhost:9999/testdb
2026-08-24 17:26:44,923  DEBUG     eds_loader.connectors._sql_base  [t] DROP TABLE IF EXISTS [testdb].[t]
2026-08-24 17:26:44,923  DEBUG     eds_loader.connectors._sql_base  [t] CREATE TABLE [testdb].[t] (
    [id] INT
)
2026-08-24 17:26:44,923  DEBUG     eds_loader.connectors._sql_base  [t] inserting 3 row(s)
2026-08-24 17:26:44,924  INFO      eds_loader.connectors._sql_base  [t] wrote 3 row(s) in 0.00s
2026-08-24 17:26:44,926  INFO      eds_loader.connectors._sql_base  Connected to testuser@testhost:9999/testdb
2026-08-24 17:26:44,927  DEBUG     eds_loader.connectors._sql_base  [t] DROP TABLE IF EXISTS [testdb].[t]
2026-08-24 17:26:44,927  DEBUG     eds_loader.connectors._sql_base  [t] CREATE TABLE [testdb].[t] (
    [id] INT
)
2026-08-24 17:26:44,928  ERROR     eds_loader.connectors._sql_base  [t] write failed: syntax error
2026-08-24 17:26:44,929  INFO      eds_loader.connectors._sql_base  Connected to testuser@testhost:9999/testdb
2026-08-24 17:26:44,930  DEBUG     eds_loader.connectors._sql_base  [t] DROP TABLE IF EXISTS [testdb].[t]
2026-08-24 17:26:44,930  DEBUG     eds_loader.connectors._sql_base  [t] CREATE TABLE [testdb].[t] (
    [id] INT
)
2026-08-24 17:26:44,930  ERROR     eds_loader.connectors._sql_base  [t] write failed: oops
2026-08-24 17:27:35,093  INFO      eds_loader.cli.main  eds-loader run invoked (config=C:\Users\Mohit Patel\AppData\Local\Temp\pytest-of-spmohit\pytest-29\test_run_exits_zero_on_success0\loader.yaml, dry_run=False)
2026-08-24 17:27:35,115  INFO      eds_loader.cli.main  Config loaded: source=local_fs target=local_fs tables=(all) enforce_constraints=True schema_required=True
2026-08-24 17:27:35,115  DEBUG     eds_loader.connectors.local_fs  Reading schema.json from C:\Users\Mohit Patel\AppData\Local\Temp\pytest-of-spmohit\pytest-29\test_run_exits_zero_on_success0\source\schema.json
2026-08-24 17:27:35,117  DEBUG     eds_loader.connectors.local_fs  schema.json parsed: 2 dataset(s)
2026-08-24 17:27:35,120  INFO      eds_loader.connectors.local_fs  Read customers: 3 row(s) from C:\Users\Mohit Patel\AppData\Local\Temp\pytest-of-spmohit\pytest-29\test_run_exits_zero_on_success0\source\customers.parquet
2026-08-24 17:27:35,123  INFO      eds_loader.connectors.local_fs  Read orders: 2 row(s) from C:\Users\Mohit Patel\AppData\Local\Temp\pytest-of-spmohit\pytest-29\test_run_exits_zero_on_success0\source\orders.parquet
2026-08-24 17:27:35,123  INFO      eds_loader.loader  Read 2 dataset(s) from source
2026-08-24 17:27:35,124  INFO      eds_loader.connectors.local_fs  Wrote customers: 3 row(s) to C:\Users\Mohit Patel\AppData\Local\Temp\pytest-of-spmohit\pytest-29\test_run_exits_zero_on_success0\target\customers.parquet
2026-08-24 17:27:35,125  INFO      eds_loader.connectors.local_fs  Wrote orders: 2 row(s) to C:\Users\Mohit Patel\AppData\Local\Temp\pytest-of-spmohit\pytest-29\test_run_exits_zero_on_success0\target\orders.parquet
2026-08-24 17:27:35,125  DEBUG     eds_loader.connectors.local_fs  Merging schema.json at target
2026-08-24 17:27:35,126  INFO      eds_loader.loader  Load complete: 5 row(s) written
2026-08-24 17:27:35,126  INFO      eds_loader.cli.main  Run complete: 5 row(s) across 2 table(s) in 0.0s
2026-08-24 17:27:35,136  INFO      eds_loader.cli.main  eds-loader run invoked (config=C:\Users\Mohit Patel\AppData\Local\Temp\pytest-of-spmohit\pytest-29\test_run_prints_table_with_row0\loader.yaml, dry_run=False)
2026-08-24 17:27:35,155  INFO      eds_loader.cli.main  Config loaded: source=local_fs target=local_fs tables=(all) enforce_constraints=True schema_required=True
2026-08-24 17:27:35,156  DEBUG     eds_loader.connectors.local_fs  Reading schema.json from C:\Users\Mohit Patel\AppData\Local\Temp\pytest-of-spmohit\pytest-29\test_run_prints_table_with_row0\source\schema.json
2026-08-24 17:27:35,157  DEBUG     eds_loader.connectors.local_fs  schema.json parsed: 2 dataset(s)
2026-08-24 17:27:35,160  INFO      eds_loader.connectors.local_fs  Read customers: 3 row(s) from C:\Users\Mohit Patel\AppData\Local\Temp\pytest-of-spmohit\pytest-29\test_run_prints_table_with_row0\source\customers.parquet
2026-08-24 17:27:35,162  INFO      eds_loader.connectors.local_fs  Read orders: 2 row(s) from C:\Users\Mohit Patel\AppData\Local\Temp\pytest-of-spmohit\pytest-29\test_run_prints_table_with_row0\source\orders.parquet
2026-08-24 17:27:35,162  INFO      eds_loader.loader  Read 2 dataset(s) from source
2026-08-24 17:27:35,163  INFO      eds_loader.connectors.local_fs  Wrote customers: 3 row(s) to C:\Users\Mohit Patel\AppData\Local\Temp\pytest-of-spmohit\pytest-29\test_run_prints_table_with_row0\target\customers.parquet
2026-08-24 17:27:35,164  INFO      eds_loader.connectors.local_fs  Wrote orders: 2 row(s) to C:\Users\Mohit Patel\AppData\Local\Temp\pytest-of-spmohit\pytest-29\test_run_prints_table_with_row0\target\orders.parquet
2026-08-24 17:27:35,164  DEBUG     eds_loader.connectors.local_fs  Merging schema.json at target
2026-08-24 17:27:35,165  INFO      eds_loader.loader  Load complete: 5 row(s) written
2026-08-24 17:27:35,165  INFO      eds_loader.cli.main  Run complete: 5 row(s) across 2 table(s) in 0.0s
2026-08-24 17:27:35,176  INFO      eds_loader.cli.main  eds-loader run invoked (config=C:\Users\Mohit Patel\AppData\Local\Temp\pytest-of-spmohit\pytest-29\test_run_prints_timing_in_seco0\loader.yaml, dry_run=False)
2026-08-24 17:27:35,195  INFO      eds_loader.cli.main  Config loaded: source=local_fs target=local_fs tables=(all) enforce_constraints=True schema_required=True
2026-08-24 17:27:35,195  DEBUG     eds_loader.connectors.local_fs  Reading schema.json from C:\Users\Mohit Patel\AppData\Local\Temp\pytest-of-spmohit\pytest-29\test_run_prints_timing_in_seco0\source\schema.json
2026-08-24 17:27:35,201  DEBUG     eds_loader.connectors.local_fs  schema.json parsed: 2 dataset(s)
2026-08-24 17:27:35,203  INFO      eds_loader.connectors.local_fs  Read customers: 3 row(s) from C:\Users\Mohit Patel\AppData\Local\Temp\pytest-of-spmohit\pytest-29\test_run_prints_timing_in_seco0\source\customers.parquet
2026-08-24 17:27:35,207  INFO      eds_loader.connectors.local_fs  Read orders: 2 row(s) from C:\Users\Mohit Patel\AppData\Local\Temp\pytest-of-spmohit\pytest-29\test_run_prints_timing_in_seco0\source\orders.parquet
2026-08-24 17:27:35,207  INFO      eds_loader.loader  Read 2 dataset(s) from source
2026-08-24 17:27:35,208  INFO      eds_loader.connectors.local_fs  Wrote customers: 3 row(s) to C:\Users\Mohit Patel\AppData\Local\Temp\pytest-of-spmohit\pytest-29\test_run_prints_timing_in_seco0\target\customers.parquet
2026-08-24 17:27:35,209  INFO      eds_loader.connectors.local_fs  Wrote orders: 2 row(s) to C:\Users\Mohit Patel\AppData\Local\Temp\pytest-of-spmohit\pytest-29\test_run_prints_timing_in_seco0\target\orders.parquet
2026-08-24 17:27:35,209  DEBUG     eds_loader.connectors.local_fs  Merging schema.json at target
2026-08-24 17:27:35,210  INFO      eds_loader.loader  Load complete: 5 row(s) written
2026-08-24 17:27:35,210  INFO      eds_loader.cli.main  Run complete: 5 row(s) across 2 table(s) in 0.0s
2026-08-24 17:27:35,222  INFO      eds_loader.cli.main  eds-loader run invoked (config=C:\Users\Mohit Patel\AppData\Local\Temp\pytest-of-spmohit\pytest-29\test_run_table_has_location_co0\loader.yaml, dry_run=False)
2026-08-24 17:27:35,238  INFO      eds_loader.cli.main  Config loaded: source=local_fs target=local_fs tables=(all) enforce_constraints=True schema_required=True
2026-08-24 17:27:35,239  DEBUG     eds_loader.connectors.local_fs  Reading schema.json from C:\Users\Mohit Patel\AppData\Local\Temp\pytest-of-spmohit\pytest-29\test_run_table_has_location_co0\source\schema.json
2026-08-24 17:27:35,240  DEBUG     eds_loader.connectors.local_fs  schema.json parsed: 2 dataset(s)
2026-08-24 17:27:35,242  INFO      eds_loader.connectors.local_fs  Read customers: 3 row(s) from C:\Users\Mohit Patel\AppData\Local\Temp\pytest-of-spmohit\pytest-29\test_run_table_has_location_co0\source\customers.parquet
2026-08-24 17:27:35,244  INFO      eds_loader.connectors.local_fs  Read orders: 2 row(s) from C:\Users\Mohit Patel\AppData\Local\Temp\pytest-of-spmohit\pytest-29\test_run_table_has_location_co0\source\orders.parquet
2026-08-24 17:27:35,244  INFO      eds_loader.loader  Read 2 dataset(s) from source
2026-08-24 17:27:35,245  INFO      eds_loader.connectors.local_fs  Wrote customers: 3 row(s) to C:\Users\Mohit Patel\AppData\Local\Temp\pytest-of-spmohit\pytest-29\test_run_table_has_location_co0\target\customers.parquet
2026-08-24 17:27:35,247  INFO      eds_loader.connectors.local_fs  Wrote orders: 2 row(s) to C:\Users\Mohit Patel\AppData\Local\Temp\pytest-of-spmohit\pytest-29\test_run_table_has_location_co0\target\orders.parquet
2026-08-24 17:27:35,247  DEBUG     eds_loader.connectors.local_fs  Merging schema.json at target
2026-08-24 17:27:35,247  INFO      eds_loader.loader  Load complete: 5 row(s) written
2026-08-24 17:27:35,247  INFO      eds_loader.cli.main  Run complete: 5 row(s) across 2 table(s) in 0.0s
2026-08-24 17:27:35,255  INFO      eds_loader.cli.main  eds-loader run invoked (config=C:\Users\Mohit Patel\AppData\Local\Temp\pytest-of-spmohit\pytest-29\test_run_missing_config_exits_0\nope.yaml, dry_run=False)
2026-08-24 17:27:35,255  ERROR     eds_loader.cli.main  Config parse failed: Config file not found: C:\Users\Mohit Patel\AppData\Local\Temp\pytest-of-spmohit\pytest-29\test_run_missing_config_exits_0\nope.yaml
2026-08-24 17:27:35,263  INFO      eds_loader.cli.main  eds-loader run invoked (config=C:\Users\Mohit Patel\AppData\Local\Temp\pytest-of-spmohit\pytest-29\test_run_invalid_yaml_exits_20\loader.yaml, dry_run=False)
2026-08-24 17:27:35,265  ERROR     eds_loader.cli.main  Config parse failed: Config file C:\Users\Mohit Patel\AppData\Local\Temp\pytest-of-spmohit\pytest-29\test_run_invalid_yaml_exits_20\loader.yaml is not valid YAML: while parsing a flow sequence
  in "<unicode string>", line 1, column 9:
    source: [unclosed
            ^
expected ',' or ']', but got '<stream end>'
  in "<unicode string>", line 1, column 18:
    source: [unclosed
                     ^
2026-08-24 17:27:35,275  INFO      eds_loader.cli.main  eds-loader run invoked (config=C:\Users\Mohit Patel\AppData\Local\Temp\pytest-of-spmohit\pytest-29\test_run_unknown_connector_kin0\loader.yaml, dry_run=False)
2026-08-24 17:27:35,276  INFO      eds_loader.cli.main  Config loaded: source=nosuchdb target=local_fs tables=(all) enforce_constraints=True schema_required=True
2026-08-24 17:27:35,276  ERROR     eds_loader.cli.main  Configuration error: Unknown connector kind 'nosuchdb'.
Known connectors: azure_blob, bigquery, elasticsearch, gcs, local_fs, mongodb, mssql, mysql, oracle, postgres, remote_fs, s3.
Run `eds-loader connectors` to see install status.
2026-08-24 17:27:35,287  INFO      eds_loader.cli.main  eds-loader run invoked (config=C:\Users\Mohit Patel\AppData\Local\Temp\pytest-of-spmohit\pytest-29\test_run_load_error_exits_30\loader.yaml, dry_run=False)
2026-08-24 17:27:35,305  INFO      eds_loader.cli.main  Config loaded: source=local_fs target=local_fs tables=(all) enforce_constraints=True schema_required=True
2026-08-24 17:27:35,305  ERROR     eds_loader.cli.main  Load failed after 0.0s: disk full
2026-08-24 17:27:35,315  INFO      eds_loader.cli.main  eds-loader run invoked (config=C:\Users\Mohit Patel\AppData\Local\Temp\pytest-of-spmohit\pytest-29\test_dry_run_exits_zero0\loader.yaml, dry_run=True)
2026-08-24 17:27:35,332  INFO      eds_loader.cli.main  Config loaded: source=local_fs target=local_fs tables=(all) enforce_constraints=True schema_required=True
2026-08-24 17:27:35,332  DEBUG     eds_loader.connectors.local_fs  Reading schema.json from C:\Users\Mohit Patel\AppData\Local\Temp\pytest-of-spmohit\pytest-29\test_dry_run_exits_zero0\source\schema.json
2026-08-24 17:27:35,333  DEBUG     eds_loader.connectors.local_fs  schema.json parsed: 2 dataset(s)
2026-08-24 17:27:35,333  INFO      eds_loader.cli.main  Dry-run: reading ['customers', 'orders'] dataset(s) from source
2026-08-24 17:27:35,335  INFO      eds_loader.connectors.local_fs  Read customers: 3 row(s) from C:\Users\Mohit Patel\AppData\Local\Temp\pytest-of-spmohit\pytest-29\test_dry_run_exits_zero0\source\customers.parquet
2026-08-24 17:27:35,339  INFO      eds_loader.connectors.local_fs  Read orders: 2 row(s) from C:\Users\Mohit Patel\AppData\Local\Temp\pytest-of-spmohit\pytest-29\test_dry_run_exits_zero0\source\orders.parquet
2026-08-24 17:27:35,339  INFO      eds_loader.cli.main  Dry-run complete: 5 row(s) across 2 dataset(s)
2026-08-24 17:27:35,351  INFO      eds_loader.cli.main  eds-loader run invoked (config=C:\Users\Mohit Patel\AppData\Local\Temp\pytest-of-spmohit\pytest-29\test_dry_run_shows_dataset_nam0\loader.yaml, dry_run=True)
2026-08-24 17:27:35,370  INFO      eds_loader.cli.main  Config loaded: source=local_fs target=local_fs tables=(all) enforce_constraints=True schema_required=True
2026-08-24 17:27:35,371  DEBUG     eds_loader.connectors.local_fs  Reading schema.json from C:\Users\Mohit Patel\AppData\Local\Temp\pytest-of-spmohit\pytest-29\test_dry_run_shows_dataset_nam0\source\schema.json
2026-08-24 17:27:35,372  DEBUG     eds_loader.connectors.local_fs  schema.json parsed: 2 dataset(s)
2026-08-24 17:27:35,372  INFO      eds_loader.cli.main  Dry-run: reading ['customers', 'orders'] dataset(s) from source
2026-08-24 17:27:35,374  INFO      eds_loader.connectors.local_fs  Read customers: 3 row(s) from C:\Users\Mohit Patel\AppData\Local\Temp\pytest-of-spmohit\pytest-29\test_dry_run_shows_dataset_nam0\source\customers.parquet
2026-08-24 17:27:35,375  INFO      eds_loader.connectors.local_fs  Read orders: 2 row(s) from C:\Users\Mohit Patel\AppData\Local\Temp\pytest-of-spmohit\pytest-29\test_dry_run_shows_dataset_nam0\source\orders.parquet
2026-08-24 17:27:35,376  INFO      eds_loader.cli.main  Dry-run complete: 5 row(s) across 2 dataset(s)
2026-08-24 17:27:35,387  INFO      eds_loader.cli.main  eds-loader run invoked (config=C:\Users\Mohit Patel\AppData\Local\Temp\pytest-of-spmohit\pytest-29\test_dry_run_shows_total_rows0\loader.yaml, dry_run=True)
2026-08-24 17:27:35,404  INFO      eds_loader.cli.main  Config loaded: source=local_fs target=local_fs tables=(all) enforce_constraints=True schema_required=True
2026-08-24 17:27:35,404  DEBUG     eds_loader.connectors.local_fs  Reading schema.json from C:\Users\Mohit Patel\AppData\Local\Temp\pytest-of-spmohit\pytest-29\test_dry_run_shows_total_rows0\source\schema.json
2026-08-24 17:27:35,405  DEBUG     eds_loader.connectors.local_fs  schema.json parsed: 2 dataset(s)
2026-08-24 17:27:35,405  INFO      eds_loader.cli.main  Dry-run: reading ['customers', 'orders'] dataset(s) from source
2026-08-24 17:27:35,408  INFO      eds_loader.connectors.local_fs  Read customers: 3 row(s) from C:\Users\Mohit Patel\AppData\Local\Temp\pytest-of-spmohit\pytest-29\test_dry_run_shows_total_rows0\source\customers.parquet
2026-08-24 17:27:35,410  INFO      eds_loader.connectors.local_fs  Read orders: 2 row(s) from C:\Users\Mohit Patel\AppData\Local\Temp\pytest-of-spmohit\pytest-29\test_dry_run_shows_total_rows0\source\orders.parquet
2026-08-24 17:27:35,411  INFO      eds_loader.cli.main  Dry-run complete: 5 row(s) across 2 dataset(s)
2026-08-24 17:27:35,422  INFO      eds_loader.cli.main  eds-loader run invoked (config=C:\Users\Mohit Patel\AppData\Local\Temp\pytest-of-spmohit\pytest-29\test_dry_run_does_not_write_ta0\loader.yaml, dry_run=True)
2026-08-24 17:27:35,443  INFO      eds_loader.cli.main  Config loaded: source=local_fs target=local_fs tables=(all) enforce_constraints=True schema_required=True
2026-08-24 17:27:35,444  DEBUG     eds_loader.connectors.local_fs  Reading schema.json from C:\Users\Mohit Patel\AppData\Local\Temp\pytest-of-spmohit\pytest-29\test_dry_run_does_not_write_ta0\source\schema.json
2026-08-24 17:27:35,445  DEBUG     eds_loader.connectors.local_fs  schema.json parsed: 2 dataset(s)
2026-08-24 17:27:35,445  INFO      eds_loader.cli.main  Dry-run: reading ['customers', 'orders'] dataset(s) from source
2026-08-24 17:27:35,447  INFO      eds_loader.connectors.local_fs  Read customers: 3 row(s) from C:\Users\Mohit Patel\AppData\Local\Temp\pytest-of-spmohit\pytest-29\test_dry_run_does_not_write_ta0\source\customers.parquet
2026-08-24 17:27:35,448  INFO      eds_loader.connectors.local_fs  Read orders: 2 row(s) from C:\Users\Mohit Patel\AppData\Local\Temp\pytest-of-spmohit\pytest-29\test_dry_run_does_not_write_ta0\source\orders.parquet
2026-08-24 17:27:35,449  INFO      eds_loader.cli.main  Dry-run complete: 5 row(s) across 2 dataset(s)
2026-08-24 17:27:35,458  INFO      eds_loader.cli.main  eds-loader run invoked (config=C:\Users\Mohit Patel\AppData\Local\Temp\pytest-of-spmohit\pytest-29\test_dry_run_shows_dry_run_hea0\loader.yaml, dry_run=True)
2026-08-24 17:27:35,478  INFO      eds_loader.cli.main  Config loaded: source=local_fs target=local_fs tables=(all) enforce_constraints=True schema_required=True
2026-08-24 17:27:35,478  DEBUG     eds_loader.connectors.local_fs  Reading schema.json from C:\Users\Mohit Patel\AppData\Local\Temp\pytest-of-spmohit\pytest-29\test_dry_run_shows_dry_run_hea0\source\schema.json
2026-08-24 17:27:35,480  DEBUG     eds_loader.connectors.local_fs  schema.json parsed: 2 dataset(s)
2026-08-24 17:27:35,480  INFO      eds_loader.cli.main  Dry-run: reading ['customers', 'orders'] dataset(s) from source
2026-08-24 17:27:35,482  INFO      eds_loader.connectors.local_fs  Read customers: 3 row(s) from C:\Users\Mohit Patel\AppData\Local\Temp\pytest-of-spmohit\pytest-29\test_dry_run_shows_dry_run_hea0\source\customers.parquet
2026-08-24 17:27:35,483  INFO      eds_loader.connectors.local_fs  Read orders: 2 row(s) from C:\Users\Mohit Patel\AppData\Local\Temp\pytest-of-spmohit\pytest-29\test_dry_run_shows_dry_run_hea0\source\orders.parquet
2026-08-24 17:27:35,484  INFO      eds_loader.cli.main  Dry-run complete: 5 row(s) across 2 dataset(s)
2026-08-24 17:27:35,494  INFO      eds_loader.cli.main  eds-loader run invoked (config=C:\Users\Mohit Patel\AppData\Local\Temp\pytest-of-spmohit\pytest-29\test_dry_run_source_error_exit0\loader.yaml, dry_run=True)
2026-08-24 17:27:35,508  INFO      eds_loader.cli.main  Config loaded: source=local_fs target=local_fs tables=(all) enforce_constraints=True schema_required=True
2026-08-24 17:27:35,509  ERROR     eds_loader.cli.main  Dry-run read failed: source down
2026-08-24 17:27:35,535  DEBUG     eds_loader.connectors.local_fs  Reading schema.json from C:\Users\Mohit Patel\AppData\Local\Temp\pytest-of-spmohit\pytest-29\test_validate_good_config_exit0\source\schema.json
2026-08-24 17:27:35,537  DEBUG     eds_loader.connectors.local_fs  schema.json parsed: 2 dataset(s)
2026-08-24 17:27:35,569  DEBUG     eds_loader.connectors.local_fs  Reading schema.json from C:\Users\Mohit Patel\AppData\Local\Temp\pytest-of-spmohit\pytest-29\test_validate_prints_checkmark0\source\schema.json
2026-08-24 17:27:35,571  DEBUG     eds_loader.connectors.local_fs  schema.json parsed: 2 dataset(s)
2026-08-24 17:27:35,600  DEBUG     eds_loader.connectors.local_fs  Reading schema.json from C:\Users\Mohit Patel\AppData\Local\Temp\pytest-of-spmohit\pytest-29\test_validate_shows_dataset_co0\source\schema.json
2026-08-24 17:27:35,601  DEBUG     eds_loader.connectors.local_fs  schema.json parsed: 2 dataset(s)
2026-08-24 17:27:35,685  DEBUG     eds_loader.connectors.local_fs  Reading schema.json from C:\Users\Mohit Patel\AppData\Local\Temp\pytest-of-spmohit\pytest-29\test_validate_shows_connector_0\source\schema.json
2026-08-24 17:27:35,687  DEBUG     eds_loader.connectors.local_fs  schema.json parsed: 2 dataset(s)
2026-08-24 17:27:35,968  INFO      eds_loader.loader  Read 2 dataset(s) from source
2026-08-24 17:27:35,970  INFO      eds_loader.connectors.local_fs  Wrote customers: 3 row(s) to C:\Users\Mohit Patel\AppData\Local\Temp\pytest-of-spmohit\pytest-29\test_integration_gcs_source_vi0\target\customers.parquet
2026-08-24 17:27:35,971  INFO      eds_loader.connectors.local_fs  Wrote orders: 2 row(s) to C:\Users\Mohit Patel\AppData\Local\Temp\pytest-of-spmohit\pytest-29\test_integration_gcs_source_vi0\target\orders.parquet
2026-08-24 17:27:35,971  DEBUG     eds_loader.connectors.local_fs  Merging schema.json at target
2026-08-24 17:27:35,972  INFO      eds_loader.loader  Load complete: 5 row(s) written
2026-08-24 17:27:35,974  INFO      eds_loader.loader  Read 2 dataset(s) from source
2026-08-24 17:27:35,974  INFO      eds_loader.loader  Load complete: 3 row(s) written
2026-08-24 17:27:35,976  INFO      eds_loader.loader  Read 2 dataset(s) from source
2026-08-24 17:27:35,977  INFO      eds_loader.loader  Load complete: 3 row(s) written
2026-08-24 17:27:35,978  INFO      eds_loader.loader  Read 2 dataset(s) from source
2026-08-24 17:27:35,978  INFO      eds_loader.loader  Load complete: 3 row(s) written
2026-08-24 17:27:35,981  INFO      eds_loader.loader  Read 2 dataset(s) from source
2026-08-24 17:27:35,981  INFO      eds_loader.loader  Load complete: 3 row(s) written
2026-08-24 17:27:35,983  INFO      eds_loader.loader  Read 1 dataset(s) from source
2026-08-24 17:27:35,983  INFO      eds_loader.loader  Load complete: 1 row(s) written
2026-08-24 17:27:35,998  DEBUG     eds_loader.connectors.local_fs  Reading schema.json from C:\Users\Mohit Patel\AppData\Local\Temp\pytest-of-spmohit\pytest-29\test_read_schema_metadata_retu0\schema.json
2026-08-24 17:27:36,001  DEBUG     eds_loader.connectors.local_fs  schema.json parsed: 2 dataset(s)
2026-08-24 17:27:36,008  DEBUG     eds_loader.connectors.local_fs  Reading schema.json from C:\Users\Mohit Patel\AppData\Local\Temp\pytest-of-spmohit\pytest-29\test_read_schema_metadata_cont0\schema.json
2026-08-24 17:27:36,009  DEBUG     eds_loader.connectors.local_fs  schema.json parsed: 2 dataset(s)
2026-08-24 17:27:36,015  DEBUG     eds_loader.connectors.local_fs  Reading schema.json from C:\Users\Mohit Patel\AppData\Local\Temp\pytest-of-spmohit\pytest-29\test_read_schema_metadata_corr0\schema.json
2026-08-24 17:27:36,022  DEBUG     eds_loader.connectors.local_fs  Reading schema.json from C:\Users\Mohit Patel\AppData\Local\Temp\pytest-of-spmohit\pytest-29\test_read_schema_metadata_empt0\schema.json
2026-08-24 17:27:36,027  DEBUG     eds_loader.connectors.local_fs  Auto-discovered 2 parquet file(s) in C:\Users\Mohit Patel\AppData\Local\Temp\pytest-of-spmohit\pytest-29\test_read_datasets_none_reads_0
2026-08-24 17:27:36,030  INFO      eds_loader.connectors.local_fs  Read customers: 3 row(s) from C:\Users\Mohit Patel\AppData\Local\Temp\pytest-of-spmohit\pytest-29\test_read_datasets_none_reads_0\customers.parquet
2026-08-24 17:27:36,032  INFO      eds_loader.connectors.local_fs  Read orders: 2 row(s) from C:\Users\Mohit Patel\AppData\Local\Temp\pytest-of-spmohit\pytest-29\test_read_datasets_none_reads_0\orders.parquet
2026-08-24 17:27:36,038  DEBUG     eds_loader.connectors.local_fs  Auto-discovered 1 parquet file(s) in C:\Users\Mohit Patel\AppData\Local\Temp\pytest-of-spmohit\pytest-29\test_read_datasets_none_ignore0
2026-08-24 17:27:36,040  INFO      eds_loader.connectors.local_fs  Read data: 1 row(s) from C:\Users\Mohit Patel\AppData\Local\Temp\pytest-of-spmohit\pytest-29\test_read_datasets_none_ignore0\data.parquet
2026-08-24 17:27:36,046  DEBUG     eds_loader.connectors.local_fs  Auto-discovered 2 parquet file(s) in C:\Users\Mohit Patel\AppData\Local\Temp\pytest-of-spmohit\pytest-29\test_read_datasets_none_return0
2026-08-24 17:27:36,048  INFO      eds_loader.connectors.local_fs  Read customers: 3 row(s) from C:\Users\Mohit Patel\AppData\Local\Temp\pytest-of-spmohit\pytest-29\test_read_datasets_none_return0\customers.parquet
2026-08-24 17:27:36,050  INFO      eds_loader.connectors.local_fs  Read orders: 2 row(s) from C:\Users\Mohit Patel\AppData\Local\Temp\pytest-of-spmohit\pytest-29\test_read_datasets_none_return0\orders.parquet
2026-08-24 17:27:36,054  DEBUG     eds_loader.connectors.local_fs  Auto-discovered 0 parquet file(s) in C:\Users\Mohit Patel\AppData\Local\Temp\pytest-of-spmohit\pytest-29\test_read_datasets_none_empty_0
2026-08-24 17:27:36,061  INFO      eds_loader.connectors.local_fs  Read customers: 3 row(s) from C:\Users\Mohit Patel\AppData\Local\Temp\pytest-of-spmohit\pytest-29\test_read_datasets_explicit_na0\customers.parquet
2026-08-24 17:27:36,068  INFO      eds_loader.connectors.local_fs  Read customers: 3 row(s) from C:\Users\Mohit Patel\AppData\Local\Temp\pytest-of-spmohit\pytest-29\test_read_datasets_explicit_pr0\customers.parquet
2026-08-24 17:27:36,081  INFO      eds_loader.connectors.local_fs  Read customers: 3 row(s) from C:\Users\Mohit Patel\AppData\Local\Temp\pytest-of-spmohit\pytest-29\test_read_datasets_one_missing0\customers.parquet
2026-08-24 17:27:36,086  INFO      eds_loader.connectors.local_fs  Wrote customers: 3 row(s) to C:\Users\Mohit Patel\AppData\Local\Temp\pytest-of-spmohit\pytest-29\test_write_datasets_creates_di0\deep\nested\dir\customers.parquet
2026-08-24 17:27:36,088  INFO      eds_loader.connectors.local_fs  Wrote orders: 2 row(s) to C:\Users\Mohit Patel\AppData\Local\Temp\pytest-of-spmohit\pytest-29\test_write_datasets_creates_di0\deep\nested\dir\orders.parquet
2026-08-24 17:27:36,092  INFO      eds_loader.connectors.local_fs  Wrote customers: 3 row(s) to C:\Users\Mohit Patel\AppData\Local\Temp\pytest-of-spmohit\pytest-29\test_write_datasets_writes_par0\customers.parquet
2026-08-24 17:27:36,093  INFO      eds_loader.connectors.local_fs  Wrote orders: 2 row(s) to C:\Users\Mohit Patel\AppData\Local\Temp\pytest-of-spmohit\pytest-29\test_write_datasets_writes_par0\orders.parquet
2026-08-24 17:27:36,097  INFO      eds_loader.connectors.local_fs  Wrote customers: 3 row(s) to C:\Users\Mohit Patel\AppData\Local\Temp\pytest-of-spmohit\pytest-29\test_write_datasets_returns_on0\customers.parquet
2026-08-24 17:27:36,098  INFO      eds_loader.connectors.local_fs  Wrote orders: 2 row(s) to C:\Users\Mohit Patel\AppData\Local\Temp\pytest-of-spmohit\pytest-29\test_write_datasets_returns_on0\orders.parquet
2026-08-24 17:27:36,103  INFO      eds_loader.connectors.local_fs  Wrote customers: 3 row(s) to C:\Users\Mohit Patel\AppData\Local\Temp\pytest-of-spmohit\pytest-29\test_write_datasets_result_row0\customers.parquet
2026-08-24 17:27:36,104  INFO      eds_loader.connectors.local_fs  Wrote orders: 2 row(s) to C:\Users\Mohit Patel\AppData\Local\Temp\pytest-of-spmohit\pytest-29\test_write_datasets_result_row0\orders.parquet
2026-08-24 17:27:36,109  INFO      eds_loader.connectors.local_fs  Wrote customers: 3 row(s) to C:\Users\Mohit Patel\AppData\Local\Temp\pytest-of-spmohit\pytest-29\test_write_datasets_result_loc0\customers.parquet
2026-08-24 17:27:36,110  INFO      eds_loader.connectors.local_fs  Wrote orders: 2 row(s) to C:\Users\Mohit Patel\AppData\Local\Temp\pytest-of-spmohit\pytest-29\test_write_datasets_result_loc0\orders.parquet
2026-08-24 17:27:36,114  INFO      eds_loader.connectors.local_fs  Wrote data: 3 row(s) to C:\Users\Mohit Patel\AppData\Local\Temp\pytest-of-spmohit\pytest-29\test_write_datasets_overwrites0\data.parquet
2026-08-24 17:27:36,115  INFO      eds_loader.connectors.local_fs  Wrote data: 1 row(s) to C:\Users\Mohit Patel\AppData\Local\Temp\pytest-of-spmohit\pytest-29\test_write_datasets_overwrites0\data.parquet
2026-08-24 17:27:36,122  INFO      eds_loader.connectors.local_fs  Wrote customers: 3 row(s) to C:\Users\Mohit Patel\AppData\Local\Temp\pytest-of-spmohit\pytest-29\test_write_datasets_writes_sch0\customers.parquet
2026-08-24 17:27:36,123  INFO      eds_loader.connectors.local_fs  Wrote orders: 2 row(s) to C:\Users\Mohit Patel\AppData\Local\Temp\pytest-of-spmohit\pytest-29\test_write_datasets_writes_sch0\orders.parquet
2026-08-24 17:27:36,123  DEBUG     eds_loader.connectors.local_fs  Merging schema.json at target
2026-08-24 17:27:36,147  INFO      eds_loader.connectors.local_fs  Wrote customers: 3 row(s) to C:\Users\Mohit Patel\AppData\Local\Temp\pytest-of-spmohit\pytest-29\test_write_datasets_skips_sche0\customers.parquet
2026-08-24 17:27:36,148  INFO      eds_loader.connectors.local_fs  Wrote orders: 2 row(s) to C:\Users\Mohit Patel\AppData\Local\Temp\pytest-of-spmohit\pytest-29\test_write_datasets_skips_sche0\orders.parquet
2026-08-24 17:27:36,154  INFO      eds_loader.connectors.local_fs  Wrote customers: 3 row(s) to C:\Users\Mohit Patel\AppData\Local\Temp\pytest-of-spmohit\pytest-29\test_write_datasets_merges_sch0\customers.parquet
2026-08-24 17:27:36,157  INFO      eds_loader.connectors.local_fs  Wrote orders: 2 row(s) to C:\Users\Mohit Patel\AppData\Local\Temp\pytest-of-spmohit\pytest-29\test_write_datasets_merges_sch0\orders.parquet
2026-08-24 17:27:36,157  DEBUG     eds_loader.connectors.local_fs  Merging schema.json at target
2026-08-24 17:27:36,165  INFO      eds_loader.connectors.local_fs  Wrote customers: 3 row(s) to C:\Users\Mohit Patel\AppData\Local\Temp\pytest-of-spmohit\pytest-29\test_write_datasets_corrupt_ex0\customers.parquet
2026-08-24 17:27:36,166  INFO      eds_loader.connectors.local_fs  Wrote orders: 2 row(s) to C:\Users\Mohit Patel\AppData\Local\Temp\pytest-of-spmohit\pytest-29\test_write_datasets_corrupt_ex0\orders.parquet
2026-08-24 17:27:36,166  DEBUG     eds_loader.connectors.local_fs  Merging schema.json at target
2026-08-24 17:27:36,174  INFO      eds_loader.connectors.local_fs  Wrote customers: 3 row(s) to C:\Users\Mohit Patel\AppData\Local\Temp\pytest-of-spmohit\pytest-29\test_round_trip_dataframes_mat0\customers.parquet
2026-08-24 17:27:36,175  INFO      eds_loader.connectors.local_fs  Wrote orders: 2 row(s) to C:\Users\Mohit Patel\AppData\Local\Temp\pytest-of-spmohit\pytest-29\test_round_trip_dataframes_mat0\orders.parquet
2026-08-24 17:27:36,175  DEBUG     eds_loader.connectors.local_fs  Merging schema.json at target
2026-08-24 17:27:36,178  INFO      eds_loader.connectors.local_fs  Read customers: 3 row(s) from C:\Users\Mohit Patel\AppData\Local\Temp\pytest-of-spmohit\pytest-29\test_round_trip_dataframes_mat0\customers.parquet
2026-08-24 17:27:36,180  INFO      eds_loader.connectors.local_fs  Read orders: 2 row(s) from C:\Users\Mohit Patel\AppData\Local\Temp\pytest-of-spmohit\pytest-29\test_round_trip_dataframes_mat0\orders.parquet
2026-08-24 17:27:36,184  INFO      eds_loader.connectors.local_fs  Wrote customers: 3 row(s) to C:\Users\Mohit Patel\AppData\Local\Temp\pytest-of-spmohit\pytest-29\test_round_trip_schema_survive0\customers.parquet
2026-08-24 17:27:36,186  INFO      eds_loader.connectors.local_fs  Wrote orders: 2 row(s) to C:\Users\Mohit Patel\AppData\Local\Temp\pytest-of-spmohit\pytest-29\test_round_trip_schema_survive0\orders.parquet
2026-08-24 17:27:36,186  DEBUG     eds_loader.connectors.local_fs  Merging schema.json at target
2026-08-24 17:27:36,187  DEBUG     eds_loader.connectors.local_fs  Reading schema.json from C:\Users\Mohit Patel\AppData\Local\Temp\pytest-of-spmohit\pytest-29\test_round_trip_schema_survive0\schema.json
2026-08-24 17:27:36,188  DEBUG     eds_loader.connectors.local_fs  schema.json parsed: 2 dataset(s)
2026-08-24 17:27:36,195  DEBUG     eds_loader.connectors.local_fs  Reading schema.json from C:\Users\Mohit Patel\AppData\Local\Temp\pytest-of-spmohit\pytest-29\test_integration_local_to_loca0\schema.json
2026-08-24 17:27:36,196  DEBUG     eds_loader.connectors.local_fs  schema.json parsed: 2 dataset(s)
2026-08-24 17:27:36,197  INFO      eds_loader.connectors.local_fs  Read customers: 3 row(s) from C:\Users\Mohit Patel\AppData\Local\Temp\pytest-of-spmohit\pytest-29\test_integration_local_to_loca0\customers.parquet
2026-08-24 17:27:36,199  INFO      eds_loader.connectors.local_fs  Read orders: 2 row(s) from C:\Users\Mohit Patel\AppData\Local\Temp\pytest-of-spmohit\pytest-29\test_integration_local_to_loca0\orders.parquet
2026-08-24 17:27:36,199  INFO      eds_loader.loader  Read 2 dataset(s) from source
2026-08-24 17:27:36,200  INFO      eds_loader.connectors.local_fs  Wrote customers: 3 row(s) to C:\Users\Mohit Patel\AppData\Local\Temp\pytest-of-spmohit\pytest-29\test_integration_local_to_loca0\target\customers.parquet
2026-08-24 17:27:36,201  INFO      eds_loader.connectors.local_fs  Wrote orders: 2 row(s) to C:\Users\Mohit Patel\AppData\Local\Temp\pytest-of-spmohit\pytest-29\test_integration_local_to_loca0\target\orders.parquet
2026-08-24 17:27:36,201  DEBUG     eds_loader.connectors.local_fs  Merging schema.json at target
2026-08-24 17:27:36,202  INFO      eds_loader.loader  Load complete: 5 row(s) written
2026-08-24 17:27:36,209  DEBUG     eds_loader.connectors.local_fs  Reading schema.json from C:\Users\Mohit Patel\AppData\Local\Temp\pytest-of-spmohit\pytest-29\test_integration_table_subset_0\schema.json
2026-08-24 17:27:36,210  DEBUG     eds_loader.connectors.local_fs  schema.json parsed: 2 dataset(s)
2026-08-24 17:27:36,212  INFO      eds_loader.connectors.local_fs  Read customers: 3 row(s) from C:\Users\Mohit Patel\AppData\Local\Temp\pytest-of-spmohit\pytest-29\test_integration_table_subset_0\customers.parquet
2026-08-24 17:27:36,212  INFO      eds_loader.loader  Read 1 dataset(s) from source
2026-08-24 17:27:36,213  INFO      eds_loader.connectors.local_fs  Wrote customers: 3 row(s) to C:\Users\Mohit Patel\AppData\Local\Temp\pytest-of-spmohit\pytest-29\test_integration_table_subset_0\target_subset\customers.parquet
2026-08-24 17:27:36,214  DEBUG     eds_loader.connectors.local_fs  Merging schema.json at target
2026-08-24 17:27:36,214  INFO      eds_loader.loader  Load complete: 3 row(s) written
2026-08-24 17:27:36,221  DEBUG     eds_loader.connectors.local_fs  Reading schema.json from C:\Users\Mohit Patel\AppData\Local\Temp\pytest-of-spmohit\pytest-29\test_integration_schema_json_w0\schema.json
2026-08-24 17:27:36,223  DEBUG     eds_loader.connectors.local_fs  schema.json parsed: 2 dataset(s)
2026-08-24 17:27:36,225  INFO      eds_loader.connectors.local_fs  Read customers: 3 row(s) from C:\Users\Mohit Patel\AppData\Local\Temp\pytest-of-spmohit\pytest-29\test_integration_schema_json_w0\customers.parquet
2026-08-24 17:27:36,226  INFO      eds_loader.connectors.local_fs  Read orders: 2 row(s) from C:\Users\Mohit Patel\AppData\Local\Temp\pytest-of-spmohit\pytest-29\test_integration_schema_json_w0\orders.parquet
2026-08-24 17:27:36,226  INFO      eds_loader.loader  Read 2 dataset(s) from source
2026-08-24 17:27:36,228  INFO      eds_loader.connectors.local_fs  Wrote customers: 3 row(s) to C:\Users\Mohit Patel\AppData\Local\Temp\pytest-of-spmohit\pytest-29\test_integration_schema_json_w0\target_schema\customers.parquet
2026-08-24 17:27:36,229  INFO      eds_loader.connectors.local_fs  Wrote orders: 2 row(s) to C:\Users\Mohit Patel\AppData\Local\Temp\pytest-of-spmohit\pytest-29\test_integration_schema_json_w0\target_schema\orders.parquet
2026-08-24 17:27:36,229  DEBUG     eds_loader.connectors.local_fs  Merging schema.json at target
2026-08-24 17:27:36,229  INFO      eds_loader.loader  Load complete: 5 row(s) written
2026-08-24 17:27:36,236  DEBUG     eds_loader.connectors.local_fs  Reading schema.json from C:\Users\Mohit Patel\AppData\Local\Temp\pytest-of-spmohit\pytest-29\test_integration_schema_json_n0\schema.json
2026-08-24 17:27:36,239  DEBUG     eds_loader.connectors.local_fs  schema.json parsed: 2 dataset(s)
2026-08-24 17:27:36,240  INFO      eds_loader.connectors.local_fs  Read customers: 3 row(s) from C:\Users\Mohit Patel\AppData\Local\Temp\pytest-of-spmohit\pytest-29\test_integration_schema_json_n0\customers.parquet
2026-08-24 17:27:36,242  INFO      eds_loader.connectors.local_fs  Read orders: 2 row(s) from C:\Users\Mohit Patel\AppData\Local\Temp\pytest-of-spmohit\pytest-29\test_integration_schema_json_n0\orders.parquet
2026-08-24 17:27:36,242  INFO      eds_loader.loader  Read 2 dataset(s) from source
2026-08-24 17:27:36,243  INFO      eds_loader.connectors.local_fs  Wrote customers: 3 row(s) to C:\Users\Mohit Patel\AppData\Local\Temp\pytest-of-spmohit\pytest-29\test_integration_schema_json_n0\target_no_schema\customers.parquet
2026-08-24 17:27:36,244  INFO      eds_loader.connectors.local_fs  Wrote orders: 2 row(s) to C:\Users\Mohit Patel\AppData\Local\Temp\pytest-of-spmohit\pytest-29\test_integration_schema_json_n0\target_no_schema\orders.parquet
2026-08-24 17:27:36,244  INFO      eds_loader.loader  Load complete: 5 row(s) written
2026-08-24 17:27:36,257  INFO      eds_loader.connectors.mongodb  Connected to MongoDB localhost:27017/test_db
2026-08-24 17:27:36,258  DEBUG     eds_loader.connectors.mongodb  [customers] dropping existing collection
2026-08-24 17:27:36,258  DEBUG     eds_loader.connectors.mongodb  [customers] inserting 3 document(s)
2026-08-24 17:27:36,258  INFO      eds_loader.connectors.mongodb  [customers] wrote 3 document(s) in 0.00s
2026-08-24 17:27:36,258  DEBUG     eds_loader.connectors.mongodb  [orders] dropping existing collection
2026-08-24 17:27:36,258  DEBUG     eds_loader.connectors.mongodb  [orders] inserting 2 document(s)
2026-08-24 17:27:36,258  INFO      eds_loader.connectors.mongodb  [orders] wrote 2 document(s) in 0.00s
2026-08-24 17:27:36,260  INFO      eds_loader.connectors.mongodb  Connected to MongoDB localhost:27017/test_db
2026-08-24 17:27:36,260  DEBUG     eds_loader.connectors.mongodb  [data] dropping existing collection
2026-08-24 17:27:36,260  DEBUG     eds_loader.connectors.mongodb  [data] inserting 2 document(s)
2026-08-24 17:27:36,260  INFO      eds_loader.connectors.mongodb  [data] wrote 2 document(s) in 0.00s
2026-08-24 17:27:36,261  INFO      eds_loader.connectors.mongodb  Connected to MongoDB localhost:27017/test_db
2026-08-24 17:27:36,261  DEBUG     eds_loader.connectors.mongodb  [t] dropping existing collection
2026-08-24 17:27:36,261  DEBUG     eds_loader.connectors.mongodb  [t] inserting 1 document(s)
2026-08-24 17:27:36,261  INFO      eds_loader.connectors.mongodb  [t] wrote 1 document(s) in 0.00s
2026-08-24 17:27:36,263  INFO      eds_loader.connectors.mongodb  Connected to MongoDB localhost:27017/test_db
2026-08-24 17:27:36,263  DEBUG     eds_loader.connectors.mongodb  [empty] dropping existing collection
2026-08-24 17:27:36,263  INFO      eds_loader.connectors.mongodb  [empty] wrote 0 document(s) in 0.00s
2026-08-24 17:27:36,264  INFO      eds_loader.connectors.mongodb  Connected to MongoDB localhost:27017/test_db
2026-08-24 17:27:36,264  DEBUG     eds_loader.connectors.mongodb  [empty] dropping existing collection
2026-08-24 17:27:36,264  INFO      eds_loader.connectors.mongodb  [empty] wrote 0 document(s) in 0.00s
2026-08-24 17:27:36,265  INFO      eds_loader.connectors.mongodb  Connected to MongoDB localhost:27017/test_db
2026-08-24 17:27:36,266  DEBUG     eds_loader.connectors.mongodb  [customers] dropping existing collection
2026-08-24 17:27:36,266  DEBUG     eds_loader.connectors.mongodb  [customers] inserting 3 document(s)
2026-08-24 17:27:36,266  INFO      eds_loader.connectors.mongodb  [customers] wrote 3 document(s) in 0.00s
2026-08-24 17:27:36,266  DEBUG     eds_loader.connectors.mongodb  [orders] dropping existing collection
2026-08-24 17:27:36,266  DEBUG     eds_loader.connectors.mongodb  [orders] inserting 2 document(s)
2026-08-24 17:27:36,267  INFO      eds_loader.connectors.mongodb  [orders] wrote 2 document(s) in 0.00s
2026-08-24 17:27:36,268  INFO      eds_loader.connectors.mongodb  Connected to MongoDB localhost:27017/test_db
2026-08-24 17:27:36,268  DEBUG     eds_loader.connectors.mongodb  [customers] dropping existing collection
2026-08-24 17:27:36,268  DEBUG     eds_loader.connectors.mongodb  [customers] inserting 3 document(s)
2026-08-24 17:27:36,268  INFO      eds_loader.connectors.mongodb  [customers] wrote 3 document(s) in 0.00s
2026-08-24 17:27:36,268  DEBUG     eds_loader.connectors.mongodb  [orders] dropping existing collection
2026-08-24 17:27:36,268  DEBUG     eds_loader.connectors.mongodb  [orders] inserting 2 document(s)
2026-08-24 17:27:36,269  INFO      eds_loader.connectors.mongodb  [orders] wrote 2 document(s) in 0.00s
2026-08-24 17:27:36,271  INFO      eds_loader.connectors.mongodb  Connected to MongoDB mgserver:27020/mydb
2026-08-24 17:27:36,271  DEBUG     eds_loader.connectors.mongodb  [tbl] dropping existing collection
2026-08-24 17:27:36,271  DEBUG     eds_loader.connectors.mongodb  [tbl] inserting 1 document(s)
2026-08-24 17:27:36,271  INFO      eds_loader.connectors.mongodb  [tbl] wrote 1 document(s) in 0.00s
2026-08-24 17:27:36,273  INFO      eds_loader.connectors.mongodb  Connected to MongoDB localhost:27017/test_db
2026-08-24 17:27:36,273  DEBUG     eds_loader.connectors.mongodb  [z] dropping existing collection
2026-08-24 17:27:36,273  DEBUG     eds_loader.connectors.mongodb  [z] inserting 1 document(s)
2026-08-24 17:27:36,273  INFO      eds_loader.connectors.mongodb  [z] wrote 1 document(s) in 0.00s
2026-08-24 17:27:36,273  DEBUG     eds_loader.connectors.mongodb  [a] dropping existing collection
2026-08-24 17:27:36,273  DEBUG     eds_loader.connectors.mongodb  [a] inserting 1 document(s)
2026-08-24 17:27:36,274  INFO      eds_loader.connectors.mongodb  [a] wrote 1 document(s) in 0.00s
2026-08-24 17:27:36,275  INFO      eds_loader.connectors.mongodb  Connected to MongoDB localhost:27017/test_db
2026-08-24 17:27:36,275  DEBUG     eds_loader.connectors.mongodb  [orders] dropping existing collection
2026-08-24 17:27:36,275  DEBUG     eds_loader.connectors.mongodb  [orders] inserting 1 document(s)
2026-08-24 17:27:36,275  DEBUG     eds_loader.connectors.mongodb  [orders] creating indexes from schema metadata
2026-08-24 17:27:36,275  INFO      eds_loader.connectors.mongodb  [orders] wrote 1 document(s) in 0.00s
2026-08-24 17:27:36,275  DEBUG     eds_loader.connectors.mongodb  [customers] dropping existing collection
2026-08-24 17:27:36,276  DEBUG     eds_loader.connectors.mongodb  [customers] inserting 1 document(s)
2026-08-24 17:27:36,276  DEBUG     eds_loader.connectors.mongodb  [customers] creating indexes from schema metadata
2026-08-24 17:27:36,276  INFO      eds_loader.connectors.mongodb  [customers] wrote 1 document(s) in 0.00s
2026-08-24 17:27:36,280  INFO      eds_loader.connectors.mongodb  Connected to MongoDB localhost:27017/test_db
2026-08-24 17:27:36,280  DEBUG     eds_loader.connectors.mongodb  [customers] dropping existing collection
2026-08-24 17:27:36,280  DEBUG     eds_loader.connectors.mongodb  [customers] inserting 1 document(s)
2026-08-24 17:27:36,280  DEBUG     eds_loader.connectors.mongodb  [customers] creating indexes from schema metadata
2026-08-24 17:27:36,280  INFO      eds_loader.connectors.mongodb  [customers] wrote 1 document(s) in 0.00s
2026-08-24 17:27:36,282  INFO      eds_loader.connectors.mongodb  Connected to MongoDB localhost:27017/test_db
2026-08-24 17:27:36,282  DEBUG     eds_loader.connectors.mongodb  [customers] dropping existing collection
2026-08-24 17:27:36,282  DEBUG     eds_loader.connectors.mongodb  [customers] inserting 1 document(s)
2026-08-24 17:27:36,282  DEBUG     eds_loader.connectors.mongodb  [customers] creating indexes from schema metadata
2026-08-24 17:27:36,282  INFO      eds_loader.connectors.mongodb  [customers] wrote 1 document(s) in 0.00s
2026-08-24 17:27:36,283  INFO      eds_loader.connectors.mongodb  Connected to MongoDB localhost:27017/test_db
2026-08-24 17:27:36,283  DEBUG     eds_loader.connectors.mongodb  [orders] dropping existing collection
2026-08-24 17:27:36,284  DEBUG     eds_loader.connectors.mongodb  [orders] inserting 1 document(s)
2026-08-24 17:27:36,284  DEBUG     eds_loader.connectors.mongodb  [orders] creating indexes from schema metadata
2026-08-24 17:27:36,284  INFO      eds_loader.connectors.mongodb  [orders] wrote 1 document(s) in 0.00s
2026-08-24 17:27:36,286  INFO      eds_loader.connectors.mongodb  Connected to MongoDB localhost:27017/test_db
2026-08-24 17:27:36,286  DEBUG     eds_loader.connectors.mongodb  [customers] dropping existing collection
2026-08-24 17:27:36,286  DEBUG     eds_loader.connectors.mongodb  [customers] inserting 1 document(s)
2026-08-24 17:27:36,286  INFO      eds_loader.connectors.mongodb  [customers] wrote 1 document(s) in 0.00s
2026-08-24 17:27:36,293  INFO      eds_loader.connectors.mongodb  Connected to MongoDB localhost:27017/test_db
2026-08-24 17:27:36,293  DEBUG     eds_loader.connectors.mongodb  [t] dropping existing collection
2026-08-24 17:27:36,293  ERROR     eds_loader.connectors.mongodb  [t] write failed: network error
2026-08-24 17:27:36,294  INFO      eds_loader.connectors.mongodb  Connected to MongoDB localhost:27017/test_db
2026-08-24 17:27:36,294  DEBUG     eds_loader.connectors.mongodb  [t] dropping existing collection
2026-08-24 17:27:36,295  DEBUG     eds_loader.connectors.mongodb  [t] inserting 1 document(s)
2026-08-24 17:27:36,295  ERROR     eds_loader.connectors.mongodb  [t] write failed: duplicate key
2026-08-24 17:27:36,305  DEBUG     eds_loader.connectors.local_fs  Reading schema.json from C:\Users\Mohit Patel\AppData\Local\Temp\pytest-of-spmohit\pytest-29\test_integration_local_fs_to_m0\source\schema.json
2026-08-24 17:27:36,306  DEBUG     eds_loader.connectors.local_fs  schema.json parsed: 2 dataset(s)
2026-08-24 17:27:36,308  INFO      eds_loader.connectors.local_fs  Read customers: 3 row(s) from C:\Users\Mohit Patel\AppData\Local\Temp\pytest-of-spmohit\pytest-29\test_integration_local_fs_to_m0\source\customers.parquet
2026-08-24 17:27:36,310  INFO      eds_loader.connectors.local_fs  Read orders: 2 row(s) from C:\Users\Mohit Patel\AppData\Local\Temp\pytest-of-spmohit\pytest-29\test_integration_local_fs_to_m0\source\orders.parquet
2026-08-24 17:27:36,310  INFO      eds_loader.loader  Read 2 dataset(s) from source
2026-08-24 17:27:36,310  INFO      eds_loader.connectors.mongodb  Connected to MongoDB localhost:27017/test_db
2026-08-24 17:27:36,310  DEBUG     eds_loader.connectors.mongodb  [customers] dropping existing collection
2026-08-24 17:27:36,310  DEBUG     eds_loader.connectors.mongodb  [customers] inserting 3 document(s)
2026-08-24 17:27:36,310  DEBUG     eds_loader.connectors.mongodb  [customers] creating indexes from schema metadata
2026-08-24 17:27:36,311  INFO      eds_loader.connectors.mongodb  [customers] wrote 3 document(s) in 0.00s
2026-08-24 17:27:36,311  DEBUG     eds_loader.connectors.mongodb  [orders] dropping existing collection
2026-08-24 17:27:36,311  DEBUG     eds_loader.connectors.mongodb  [orders] inserting 2 document(s)
2026-08-24 17:27:36,311  DEBUG     eds_loader.connectors.mongodb  [orders] creating indexes from schema metadata
2026-08-24 17:27:36,311  INFO      eds_loader.connectors.mongodb  [orders] wrote 2 document(s) in 0.00s
2026-08-24 17:27:36,311  INFO      eds_loader.loader  Load complete: 5 row(s) written
2026-08-24 17:27:36,318  DEBUG     eds_loader.connectors.local_fs  Reading schema.json from C:\Users\Mohit Patel\AppData\Local\Temp\pytest-of-spmohit\pytest-29\test_integration_enforce_false0\source2\schema.json
2026-08-24 17:27:36,320  DEBUG     eds_loader.connectors.local_fs  schema.json parsed: 2 dataset(s)
2026-08-24 17:27:36,322  INFO      eds_loader.connectors.local_fs  Read customers: 3 row(s) from C:\Users\Mohit Patel\AppData\Local\Temp\pytest-of-spmohit\pytest-29\test_integration_enforce_false0\source2\customers.parquet
2026-08-24 17:27:36,324  INFO      eds_loader.connectors.local_fs  Read orders: 2 row(s) from C:\Users\Mohit Patel\AppData\Local\Temp\pytest-of-spmohit\pytest-29\test_integration_enforce_false0\source2\orders.parquet
2026-08-24 17:27:36,324  INFO      eds_loader.loader  Read 2 dataset(s) from source
2026-08-24 17:27:36,324  INFO      eds_loader.connectors.mongodb  Connected to MongoDB localhost:27017/test_db
2026-08-24 17:27:36,324  DEBUG     eds_loader.connectors.mongodb  [customers] dropping existing collection
2026-08-24 17:27:36,324  DEBUG     eds_loader.connectors.mongodb  [customers] inserting 3 document(s)
2026-08-24 17:27:36,324  INFO      eds_loader.connectors.mongodb  [customers] wrote 3 document(s) in 0.00s
2026-08-24 17:27:36,325  DEBUG     eds_loader.connectors.mongodb  [orders] dropping existing collection
2026-08-24 17:27:36,325  DEBUG     eds_loader.connectors.mongodb  [orders] inserting 2 document(s)
2026-08-24 17:27:36,325  INFO      eds_loader.connectors.mongodb  [orders] wrote 2 document(s) in 0.00s
2026-08-24 17:27:36,325  INFO      eds_loader.loader  Load complete: 5 row(s) written
2026-08-24 17:27:36,336  INFO      eds_loader.connectors._sql_base  Connected to test_user@localhost:3306/test_db
2026-08-24 17:27:36,336  DEBUG     eds_loader.connectors._sql_base  Ensuring namespace exists: CREATE DATABASE IF NOT EXISTS `test_db`
2026-08-24 17:27:36,337  DEBUG     eds_loader.connectors._sql_base  [t] DROP TABLE IF EXISTS `test_db`.`t`
2026-08-24 17:27:36,337  DEBUG     eds_loader.connectors._sql_base  [t] CREATE TABLE `test_db`.`t` (
    `id` BIGINT
)
2026-08-24 17:27:36,337  DEBUG     eds_loader.connectors._sql_base  [t] inserting 1 row(s)
2026-08-24 17:27:36,337  INFO      eds_loader.connectors._sql_base  [t] wrote 1 row(s) in 0.00s
2026-08-24 17:27:36,339  INFO      eds_loader.connectors._sql_base  Connected to test_user@localhost:3306/test_db
2026-08-24 17:27:36,339  DEBUG     eds_loader.connectors._sql_base  Ensuring namespace exists: CREATE DATABASE IF NOT EXISTS `test_db`
2026-08-24 17:27:36,339  DEBUG     eds_loader.connectors._sql_base  [t] DROP TABLE IF EXISTS `test_db`.`t`
2026-08-24 17:27:36,339  DEBUG     eds_loader.connectors._sql_base  [t] CREATE TABLE `test_db`.`t` (
    `id` BIGINT
)
2026-08-24 17:27:36,339  DEBUG     eds_loader.connectors._sql_base  [t] inserting 1 row(s)
2026-08-24 17:27:36,340  INFO      eds_loader.connectors._sql_base  [t] wrote 1 row(s) in 0.00s
2026-08-24 17:27:36,341  INFO      eds_loader.connectors._sql_base  Connected to test_user@localhost:3306/test_db
2026-08-24 17:27:36,341  DEBUG     eds_loader.connectors._sql_base  Ensuring namespace exists: CREATE DATABASE IF NOT EXISTS `test_db`
2026-08-24 17:27:36,342  DEBUG     eds_loader.connectors._sql_base  [t] DROP TABLE IF EXISTS `test_db`.`t`
2026-08-24 17:27:36,342  ERROR     eds_loader.connectors._sql_base  [t] write failed: DB down
2026-08-24 17:27:36,343  INFO      eds_loader.connectors._sql_base  Connected to test_user@localhost:3306/eds_db
2026-08-24 17:27:36,343  DEBUG     eds_loader.connectors._sql_base  Ensuring namespace exists: CREATE DATABASE IF NOT EXISTS `eds_db`
2026-08-24 17:27:36,343  DEBUG     eds_loader.connectors._sql_base  [customers] DROP TABLE IF EXISTS `eds_db`.`customers`
2026-08-24 17:27:36,343  DEBUG     eds_loader.connectors._sql_base  [customers] CREATE TABLE `eds_db`.`customers` (
    `id` BIGINT
)
2026-08-24 17:27:36,343  DEBUG     eds_loader.connectors._sql_base  [customers] inserting 1 row(s)
2026-08-24 17:27:36,344  INFO      eds_loader.connectors._sql_base  [customers] wrote 1 row(s) in 0.00s
2026-08-24 17:27:36,345  INFO      eds_loader.connectors._sql_base  Connected to test_user@localhost:3306/eds_db
2026-08-24 17:27:36,345  DEBUG     eds_loader.connectors._sql_base  Table write order (FK-sorted): customers, orders
2026-08-24 17:27:36,345  DEBUG     eds_loader.connectors._sql_base  Ensuring namespace exists: CREATE DATABASE IF NOT EXISTS `eds_db`
2026-08-24 17:27:36,346  DEBUG     eds_loader.connectors._sql_base  [customers] DROP TABLE IF EXISTS `eds_db`.`customers`
2026-08-24 17:27:36,346  DEBUG     eds_loader.connectors._sql_base  [customers] CREATE TABLE `eds_db`.`customers` (
    `customer_id` BIGINT PRIMARY KEY,
    `name` TEXT
)
2026-08-24 17:27:36,346  DEBUG     eds_loader.connectors._sql_base  [customers] inserting 2 row(s)
2026-08-24 17:27:36,346  INFO      eds_loader.connectors._sql_base  [customers] wrote 2 row(s) in 0.00s
2026-08-24 17:27:36,346  DEBUG     eds_loader.connectors._sql_base  [orders] DROP TABLE IF EXISTS `eds_db`.`orders`
2026-08-24 17:27:36,346  DEBUG     eds_loader.connectors._sql_base  [orders] CREATE TABLE `eds_db`.`orders` (
    `order_id` BIGINT PRIMARY KEY,
    `customer_id` BIGINT NOT NULL REFERENCES `eds_db`.`customers`(`customer_id`)
)
2026-08-24 17:27:36,346  DEBUG     eds_loader.connectors._sql_base  [orders] inserting 1 row(s)
2026-08-24 17:27:36,346  INFO      eds_loader.connectors._sql_base  [orders] wrote 1 row(s) in 0.00s
2026-08-24 17:27:36,348  INFO      eds_loader.connectors._sql_base  Connected to test_user@localhost:3306/test_db
2026-08-24 17:27:36,348  DEBUG     eds_loader.connectors._sql_base  Ensuring namespace exists: CREATE DATABASE IF NOT EXISTS `test_db`
2026-08-24 17:27:36,349  DEBUG     eds_loader.connectors._sql_base  [t] DROP TABLE IF EXISTS `test_db`.`t`
2026-08-24 17:27:36,349  DEBUG     eds_loader.connectors._sql_base  [t] CREATE TABLE `test_db`.`t` (
    `id` BIGINT
)
2026-08-24 17:27:36,349  DEBUG     eds_loader.connectors._sql_base  [t] inserting 1 row(s)
2026-08-24 17:27:36,349  INFO      eds_loader.connectors._sql_base  [t] wrote 1 row(s) in 0.00s
2026-08-24 17:27:36,351  INFO      eds_loader.connectors._sql_base  Connected to test_user@srv:3306/db
2026-08-24 17:27:36,351  DEBUG     eds_loader.connectors._sql_base  Ensuring namespace exists: CREATE DATABASE IF NOT EXISTS `db`
2026-08-24 17:27:36,351  DEBUG     eds_loader.connectors._sql_base  [tbl] DROP TABLE IF EXISTS `db`.`tbl`
2026-08-24 17:27:36,351  DEBUG     eds_loader.connectors._sql_base  [tbl] CREATE TABLE `db`.`tbl` (
    `id` BIGINT
)
2026-08-24 17:27:36,352  DEBUG     eds_loader.connectors._sql_base  [tbl] inserting 1 row(s)
2026-08-24 17:27:36,352  INFO      eds_loader.connectors._sql_base  [tbl] wrote 1 row(s) in 0.00s
2026-08-24 17:27:36,353  INFO      eds_loader.connectors._sql_base  Connected to test_user@localhost:3306/test_db
2026-08-24 17:27:36,354  DEBUG     eds_loader.connectors._sql_base  Table write order (FK-sorted): customers, orders
2026-08-24 17:27:36,354  DEBUG     eds_loader.connectors._sql_base  Ensuring namespace exists: CREATE DATABASE IF NOT EXISTS `test_db`
2026-08-24 17:27:36,354  DEBUG     eds_loader.connectors._sql_base  [customers] DROP TABLE IF EXISTS `test_db`.`customers`
2026-08-24 17:27:36,354  DEBUG     eds_loader.connectors._sql_base  [customers] CREATE TABLE `test_db`.`customers` (
    `customer_id` BIGINT PRIMARY KEY,
    `name` TEXT
)
2026-08-24 17:27:36,354  DEBUG     eds_loader.connectors._sql_base  [customers] inserting 2 row(s)
2026-08-24 17:27:36,354  INFO      eds_loader.connectors._sql_base  [customers] wrote 2 row(s) in 0.00s
2026-08-24 17:27:36,354  DEBUG     eds_loader.connectors._sql_base  [orders] DROP TABLE IF EXISTS `test_db`.`orders`
2026-08-24 17:27:36,355  DEBUG     eds_loader.connectors._sql_base  [orders] CREATE TABLE `test_db`.`orders` (
    `order_id` BIGINT PRIMARY KEY,
    `customer_id` BIGINT NOT NULL REFERENCES `test_db`.`customers`(`customer_id`)
)
2026-08-24 17:27:36,355  DEBUG     eds_loader.connectors._sql_base  [orders] inserting 1 row(s)
2026-08-24 17:27:36,355  INFO      eds_loader.connectors._sql_base  [orders] wrote 1 row(s) in 0.00s
2026-08-24 17:27:36,367  DEBUG     eds_loader.connectors.local_fs  Reading schema.json from C:\Users\Mohit Patel\AppData\Local\Temp\pytest-of-spmohit\pytest-29\test_integration_local_fs_to_m1\source\schema.json
2026-08-24 17:27:36,369  DEBUG     eds_loader.connectors.local_fs  schema.json parsed: 2 dataset(s)
2026-08-24 17:27:36,372  INFO      eds_loader.connectors.local_fs  Read customers: 2 row(s) from C:\Users\Mohit Patel\AppData\Local\Temp\pytest-of-spmohit\pytest-29\test_integration_local_fs_to_m1\source\customers.parquet
2026-08-24 17:27:36,373  INFO      eds_loader.connectors.local_fs  Read orders: 1 row(s) from C:\Users\Mohit Patel\AppData\Local\Temp\pytest-of-spmohit\pytest-29\test_integration_local_fs_to_m1\source\orders.parquet
2026-08-24 17:27:36,374  INFO      eds_loader.loader  Read 2 dataset(s) from source
2026-08-24 17:27:36,374  INFO      eds_loader.connectors._sql_base  Connected to test_user@localhost:3306/test_db
2026-08-24 17:27:36,374  DEBUG     eds_loader.connectors._sql_base  Table write order (FK-sorted): customers, orders
2026-08-24 17:27:36,374  DEBUG     eds_loader.connectors._sql_base  Ensuring namespace exists: CREATE DATABASE IF NOT EXISTS `test_db`
2026-08-24 17:27:36,374  DEBUG     eds_loader.connectors._sql_base  [customers] DROP TABLE IF EXISTS `test_db`.`customers`
2026-08-24 17:27:36,374  DEBUG     eds_loader.connectors._sql_base  [customers] CREATE TABLE `test_db`.`customers` (
    `customer_id` BIGINT PRIMARY KEY,
    `name` TEXT
)
2026-08-24 17:27:36,375  DEBUG     eds_loader.connectors._sql_base  [customers] inserting 2 row(s)
2026-08-24 17:27:36,375  INFO      eds_loader.connectors._sql_base  [customers] wrote 2 row(s) in 0.00s
2026-08-24 17:27:36,375  DEBUG     eds_loader.connectors._sql_base  [orders] DROP TABLE IF EXISTS `test_db`.`orders`
2026-08-24 17:27:36,375  DEBUG     eds_loader.connectors._sql_base  [orders] CREATE TABLE `test_db`.`orders` (
    `order_id` BIGINT PRIMARY KEY,
    `customer_id` BIGINT NOT NULL REFERENCES `test_db`.`customers`(`customer_id`)
)
2026-08-24 17:27:36,375  DEBUG     eds_loader.connectors._sql_base  [orders] inserting 1 row(s)
2026-08-24 17:27:36,375  INFO      eds_loader.connectors._sql_base  [orders] wrote 1 row(s) in 0.00s
2026-08-24 17:27:36,375  INFO      eds_loader.loader  Load complete: 3 row(s) written
2026-08-24 17:27:36,393  INFO      eds_loader.connectors._sql_base  Connected to test_user@localhost:5432/test_db
2026-08-24 17:27:36,393  DEBUG     eds_loader.connectors._sql_base  Ensuring namespace exists: CREATE SCHEMA IF NOT EXISTS "public"
2026-08-24 17:27:36,393  DEBUG     eds_loader.connectors._sql_base  [customers] DROP TABLE IF EXISTS "public"."customers" CASCADE
2026-08-24 17:27:36,394  DEBUG     eds_loader.connectors._sql_base  [customers] CREATE TABLE "public"."customers" (
    "customer_id" BIGINT,
    "name" TEXT
)
2026-08-24 17:27:36,394  DEBUG     eds_loader.connectors._sql_base  [customers] inserting 3 row(s)
2026-08-24 17:27:36,394  INFO      eds_loader.connectors._sql_base  [customers] wrote 3 row(s) in 0.00s
2026-08-24 17:27:36,394  DEBUG     eds_loader.connectors._sql_base  [orders] DROP TABLE IF EXISTS "public"."orders" CASCADE
2026-08-24 17:27:36,394  DEBUG     eds_loader.connectors._sql_base  [orders] CREATE TABLE "public"."orders" (
    "order_id" BIGINT,
    "customer_id" BIGINT,
    "amount" DOUBLE PRECISION
)
2026-08-24 17:27:36,394  DEBUG     eds_loader.connectors._sql_base  [orders] inserting 2 row(s)
2026-08-24 17:27:36,394  INFO      eds_loader.connectors._sql_base  [orders] wrote 2 row(s) in 0.00s
2026-08-24 17:27:36,396  INFO      eds_loader.connectors._sql_base  Connected to test_user@localhost:5432/test_db
2026-08-24 17:27:36,396  DEBUG     eds_loader.connectors._sql_base  Ensuring namespace exists: CREATE SCHEMA IF NOT EXISTS "public"
2026-08-24 17:27:36,398  DEBUG     eds_loader.connectors._sql_base  [customers] DROP TABLE IF EXISTS "public"."customers" CASCADE
2026-08-24 17:27:36,398  DEBUG     eds_loader.connectors._sql_base  [customers] CREATE TABLE "public"."customers" (
    "id" BIGINT
)
2026-08-24 17:27:36,398  DEBUG     eds_loader.connectors._sql_base  [customers] inserting 1 row(s)
2026-08-24 17:27:36,398  INFO      eds_loader.connectors._sql_base  [customers] wrote 1 row(s) in 0.00s
2026-08-24 17:27:36,400  INFO      eds_loader.connectors._sql_base  Connected to test_user@localhost:5432/test_db
2026-08-24 17:27:36,400  DEBUG     eds_loader.connectors._sql_base  Ensuring namespace exists: CREATE SCHEMA IF NOT EXISTS "public"
2026-08-24 17:27:36,400  DEBUG     eds_loader.connectors._sql_base  [tbl] DROP TABLE IF EXISTS "public"."tbl" CASCADE
2026-08-24 17:27:36,400  DEBUG     eds_loader.connectors._sql_base  [tbl] CREATE TABLE "public"."tbl" (
    "a" BIGINT
)
2026-08-24 17:27:36,400  DEBUG     eds_loader.connectors._sql_base  [tbl] inserting 1 row(s)
2026-08-24 17:27:36,400  INFO      eds_loader.connectors._sql_base  [tbl] wrote 1 row(s) in 0.00s
2026-08-24 17:27:36,402  INFO      eds_loader.connectors._sql_base  Connected to test_user@localhost:5432/test_db
2026-08-24 17:27:36,402  DEBUG     eds_loader.connectors._sql_base  Ensuring namespace exists: CREATE SCHEMA IF NOT EXISTS "public"
2026-08-24 17:27:36,402  DEBUG     eds_loader.connectors._sql_base  [data] DROP TABLE IF EXISTS "public"."data" CASCADE
2026-08-24 17:27:36,402  DEBUG     eds_loader.connectors._sql_base  [data] CREATE TABLE "public"."data" (
    "id" BIGINT,
    "val" TEXT
)
2026-08-24 17:27:36,403  DEBUG     eds_loader.connectors._sql_base  [data] inserting 3 row(s)
2026-08-24 17:27:36,403  INFO      eds_loader.connectors._sql_base  [data] wrote 3 row(s) in 0.00s
2026-08-24 17:27:36,405  INFO      eds_loader.connectors._sql_base  Connected to test_user@localhost:5432/test_db
2026-08-24 17:27:36,405  DEBUG     eds_loader.connectors._sql_base  Ensuring namespace exists: CREATE SCHEMA IF NOT EXISTS "public"
2026-08-24 17:27:36,405  DEBUG     eds_loader.connectors._sql_base  [customers] DROP TABLE IF EXISTS "public"."customers" CASCADE
2026-08-24 17:27:36,405  DEBUG     eds_loader.connectors._sql_base  [customers] CREATE TABLE "public"."customers" (
    "customer_id" BIGINT,
    "name" TEXT
)
2026-08-24 17:27:36,405  DEBUG     eds_loader.connectors._sql_base  [customers] inserting 3 row(s)
2026-08-24 17:27:36,405  INFO      eds_loader.connectors._sql_base  [customers] wrote 3 row(s) in 0.00s
2026-08-24 17:27:36,406  DEBUG     eds_loader.connectors._sql_base  [orders] DROP TABLE IF EXISTS "public"."orders" CASCADE
2026-08-24 17:27:36,406  DEBUG     eds_loader.connectors._sql_base  [orders] CREATE TABLE "public"."orders" (
    "order_id" BIGINT,
    "customer_id" BIGINT,
    "amount" DOUBLE PRECISION
)
2026-08-24 17:27:36,406  DEBUG     eds_loader.connectors._sql_base  [orders] inserting 2 row(s)
2026-08-24 17:27:36,406  INFO      eds_loader.connectors._sql_base  [orders] wrote 2 row(s) in 0.00s
2026-08-24 17:27:36,407  INFO      eds_loader.connectors._sql_base  Connected to test_user@localhost:5432/test_db
2026-08-24 17:27:36,407  DEBUG     eds_loader.connectors._sql_base  Ensuring namespace exists: CREATE SCHEMA IF NOT EXISTS "public"
2026-08-24 17:27:36,407  DEBUG     eds_loader.connectors._sql_base  [customers] DROP TABLE IF EXISTS "public"."customers" CASCADE
2026-08-24 17:27:36,408  DEBUG     eds_loader.connectors._sql_base  [customers] CREATE TABLE "public"."customers" (
    "customer_id" BIGINT,
    "name" TEXT
)
2026-08-24 17:27:36,408  DEBUG     eds_loader.connectors._sql_base  [customers] inserting 3 row(s)
2026-08-24 17:27:36,408  INFO      eds_loader.connectors._sql_base  [customers] wrote 3 row(s) in 0.00s
2026-08-24 17:27:36,408  DEBUG     eds_loader.connectors._sql_base  [orders] DROP TABLE IF EXISTS "public"."orders" CASCADE
2026-08-24 17:27:36,408  DEBUG     eds_loader.connectors._sql_base  [orders] CREATE TABLE "public"."orders" (
    "order_id" BIGINT,
    "customer_id" BIGINT,
    "amount" DOUBLE PRECISION
)
2026-08-24 17:27:36,408  DEBUG     eds_loader.connectors._sql_base  [orders] inserting 2 row(s)
2026-08-24 17:27:36,408  INFO      eds_loader.connectors._sql_base  [orders] wrote 2 row(s) in 0.00s
2026-08-24 17:27:36,409  INFO      eds_loader.connectors._sql_base  Connected to test_user@localhost:5432/test_db
2026-08-24 17:27:36,409  DEBUG     eds_loader.connectors._sql_base  Ensuring namespace exists: CREATE SCHEMA IF NOT EXISTS "public"
2026-08-24 17:27:36,410  DEBUG     eds_loader.connectors._sql_base  [customers] DROP TABLE IF EXISTS "public"."customers" CASCADE
2026-08-24 17:27:36,410  DEBUG     eds_loader.connectors._sql_base  [customers] CREATE TABLE "public"."customers" (
    "customer_id" BIGINT,
    "name" TEXT
)
2026-08-24 17:27:36,410  DEBUG     eds_loader.connectors._sql_base  [customers] inserting 3 row(s)
2026-08-24 17:27:36,410  INFO      eds_loader.connectors._sql_base  [customers] wrote 3 row(s) in 0.00s
2026-08-24 17:27:36,410  DEBUG     eds_loader.connectors._sql_base  [orders] DROP TABLE IF EXISTS "public"."orders" CASCADE
2026-08-24 17:27:36,410  DEBUG     eds_loader.connectors._sql_base  [orders] CREATE TABLE "public"."orders" (
    "order_id" BIGINT,
    "customer_id" BIGINT,
    "amount" DOUBLE PRECISION
)
2026-08-24 17:27:36,410  DEBUG     eds_loader.connectors._sql_base  [orders] inserting 2 row(s)
2026-08-24 17:27:36,411  INFO      eds_loader.connectors._sql_base  [orders] wrote 2 row(s) in 0.00s
2026-08-24 17:27:36,412  INFO      eds_loader.connectors._sql_base  Connected to test_user@dbserver:5433/mydb
2026-08-24 17:27:36,412  DEBUG     eds_loader.connectors._sql_base  Ensuring namespace exists: CREATE SCHEMA IF NOT EXISTS "public"
2026-08-24 17:27:36,412  DEBUG     eds_loader.connectors._sql_base  [tbl] DROP TABLE IF EXISTS "public"."tbl" CASCADE
2026-08-24 17:27:36,412  DEBUG     eds_loader.connectors._sql_base  [tbl] CREATE TABLE "public"."tbl" (
    "id" BIGINT
)
2026-08-24 17:27:36,412  DEBUG     eds_loader.connectors._sql_base  [tbl] inserting 1 row(s)
2026-08-24 17:27:36,413  INFO      eds_loader.connectors._sql_base  [tbl] wrote 1 row(s) in 0.00s
2026-08-24 17:27:36,414  INFO      eds_loader.connectors._sql_base  Connected to test_user@localhost:5432/test_db
2026-08-24 17:27:36,414  DEBUG     eds_loader.connectors._sql_base  Table write order (FK-sorted): customers, orders
2026-08-24 17:27:36,414  DEBUG     eds_loader.connectors._sql_base  Ensuring namespace exists: CREATE SCHEMA IF NOT EXISTS "public"
2026-08-24 17:27:36,415  DEBUG     eds_loader.connectors._sql_base  [customers] DROP TABLE IF EXISTS "public"."customers" CASCADE
2026-08-24 17:27:36,415  DEBUG     eds_loader.connectors._sql_base  [customers] CREATE TABLE "public"."customers" (
    "customer_id" BIGINT PRIMARY KEY,
    "name" TEXT UNIQUE
)
2026-08-24 17:27:36,415  DEBUG     eds_loader.connectors._sql_base  [customers] inserting 3 row(s)
2026-08-24 17:27:36,415  INFO      eds_loader.connectors._sql_base  [customers] wrote 3 row(s) in 0.00s
2026-08-24 17:27:36,415  DEBUG     eds_loader.connectors._sql_base  [orders] DROP TABLE IF EXISTS "public"."orders" CASCADE
2026-08-24 17:27:36,415  DEBUG     eds_loader.connectors._sql_base  [orders] CREATE TABLE "public"."orders" (
    "order_id" BIGINT PRIMARY KEY,
    "customer_id" BIGINT NOT NULL REFERENCES "public"."customers"("customer_id"),
    "amount" DOUBLE PRECISION
)
2026-08-24 17:27:36,415  DEBUG     eds_loader.connectors._sql_base  [orders] inserting 2 row(s)
2026-08-24 17:27:36,415  INFO      eds_loader.connectors._sql_base  [orders] wrote 2 row(s) in 0.00s
2026-08-24 17:27:36,416  INFO      eds_loader.connectors._sql_base  Connected to test_user@localhost:5432/test_db
2026-08-24 17:27:36,416  DEBUG     eds_loader.connectors._sql_base  Table write order (FK-sorted): customers, orders
2026-08-24 17:27:36,416  DEBUG     eds_loader.connectors._sql_base  Ensuring namespace exists: CREATE SCHEMA IF NOT EXISTS "public"
2026-08-24 17:27:36,417  DEBUG     eds_loader.connectors._sql_base  [customers] DROP TABLE IF EXISTS "public"."customers" CASCADE
2026-08-24 17:27:36,417  DEBUG     eds_loader.connectors._sql_base  [customers] CREATE TABLE "public"."customers" (
    "customer_id" BIGINT PRIMARY KEY,
    "name" TEXT UNIQUE
)
2026-08-24 17:27:36,417  DEBUG     eds_loader.connectors._sql_base  [customers] inserting 3 row(s)
2026-08-24 17:27:36,417  INFO      eds_loader.connectors._sql_base  [customers] wrote 3 row(s) in 0.00s
2026-08-24 17:27:36,417  DEBUG     eds_loader.connectors._sql_base  [orders] DROP TABLE IF EXISTS "public"."orders" CASCADE
2026-08-24 17:27:36,417  DEBUG     eds_loader.connectors._sql_base  [orders] CREATE TABLE "public"."orders" (
    "order_id" BIGINT PRIMARY KEY,
    "customer_id" BIGINT NOT NULL REFERENCES "public"."customers"("customer_id"),
    "amount" DOUBLE PRECISION
)
2026-08-24 17:27:36,417  DEBUG     eds_loader.connectors._sql_base  [orders] inserting 2 row(s)
2026-08-24 17:27:36,418  INFO      eds_loader.connectors._sql_base  [orders] wrote 2 row(s) in 0.00s
2026-08-24 17:27:36,419  INFO      eds_loader.connectors._sql_base  Connected to test_user@localhost:5432/test_db
2026-08-24 17:27:36,419  DEBUG     eds_loader.connectors._sql_base  Ensuring namespace exists: CREATE SCHEMA IF NOT EXISTS "public"
2026-08-24 17:27:36,420  DEBUG     eds_loader.connectors._sql_base  [empty] DROP TABLE IF EXISTS "public"."empty" CASCADE
2026-08-24 17:27:36,420  DEBUG     eds_loader.connectors._sql_base  [empty] CREATE TABLE "public"."empty" (
    "id" BIGINT
)
2026-08-24 17:27:36,420  DEBUG     eds_loader.connectors._sql_base  [empty] inserting 0 row(s)
2026-08-24 17:27:36,420  INFO      eds_loader.connectors._sql_base  [empty] wrote 0 row(s) in 0.00s
2026-08-24 17:27:36,422  INFO      eds_loader.connectors._sql_base  Connected to test_user@localhost:5432/test_db
2026-08-24 17:27:36,422  DEBUG     eds_loader.connectors._sql_base  Ensuring namespace exists: CREATE SCHEMA IF NOT EXISTS "public"
2026-08-24 17:27:36,422  DEBUG     eds_loader.connectors._sql_base  [tbl] DROP TABLE IF EXISTS "public"."tbl" CASCADE
2026-08-24 17:27:36,422  DEBUG     eds_loader.connectors._sql_base  [tbl] CREATE TABLE "public"."tbl" (
    "id" BIGINT
)
2026-08-24 17:27:36,422  ERROR     eds_loader.connectors._sql_base  [tbl] write failed: DB error
2026-08-24 17:27:36,424  INFO      eds_loader.connectors._sql_base  Connected to test_user@localhost:5432/test_db
2026-08-24 17:27:36,424  DEBUG     eds_loader.connectors._sql_base  Ensuring namespace exists: CREATE SCHEMA IF NOT EXISTS "public"
2026-08-24 17:27:36,424  DEBUG     eds_loader.connectors._sql_base  [tbl] DROP TABLE IF EXISTS "public"."tbl" CASCADE
2026-08-24 17:27:36,424  DEBUG     eds_loader.connectors._sql_base  [tbl] CREATE TABLE "public"."tbl" (
    "id" BIGINT
)
2026-08-24 17:27:36,424  ERROR     eds_loader.connectors._sql_base  [tbl] write failed: oops
2026-08-24 17:27:36,437  DEBUG     eds_loader.connectors.local_fs  Reading schema.json from C:\Users\Mohit Patel\AppData\Local\Temp\pytest-of-spmohit\pytest-29\test_integration_local_fs_to_p0\source\schema.json
2026-08-24 17:27:36,438  DEBUG     eds_loader.connectors.local_fs  schema.json parsed: 2 dataset(s)
2026-08-24 17:27:36,440  INFO      eds_loader.connectors.local_fs  Read customers: 3 row(s) from C:\Users\Mohit Patel\AppData\Local\Temp\pytest-of-spmohit\pytest-29\test_integration_local_fs_to_p0\source\customers.parquet
2026-08-24 17:27:36,442  INFO      eds_loader.connectors.local_fs  Read orders: 2 row(s) from C:\Users\Mohit Patel\AppData\Local\Temp\pytest-of-spmohit\pytest-29\test_integration_local_fs_to_p0\source\orders.parquet
2026-08-24 17:27:36,442  INFO      eds_loader.loader  Read 2 dataset(s) from source
2026-08-24 17:27:36,442  INFO      eds_loader.connectors._sql_base  Connected to test_user@localhost:5432/test_db
2026-08-24 17:27:36,442  DEBUG     eds_loader.connectors._sql_base  Table write order (FK-sorted): customers, orders
2026-08-24 17:27:36,442  DEBUG     eds_loader.connectors._sql_base  Ensuring namespace exists: CREATE SCHEMA IF NOT EXISTS "public"
2026-08-24 17:27:36,443  DEBUG     eds_loader.connectors._sql_base  [customers] DROP TABLE IF EXISTS "public"."customers" CASCADE
2026-08-24 17:27:36,443  DEBUG     eds_loader.connectors._sql_base  [customers] CREATE TABLE "public"."customers" (
    "customer_id" BIGINT PRIMARY KEY,
    "name" TEXT UNIQUE
)
2026-08-24 17:27:36,443  DEBUG     eds_loader.connectors._sql_base  [customers] inserting 3 row(s)
2026-08-24 17:27:36,443  INFO      eds_loader.connectors._sql_base  [customers] wrote 3 row(s) in 0.00s
2026-08-24 17:27:36,443  DEBUG     eds_loader.connectors._sql_base  [orders] DROP TABLE IF EXISTS "public"."orders" CASCADE
2026-08-24 17:27:36,443  DEBUG     eds_loader.connectors._sql_base  [orders] CREATE TABLE "public"."orders" (
    "order_id" BIGINT PRIMARY KEY,
    "customer_id" BIGINT NOT NULL REFERENCES "public"."customers"("customer_id"),
    "amount" DOUBLE PRECISION
)
2026-08-24 17:27:36,444  DEBUG     eds_loader.connectors._sql_base  [orders] inserting 2 row(s)
2026-08-24 17:27:36,444  INFO      eds_loader.connectors._sql_base  [orders] wrote 2 row(s) in 0.00s
2026-08-24 17:27:36,444  INFO      eds_loader.loader  Load complete: 5 row(s) written
2026-08-24 17:27:36,450  DEBUG     eds_loader.connectors.local_fs  Reading schema.json from C:\Users\Mohit Patel\AppData\Local\Temp\pytest-of-spmohit\pytest-29\test_integration_enforce_false1\source2\schema.json
2026-08-24 17:27:36,451  DEBUG     eds_loader.connectors.local_fs  schema.json parsed: 2 dataset(s)
2026-08-24 17:27:36,454  INFO      eds_loader.connectors.local_fs  Read customers: 3 row(s) from C:\Users\Mohit Patel\AppData\Local\Temp\pytest-of-spmohit\pytest-29\test_integration_enforce_false1\source2\customers.parquet
2026-08-24 17:27:36,456  INFO      eds_loader.connectors.local_fs  Read orders: 2 row(s) from C:\Users\Mohit Patel\AppData\Local\Temp\pytest-of-spmohit\pytest-29\test_integration_enforce_false1\source2\orders.parquet
2026-08-24 17:27:36,456  INFO      eds_loader.loader  Read 2 dataset(s) from source
2026-08-24 17:27:36,456  INFO      eds_loader.connectors._sql_base  Connected to test_user@localhost:5432/test_db
2026-08-24 17:27:36,456  DEBUG     eds_loader.connectors._sql_base  Ensuring namespace exists: CREATE SCHEMA IF NOT EXISTS "public"
2026-08-24 17:27:36,456  DEBUG     eds_loader.connectors._sql_base  [customers] DROP TABLE IF EXISTS "public"."customers" CASCADE
2026-08-24 17:27:36,457  DEBUG     eds_loader.connectors._sql_base  [customers] CREATE TABLE "public"."customers" (
    "customer_id" BIGINT,
    "name" TEXT
)
2026-08-24 17:27:36,457  DEBUG     eds_loader.connectors._sql_base  [customers] inserting 3 row(s)
2026-08-24 17:27:36,457  INFO      eds_loader.connectors._sql_base  [customers] wrote 3 row(s) in 0.00s
2026-08-24 17:27:36,457  DEBUG     eds_loader.connectors._sql_base  [orders] DROP TABLE IF EXISTS "public"."orders" CASCADE
2026-08-24 17:27:36,457  DEBUG     eds_loader.connectors._sql_base  [orders] CREATE TABLE "public"."orders" (
    "order_id" BIGINT,
    "customer_id" BIGINT,
    "amount" DOUBLE PRECISION
)
2026-08-24 17:27:36,457  DEBUG     eds_loader.connectors._sql_base  [orders] inserting 2 row(s)
2026-08-24 17:27:36,457  INFO      eds_loader.connectors._sql_base  [orders] wrote 2 row(s) in 0.00s
2026-08-24 17:27:36,457  INFO      eds_loader.loader  Load complete: 5 row(s) written
2026-08-24 17:27:36,471  INFO      eds_loader.connectors.remote_fs  Connected to SFTP testuser@test.example.com:22
2026-08-24 17:27:36,473  INFO      eds_loader.connectors.remote_fs  Connected to SFTP testuser@test.example.com:22
2026-08-24 17:27:36,536  INFO      eds_loader.connectors.remote_fs  Connected to SFTP testuser@test.example.com:22
2026-08-24 17:27:36,546  DEBUG     eds_loader.connectors.remote_fs  Listing remote directory: /data/eds
2026-08-24 17:27:36,546  DEBUG     eds_loader.connectors.remote_fs  Found 2 .parquet file(s) in /data/eds
2026-08-24 17:27:36,548  INFO      eds_loader.connectors.remote_fs  Downloaded customers: 2 row(s) from /data/eds/customers.parquet
2026-08-24 17:27:36,549  INFO      eds_loader.connectors.remote_fs  Downloaded orders: 1 row(s) from /data/eds/orders.parquet
2026-08-24 17:27:36,551  DEBUG     eds_loader.connectors.remote_fs  Listing remote directory: /data/eds
2026-08-24 17:27:36,551  DEBUG     eds_loader.connectors.remote_fs  Found 1 .parquet file(s) in /data/eds
2026-08-24 17:27:36,551  INFO      eds_loader.connectors.remote_fs  Downloaded data: 1 row(s) from /data/eds/data.parquet
2026-08-24 17:27:36,553  DEBUG     eds_loader.connectors.remote_fs  Listing remote directory: /data/eds
2026-08-24 17:27:36,557  INFO      eds_loader.connectors.remote_fs  Downloaded customers: 2 row(s) from /data/eds/customers.parquet
2026-08-24 17:27:36,559  INFO      eds_loader.connectors.remote_fs  Downloaded my_table: 3 row(s) from /data/eds/my_table.parquet
2026-08-24 17:27:36,590  DEBUG     eds_loader.connectors.remote_fs  Listing remote directory: /data/eds
2026-08-24 17:27:36,590  DEBUG     eds_loader.connectors.remote_fs  Found 0 .parquet file(s) in /data/eds
2026-08-24 17:27:36,600  INFO      eds_loader.connectors.remote_fs  Downloaded customers: 2 row(s) from /data/eds/customers.parquet
2026-08-24 17:27:36,601  INFO      eds_loader.connectors.remote_fs  Downloaded orders: 1 row(s) from /data/eds/orders.parquet
2026-08-24 17:27:36,601  INFO      eds_loader.loader  Read 2 dataset(s) from source
2026-08-24 17:27:36,602  INFO      eds_loader.connectors.local_fs  Wrote customers: 2 row(s) to C:\Users\Mohit Patel\AppData\Local\Temp\pytest-of-spmohit\pytest-29\test_integration_remote_fs_sou0\remote_to_local_target\customers.parquet
2026-08-24 17:27:36,604  INFO      eds_loader.connectors.local_fs  Wrote orders: 1 row(s) to C:\Users\Mohit Patel\AppData\Local\Temp\pytest-of-spmohit\pytest-29\test_integration_remote_fs_sou0\remote_to_local_target\orders.parquet
2026-08-24 17:27:36,604  DEBUG     eds_loader.connectors.local_fs  Merging schema.json at target
2026-08-24 17:27:36,605  INFO      eds_loader.loader  Load complete: 3 row(s) written
2026-08-24 17:27:36,609  INFO      eds_loader.connectors.remote_fs  Downloaded customers: 2 row(s) from /data/eds/customers.parquet
2026-08-24 17:27:36,609  INFO      eds_loader.loader  Read 1 dataset(s) from source
2026-08-24 17:27:36,610  INFO      eds_loader.connectors.local_fs  Wrote customers: 2 row(s) to C:\Users\Mohit Patel\AppData\Local\Temp\pytest-of-spmohit\pytest-29\test_integration_table_subset_1\subset_target\customers.parquet
2026-08-24 17:27:36,610  DEBUG     eds_loader.connectors.local_fs  Merging schema.json at target
2026-08-24 17:27:36,611  INFO      eds_loader.loader  Load complete: 2 row(s) written
2026-08-24 17:27:36,643  INFO      eds_loader.loader  Read 2 dataset(s) from source
2026-08-24 17:27:36,644  INFO      eds_loader.connectors.local_fs  Wrote customers: 2 row(s) to C:\Users\Mohit Patel\AppData\Local\Temp\pytest-of-spmohit\pytest-29\test_integration_s3_source_via0\target\customers.parquet
2026-08-24 17:27:36,645  INFO      eds_loader.connectors.local_fs  Wrote orders: 1 row(s) to C:\Users\Mohit Patel\AppData\Local\Temp\pytest-of-spmohit\pytest-29\test_integration_s3_source_via0\target\orders.parquet
2026-08-24 17:27:36,645  DEBUG     eds_loader.connectors.local_fs  Merging schema.json at target
2026-08-24 17:27:36,646  INFO      eds_loader.loader  Load complete: 3 row(s) written
2026-08-24 17:27:36,659  INFO      eds_loader.connectors._sql_base  Connected to testuser@testhost:9999/testdb
2026-08-24 17:27:36,659  DEBUG     eds_loader.connectors._sql_base  Ensuring namespace exists: CREATE DATABASE IF NOT EXISTS [testdb]
2026-08-24 17:27:36,660  DEBUG     eds_loader.connectors._sql_base  [t] DROP TABLE IF EXISTS [testdb].[t]
2026-08-24 17:27:36,660  DEBUG     eds_loader.connectors._sql_base  [t] CREATE TABLE [testdb].[t] (
    [id] INT
)
2026-08-24 17:27:36,660  DEBUG     eds_loader.connectors._sql_base  [t] inserting 1 row(s)
2026-08-24 17:27:36,660  INFO      eds_loader.connectors._sql_base  [t] wrote 1 row(s) in 0.00s
2026-08-24 17:27:36,661  INFO      eds_loader.connectors._sql_base  Connected to testuser@testhost:9999/testdb
2026-08-24 17:27:36,662  DEBUG     eds_loader.connectors._sql_base  [t] DROP TABLE IF EXISTS [testdb].[t]
2026-08-24 17:27:36,662  DEBUG     eds_loader.connectors._sql_base  [t] CREATE TABLE [testdb].[t] (
    [id] INT
)
2026-08-24 17:27:36,662  DEBUG     eds_loader.connectors._sql_base  [t] inserting 1 row(s)
2026-08-24 17:27:36,662  INFO      eds_loader.connectors._sql_base  [t] wrote 1 row(s) in 0.00s
2026-08-24 17:27:36,663  INFO      eds_loader.connectors._sql_base  Connected to testuser@testhost:9999/testdb
2026-08-24 17:27:36,664  DEBUG     eds_loader.connectors._sql_base  [t] DROP TABLE IF EXISTS [testdb].[t]
2026-08-24 17:27:36,664  ERROR     eds_loader.connectors._sql_base  [t] write failed: DB down
2026-08-24 17:27:36,665  INFO      eds_loader.connectors._sql_base  Connected to testuser@testhost:9999/testdb
2026-08-24 17:27:36,666  DEBUG     eds_loader.connectors._sql_base  [a] DROP TABLE IF EXISTS [testdb].[a]
2026-08-24 17:27:36,666  DEBUG     eds_loader.connectors._sql_base  [a] CREATE TABLE [testdb].[a] (
    [id] INT
)
2026-08-24 17:27:36,666  DEBUG     eds_loader.connectors._sql_base  [a] inserting 1 row(s)
2026-08-24 17:27:36,666  INFO      eds_loader.connectors._sql_base  [a] wrote 1 row(s) in 0.00s
2026-08-24 17:27:36,667  DEBUG     eds_loader.connectors._sql_base  [b] DROP TABLE IF EXISTS [testdb].[b]
2026-08-24 17:27:36,667  DEBUG     eds_loader.connectors._sql_base  [b] CREATE TABLE [testdb].[b] (
    [id] INT
)
2026-08-24 17:27:36,667  DEBUG     eds_loader.connectors._sql_base  [b] inserting 1 row(s)
2026-08-24 17:27:36,667  INFO      eds_loader.connectors._sql_base  [b] wrote 1 row(s) in 0.00s
2026-08-24 17:27:36,668  INFO      eds_loader.connectors._sql_base  Connected to testuser@testhost:9999/testdb
2026-08-24 17:27:36,669  DEBUG     eds_loader.connectors._sql_base  [z] DROP TABLE IF EXISTS [testdb].[z]
2026-08-24 17:27:36,670  DEBUG     eds_loader.connectors._sql_base  [z] CREATE TABLE [testdb].[z] (
    [id] INT
)
2026-08-24 17:27:36,670  DEBUG     eds_loader.connectors._sql_base  [z] inserting 1 row(s)
2026-08-24 17:27:36,670  INFO      eds_loader.connectors._sql_base  [z] wrote 1 row(s) in 0.00s
2026-08-24 17:27:36,670  DEBUG     eds_loader.connectors._sql_base  [a] DROP TABLE IF EXISTS [testdb].[a]
2026-08-24 17:27:36,670  DEBUG     eds_loader.connectors._sql_base  [a] CREATE TABLE [testdb].[a] (
    [id] INT
)
2026-08-24 17:27:36,670  DEBUG     eds_loader.connectors._sql_base  [a] inserting 1 row(s)
2026-08-24 17:27:36,671  INFO      eds_loader.connectors._sql_base  [a] wrote 1 row(s) in 0.00s
2026-08-24 17:27:36,672  INFO      eds_loader.connectors._sql_base  Connected to testuser@testhost:9999/testdb
2026-08-24 17:27:36,673  DEBUG     eds_loader.connectors._sql_base  [tbl] DROP TABLE IF EXISTS [testdb].[tbl]
2026-08-24 17:27:36,673  DEBUG     eds_loader.connectors._sql_base  [tbl] CREATE TABLE [testdb].[tbl] (
    [id] INT
)
2026-08-24 17:27:36,673  DEBUG     eds_loader.connectors._sql_base  [tbl] inserting 1 row(s)
2026-08-24 17:27:36,673  INFO      eds_loader.connectors._sql_base  [tbl] wrote 1 row(s) in 0.00s
2026-08-24 17:27:36,674  INFO      eds_loader.connectors._sql_base  Connected to testuser@testhost:9999/testdb
2026-08-24 17:27:36,677  DEBUG     eds_loader.connectors._sql_base  [t] DROP TABLE IF EXISTS [testdb].[t]
2026-08-24 17:27:36,677  DEBUG     eds_loader.connectors._sql_base  [t] CREATE TABLE [testdb].[t] (
    [id] INT
)
2026-08-24 17:27:36,677  DEBUG     eds_loader.connectors._sql_base  [t] inserting 3 row(s)
2026-08-24 17:27:36,677  INFO      eds_loader.connectors._sql_base  [t] wrote 3 row(s) in 0.00s
2026-08-24 17:27:36,678  INFO      eds_loader.connectors._sql_base  Connected to testuser@testhost:9999/testdb
2026-08-24 17:27:36,679  DEBUG     eds_loader.connectors._sql_base  [t] DROP TABLE IF EXISTS [testdb].[t]
2026-08-24 17:27:36,679  DEBUG     eds_loader.connectors._sql_base  [t] CREATE TABLE [testdb].[t] (
    [id] INT
)
2026-08-24 17:27:36,679  ERROR     eds_loader.connectors._sql_base  [t] write failed: syntax error
2026-08-24 17:27:36,680  INFO      eds_loader.connectors._sql_base  Connected to testuser@testhost:9999/testdb
2026-08-24 17:27:36,681  DEBUG     eds_loader.connectors._sql_base  [t] DROP TABLE IF EXISTS [testdb].[t]
2026-08-24 17:27:36,681  DEBUG     eds_loader.connectors._sql_base  [t] CREATE TABLE [testdb].[t] (
    [id] INT
)
2026-08-24 17:27:36,681  ERROR     eds_loader.connectors._sql_base  [t] write failed: oops
