2026-08-17 16:32:18,282  DEBUG     eds_loader.connectors.local_fs  Reading schema.json from C:\Users\Mohit Patel\Downloads\EDS\EDS\output\schema.json
2026-08-17 16:32:18,296  DEBUG     eds_loader.connectors.local_fs  schema.json parsed: 39 dataset(s)
2026-08-17 16:33:15,017  INFO      eds_loader.cli.main  eds-loader run invoked (config=loader.yaml, dry_run=True)
2026-08-17 16:33:15,019  INFO      eds_loader.cli.main  Config loaded: source=local_fs target=mssql tables=(all) enforce_constraints=True schema_required=True
2026-08-17 16:33:15,024  DEBUG     eds_loader.connectors.local_fs  Reading schema.json from C:\Users\Mohit Patel\Downloads\EDS\EDS\output\schema.json
2026-08-17 16:33:15,025  DEBUG     eds_loader.connectors.local_fs  schema.json parsed: 39 dataset(s)
2026-08-17 16:33:15,025  INFO      eds_loader.cli.main  Dry-run: reading ['brands', 'cart_items', 'categories', 'category_views', 'checkout', 'cities', 'countries', 'coupon_types', 'customer_addresses', 'customer_loyalty', 'customer_personas', 'customer_preferences', 'customers', 'inventory', 'order_lines', 'order_status_history', 'orders', 'payment_methods', 'payment_status_history', 'payments', 'product_views', 'products', 'return_items', 'return_reasons', 'return_status_history', 'returns', 'reviews', 'search_history', 'sessions', 'shipment_items', 'shipment_status_history', 'shipments', 'shipping_methods', 'shopping_carts', 'states', 'suppliers', 'tax_codes', 'warehouses', 'wishlists'] dataset(s) from source
2026-08-17 16:33:15,085  INFO      eds_loader.connectors.local_fs  Read brands: 50 row(s) from C:\Users\Mohit Patel\Downloads\EDS\EDS\output\brands.parquet
2026-08-17 16:33:15,096  INFO      eds_loader.connectors.local_fs  Read cart_items: 1703 row(s) from C:\Users\Mohit Patel\Downloads\EDS\EDS\output\cart_items.parquet
2026-08-17 16:33:15,105  INFO      eds_loader.connectors.local_fs  Read categories: 168 row(s) from C:\Users\Mohit Patel\Downloads\EDS\EDS\output\categories.parquet
2026-08-17 16:33:15,118  INFO      eds_loader.connectors.local_fs  Read category_views: 28310 row(s) from C:\Users\Mohit Patel\Downloads\EDS\EDS\output\category_views.parquet
2026-08-17 16:33:15,128  INFO      eds_loader.connectors.local_fs  Read checkout: 376 row(s) from C:\Users\Mohit Patel\Downloads\EDS\EDS\output\checkout.parquet
2026-08-17 16:33:15,139  INFO      eds_loader.connectors.local_fs  Read cities: 255 row(s) from C:\Users\Mohit Patel\Downloads\EDS\EDS\output\cities.parquet
2026-08-17 16:33:15,152  INFO      eds_loader.connectors.local_fs  Read countries: 1 row(s) from C:\Users\Mohit Patel\Downloads\EDS\EDS\output\countries.parquet
2026-08-17 16:33:15,161  INFO      eds_loader.connectors.local_fs  Read coupon_types: 8 row(s) from C:\Users\Mohit Patel\Downloads\EDS\EDS\output\coupon_types.parquet
2026-08-17 16:33:15,173  INFO      eds_loader.connectors.local_fs  Read customer_addresses: 1495 row(s) from C:\Users\Mohit Patel\Downloads\EDS\EDS\output\customer_addresses.parquet
2026-08-17 16:33:15,183  INFO      eds_loader.connectors.local_fs  Read customer_loyalty: 1000 row(s) from C:\Users\Mohit Patel\Downloads\EDS\EDS\output\customer_loyalty.parquet
2026-08-17 16:33:15,192  INFO      eds_loader.connectors.local_fs  Read customer_personas: 1000 row(s) from C:\Users\Mohit Patel\Downloads\EDS\EDS\output\customer_personas.parquet
2026-08-17 16:33:15,201  INFO      eds_loader.connectors.local_fs  Read customer_preferences: 1000 row(s) from C:\Users\Mohit Patel\Downloads\EDS\EDS\output\customer_preferences.parquet
2026-08-17 16:33:15,212  INFO      eds_loader.connectors.local_fs  Read customers: 1000 row(s) from C:\Users\Mohit Patel\Downloads\EDS\EDS\output\customers.parquet
2026-08-17 16:33:15,224  INFO      eds_loader.connectors.local_fs  Read inventory: 3000 row(s) from C:\Users\Mohit Patel\Downloads\EDS\EDS\output\inventory.parquet
2026-08-17 16:33:15,231  INFO      eds_loader.connectors.local_fs  Read order_lines: 513 row(s) from C:\Users\Mohit Patel\Downloads\EDS\EDS\output\order_lines.parquet
2026-08-17 16:33:15,244  INFO      eds_loader.connectors.local_fs  Read order_status_history: 879 row(s) from C:\Users\Mohit Patel\Downloads\EDS\EDS\output\order_status_history.parquet
2026-08-17 16:33:15,255  INFO      eds_loader.connectors.local_fs  Read orders: 311 row(s) from C:\Users\Mohit Patel\Downloads\EDS\EDS\output\orders.parquet
2026-08-17 16:33:15,265  INFO      eds_loader.connectors.local_fs  Read payment_methods: 13 row(s) from C:\Users\Mohit Patel\Downloads\EDS\EDS\output\payment_methods.parquet
2026-08-17 16:33:15,274  INFO      eds_loader.connectors.local_fs  Read payment_status_history: 596 row(s) from C:\Users\Mohit Patel\Downloads\EDS\EDS\output\payment_status_history.parquet
2026-08-17 16:33:15,283  INFO      eds_loader.connectors.local_fs  Read payments: 309 row(s) from C:\Users\Mohit Patel\Downloads\EDS\EDS\output\payments.parquet
2026-08-17 16:33:15,302  INFO      eds_loader.connectors.local_fs  Read product_views: 88248 row(s) from C:\Users\Mohit Patel\Downloads\EDS\EDS\output\product_views.parquet
2026-08-17 16:33:15,312  INFO      eds_loader.connectors.local_fs  Read products: 1000 row(s) from C:\Users\Mohit Patel\Downloads\EDS\EDS\output\products.parquet
2026-08-17 16:33:15,321  INFO      eds_loader.connectors.local_fs  Read return_items: 42 row(s) from C:\Users\Mohit Patel\Downloads\EDS\EDS\output\return_items.parquet
2026-08-17 16:33:15,331  INFO      eds_loader.connectors.local_fs  Read return_reasons: 5 row(s) from C:\Users\Mohit Patel\Downloads\EDS\EDS\output\return_reasons.parquet
2026-08-17 16:33:15,339  INFO      eds_loader.connectors.local_fs  Read return_status_history: 168 row(s) from C:\Users\Mohit Patel\Downloads\EDS\EDS\output\return_status_history.parquet
2026-08-17 16:33:15,350  INFO      eds_loader.connectors.local_fs  Read returns: 35 row(s) from C:\Users\Mohit Patel\Downloads\EDS\EDS\output\returns.parquet
2026-08-17 16:33:15,365  INFO      eds_loader.connectors.local_fs  Read reviews: 58 row(s) from C:\Users\Mohit Patel\Downloads\EDS\EDS\output\reviews.parquet
2026-08-17 16:33:15,376  INFO      eds_loader.connectors.local_fs  Read search_history: 11460 row(s) from C:\Users\Mohit Patel\Downloads\EDS\EDS\output\search_history.parquet
2026-08-17 16:33:15,387  INFO      eds_loader.connectors.local_fs  Read sessions: 5752 row(s) from C:\Users\Mohit Patel\Downloads\EDS\EDS\output\sessions.parquet
2026-08-17 16:33:15,398  INFO      eds_loader.connectors.local_fs  Read shipment_items: 469 row(s) from C:\Users\Mohit Patel\Downloads\EDS\EDS\output\shipment_items.parquet
2026-08-17 16:33:15,407  INFO      eds_loader.connectors.local_fs  Read shipment_status_history: 1379 row(s) from C:\Users\Mohit Patel\Downloads\EDS\EDS\output\shipment_status_history.parquet
2026-08-17 16:33:15,416  INFO      eds_loader.connectors.local_fs  Read shipments: 283 row(s) from C:\Users\Mohit Patel\Downloads\EDS\EDS\output\shipments.parquet
2026-08-17 16:33:15,427  INFO      eds_loader.connectors.local_fs  Read shipping_methods: 9 row(s) from C:\Users\Mohit Patel\Downloads\EDS\EDS\output\shipping_methods.parquet
2026-08-17 16:33:15,437  INFO      eds_loader.connectors.local_fs  Read shopping_carts: 914 row(s) from C:\Users\Mohit Patel\Downloads\EDS\EDS\output\shopping_carts.parquet
2026-08-17 16:33:15,454  INFO      eds_loader.connectors.local_fs  Read states: 51 row(s) from C:\Users\Mohit Patel\Downloads\EDS\EDS\output\states.parquet
2026-08-17 16:33:15,463  INFO      eds_loader.connectors.local_fs  Read suppliers: 25 row(s) from C:\Users\Mohit Patel\Downloads\EDS\EDS\output\suppliers.parquet
2026-08-17 16:33:15,475  INFO      eds_loader.connectors.local_fs  Read tax_codes: 7 row(s) from C:\Users\Mohit Patel\Downloads\EDS\EDS\output\tax_codes.parquet
2026-08-17 16:33:15,486  INFO      eds_loader.connectors.local_fs  Read warehouses: 10 row(s) from C:\Users\Mohit Patel\Downloads\EDS\EDS\output\warehouses.parquet
2026-08-17 16:33:15,494  INFO      eds_loader.connectors.local_fs  Read wishlists: 988 row(s) from C:\Users\Mohit Patel\Downloads\EDS\EDS\output\wishlists.parquet
2026-08-17 16:33:15,498  INFO      eds_loader.cli.main  Dry-run complete: 152890 row(s) across 39 dataset(s)
2026-08-17 16:33:35,168  INFO      eds_loader.cli.main  eds-loader run invoked (config=loader.yaml, dry_run=False)
2026-08-17 16:33:35,169  INFO      eds_loader.cli.main  Config loaded: source=local_fs target=mssql tables=(all) enforce_constraints=True schema_required=True
2026-08-17 16:33:35,169  INFO      eds_loader.loader  Starting load: source=local_fs target=mssql schema_required=True enforce_constraints=True
2026-08-17 16:33:35,169  DEBUG     eds_loader.loader  Source connector instantiated: LocalFSConnector
2026-08-17 16:33:35,169  DEBUG     eds_loader.loader  Target connector instantiated: MSSQLConnector
2026-08-17 16:33:35,169  INFO      eds_loader.loader  Reading schema.json from source
2026-08-17 16:33:35,170  DEBUG     eds_loader.connectors.local_fs  Reading schema.json from C:\Users\Mohit Patel\Downloads\EDS\EDS\output\schema.json
2026-08-17 16:33:35,170  DEBUG     eds_loader.connectors.local_fs  schema.json parsed: 39 dataset(s)
2026-08-17 16:33:35,170  DEBUG     eds_loader.loader  schema.json contains 39 dataset definition(s)
2026-08-17 16:33:35,170  INFO      eds_loader.loader  Loading 39 table(s): brands, cart_items, categories, category_views, checkout, cities, countries, coupon_types, customer_addresses, customer_loyalty, customer_personas, customer_preferences, customers, inventory, order_lines, order_status_history, orders, payment_methods, payment_status_history, payments, product_views, products, return_items, return_reasons, return_status_history, returns, reviews, search_history, sessions, shipment_items, shipment_status_history, shipments, shipping_methods, shopping_carts, states, suppliers, tax_codes, warehouses, wishlists
2026-08-17 16:33:35,174  INFO      eds_loader.connectors.local_fs  Read brands: 50 row(s) from C:\Users\Mohit Patel\Downloads\EDS\EDS\output\brands.parquet
2026-08-17 16:33:35,175  INFO      eds_loader.connectors.local_fs  Read cart_items: 1703 row(s) from C:\Users\Mohit Patel\Downloads\EDS\EDS\output\cart_items.parquet
2026-08-17 16:33:35,176  INFO      eds_loader.connectors.local_fs  Read categories: 168 row(s) from C:\Users\Mohit Patel\Downloads\EDS\EDS\output\categories.parquet
2026-08-17 16:33:35,179  INFO      eds_loader.connectors.local_fs  Read category_views: 28310 row(s) from C:\Users\Mohit Patel\Downloads\EDS\EDS\output\category_views.parquet
2026-08-17 16:33:35,179  INFO      eds_loader.connectors.local_fs  Read checkout: 376 row(s) from C:\Users\Mohit Patel\Downloads\EDS\EDS\output\checkout.parquet
2026-08-17 16:33:35,180  INFO      eds_loader.connectors.local_fs  Read cities: 255 row(s) from C:\Users\Mohit Patel\Downloads\EDS\EDS\output\cities.parquet
2026-08-17 16:33:35,181  INFO      eds_loader.connectors.local_fs  Read countries: 1 row(s) from C:\Users\Mohit Patel\Downloads\EDS\EDS\output\countries.parquet
2026-08-17 16:33:35,182  INFO      eds_loader.connectors.local_fs  Read coupon_types: 8 row(s) from C:\Users\Mohit Patel\Downloads\EDS\EDS\output\coupon_types.parquet
2026-08-17 16:33:35,183  INFO      eds_loader.connectors.local_fs  Read customer_addresses: 1495 row(s) from C:\Users\Mohit Patel\Downloads\EDS\EDS\output\customer_addresses.parquet
2026-08-17 16:33:35,184  INFO      eds_loader.connectors.local_fs  Read customer_loyalty: 1000 row(s) from C:\Users\Mohit Patel\Downloads\EDS\EDS\output\customer_loyalty.parquet
2026-08-17 16:33:35,185  INFO      eds_loader.connectors.local_fs  Read customer_personas: 1000 row(s) from C:\Users\Mohit Patel\Downloads\EDS\EDS\output\customer_personas.parquet
2026-08-17 16:33:35,186  INFO      eds_loader.connectors.local_fs  Read customer_preferences: 1000 row(s) from C:\Users\Mohit Patel\Downloads\EDS\EDS\output\customer_preferences.parquet
2026-08-17 16:33:35,187  INFO      eds_loader.connectors.local_fs  Read customers: 1000 row(s) from C:\Users\Mohit Patel\Downloads\EDS\EDS\output\customers.parquet
2026-08-17 16:33:35,189  INFO      eds_loader.connectors.local_fs  Read inventory: 3000 row(s) from C:\Users\Mohit Patel\Downloads\EDS\EDS\output\inventory.parquet
2026-08-17 16:33:35,190  INFO      eds_loader.connectors.local_fs  Read order_lines: 513 row(s) from C:\Users\Mohit Patel\Downloads\EDS\EDS\output\order_lines.parquet
2026-08-17 16:33:35,192  INFO      eds_loader.connectors.local_fs  Read order_status_history: 879 row(s) from C:\Users\Mohit Patel\Downloads\EDS\EDS\output\order_status_history.parquet
2026-08-17 16:33:35,193  INFO      eds_loader.connectors.local_fs  Read orders: 311 row(s) from C:\Users\Mohit Patel\Downloads\EDS\EDS\output\orders.parquet
2026-08-17 16:33:35,194  INFO      eds_loader.connectors.local_fs  Read payment_methods: 13 row(s) from C:\Users\Mohit Patel\Downloads\EDS\EDS\output\payment_methods.parquet
2026-08-17 16:33:35,195  INFO      eds_loader.connectors.local_fs  Read payment_status_history: 596 row(s) from C:\Users\Mohit Patel\Downloads\EDS\EDS\output\payment_status_history.parquet
2026-08-17 16:33:35,195  INFO      eds_loader.connectors.local_fs  Read payments: 309 row(s) from C:\Users\Mohit Patel\Downloads\EDS\EDS\output\payments.parquet
2026-08-17 16:33:35,202  INFO      eds_loader.connectors.local_fs  Read product_views: 88248 row(s) from C:\Users\Mohit Patel\Downloads\EDS\EDS\output\product_views.parquet
2026-08-17 16:33:35,203  INFO      eds_loader.connectors.local_fs  Read products: 1000 row(s) from C:\Users\Mohit Patel\Downloads\EDS\EDS\output\products.parquet
2026-08-17 16:33:35,204  INFO      eds_loader.connectors.local_fs  Read return_items: 42 row(s) from C:\Users\Mohit Patel\Downloads\EDS\EDS\output\return_items.parquet
2026-08-17 16:33:35,205  INFO      eds_loader.connectors.local_fs  Read return_reasons: 5 row(s) from C:\Users\Mohit Patel\Downloads\EDS\EDS\output\return_reasons.parquet
2026-08-17 16:33:35,205  INFO      eds_loader.connectors.local_fs  Read return_status_history: 168 row(s) from C:\Users\Mohit Patel\Downloads\EDS\EDS\output\return_status_history.parquet
2026-08-17 16:33:35,206  INFO      eds_loader.connectors.local_fs  Read returns: 35 row(s) from C:\Users\Mohit Patel\Downloads\EDS\EDS\output\returns.parquet
2026-08-17 16:33:35,207  INFO      eds_loader.connectors.local_fs  Read reviews: 58 row(s) from C:\Users\Mohit Patel\Downloads\EDS\EDS\output\reviews.parquet
2026-08-17 16:33:35,209  INFO      eds_loader.connectors.local_fs  Read search_history: 11460 row(s) from C:\Users\Mohit Patel\Downloads\EDS\EDS\output\search_history.parquet
2026-08-17 16:33:35,212  INFO      eds_loader.connectors.local_fs  Read sessions: 5752 row(s) from C:\Users\Mohit Patel\Downloads\EDS\EDS\output\sessions.parquet
2026-08-17 16:33:35,213  INFO      eds_loader.connectors.local_fs  Read shipment_items: 469 row(s) from C:\Users\Mohit Patel\Downloads\EDS\EDS\output\shipment_items.parquet
2026-08-17 16:33:35,213  INFO      eds_loader.connectors.local_fs  Read shipment_status_history: 1379 row(s) from C:\Users\Mohit Patel\Downloads\EDS\EDS\output\shipment_status_history.parquet
2026-08-17 16:33:35,214  INFO      eds_loader.connectors.local_fs  Read shipments: 283 row(s) from C:\Users\Mohit Patel\Downloads\EDS\EDS\output\shipments.parquet
2026-08-17 16:33:35,215  INFO      eds_loader.connectors.local_fs  Read shipping_methods: 9 row(s) from C:\Users\Mohit Patel\Downloads\EDS\EDS\output\shipping_methods.parquet
2026-08-17 16:33:35,216  INFO      eds_loader.connectors.local_fs  Read shopping_carts: 914 row(s) from C:\Users\Mohit Patel\Downloads\EDS\EDS\output\shopping_carts.parquet
2026-08-17 16:33:35,217  INFO      eds_loader.connectors.local_fs  Read states: 51 row(s) from C:\Users\Mohit Patel\Downloads\EDS\EDS\output\states.parquet
2026-08-17 16:33:35,218  INFO      eds_loader.connectors.local_fs  Read suppliers: 25 row(s) from C:\Users\Mohit Patel\Downloads\EDS\EDS\output\suppliers.parquet
2026-08-17 16:33:35,218  INFO      eds_loader.connectors.local_fs  Read tax_codes: 7 row(s) from C:\Users\Mohit Patel\Downloads\EDS\EDS\output\tax_codes.parquet
2026-08-17 16:33:35,219  INFO      eds_loader.connectors.local_fs  Read warehouses: 10 row(s) from C:\Users\Mohit Patel\Downloads\EDS\EDS\output\warehouses.parquet
2026-08-17 16:33:35,220  INFO      eds_loader.connectors.local_fs  Read wishlists: 988 row(s) from C:\Users\Mohit Patel\Downloads\EDS\EDS\output\wishlists.parquet
2026-08-17 16:33:35,220  INFO      eds_loader.loader  Read 39 dataset(s) from source, 152890 total row(s)
2026-08-17 16:33:35,220  DEBUG     eds_loader.loader    brands: 50 row(s), 5 column(s)
2026-08-17 16:33:35,220  DEBUG     eds_loader.loader    cart_items: 1703 row(s), 11 column(s)
2026-08-17 16:33:35,220  DEBUG     eds_loader.loader    categories: 168 row(s), 7 column(s)
2026-08-17 16:33:35,220  DEBUG     eds_loader.loader    category_views: 28310 row(s), 9 column(s)
2026-08-17 16:33:35,220  DEBUG     eds_loader.loader    checkout: 376 row(s), 17 column(s)
2026-08-17 16:33:35,220  DEBUG     eds_loader.loader    cities: 255 row(s), 8 column(s)
2026-08-17 16:33:35,221  DEBUG     eds_loader.loader    countries: 1 row(s), 7 column(s)
2026-08-17 16:33:35,221  DEBUG     eds_loader.loader    coupon_types: 8 row(s), 8 column(s)
2026-08-17 16:33:35,221  DEBUG     eds_loader.loader    customer_addresses: 1495 row(s), 13 column(s)
2026-08-17 16:33:35,221  DEBUG     eds_loader.loader    customer_loyalty: 1000 row(s), 7 column(s)
2026-08-17 16:33:35,221  DEBUG     eds_loader.loader    customer_personas: 1000 row(s), 14 column(s)
2026-08-17 16:33:35,221  DEBUG     eds_loader.loader    customer_preferences: 1000 row(s), 8 column(s)
2026-08-17 16:33:35,221  DEBUG     eds_loader.loader    customers: 1000 row(s), 22 column(s)
2026-08-17 16:33:35,221  DEBUG     eds_loader.loader    inventory: 3000 row(s), 8 column(s)
2026-08-17 16:33:35,221  DEBUG     eds_loader.loader    order_lines: 513 row(s), 7 column(s)
2026-08-17 16:33:35,221  DEBUG     eds_loader.loader    order_status_history: 879 row(s), 5 column(s)
2026-08-17 16:33:35,221  DEBUG     eds_loader.loader    orders: 311 row(s), 16 column(s)
2026-08-17 16:33:35,221  DEBUG     eds_loader.loader    payment_methods: 13 row(s), 7 column(s)
2026-08-17 16:33:35,221  DEBUG     eds_loader.loader    payment_status_history: 596 row(s), 5 column(s)
2026-08-17 16:33:35,221  DEBUG     eds_loader.loader    payments: 309 row(s), 12 column(s)
2026-08-17 16:33:35,221  DEBUG     eds_loader.loader    product_views: 88248 row(s), 12 column(s)
2026-08-17 16:33:35,221  DEBUG     eds_loader.loader    products: 1000 row(s), 17 column(s)
2026-08-17 16:33:35,221  DEBUG     eds_loader.loader    return_items: 42 row(s), 7 column(s)
2026-08-17 16:33:35,221  DEBUG     eds_loader.loader    return_reasons: 5 row(s), 6 column(s)
2026-08-17 16:33:35,221  DEBUG     eds_loader.loader    return_status_history: 168 row(s), 5 column(s)
2026-08-17 16:33:35,221  DEBUG     eds_loader.loader    returns: 35 row(s), 12 column(s)
2026-08-17 16:33:35,221  DEBUG     eds_loader.loader    reviews: 58 row(s), 12 column(s)
2026-08-17 16:33:35,221  DEBUG     eds_loader.loader    search_history: 11460 row(s), 11 column(s)
2026-08-17 16:33:35,221  DEBUG     eds_loader.loader    sessions: 5752 row(s), 19 column(s)
2026-08-17 16:33:35,221  DEBUG     eds_loader.loader    shipment_items: 469 row(s), 6 column(s)
2026-08-17 16:33:35,221  DEBUG     eds_loader.loader    shipment_status_history: 1379 row(s), 5 column(s)
2026-08-17 16:33:35,221  DEBUG     eds_loader.loader    shipments: 283 row(s), 13 column(s)
2026-08-17 16:33:35,221  DEBUG     eds_loader.loader    shipping_methods: 9 row(s), 10 column(s)
2026-08-17 16:33:35,221  DEBUG     eds_loader.loader    shopping_carts: 914 row(s), 7 column(s)
2026-08-17 16:33:35,221  DEBUG     eds_loader.loader    states: 51 row(s), 4 column(s)
2026-08-17 16:33:35,221  DEBUG     eds_loader.loader    suppliers: 25 row(s), 11 column(s)
2026-08-17 16:33:35,221  DEBUG     eds_loader.loader    tax_codes: 7 row(s), 6 column(s)
2026-08-17 16:33:35,221  DEBUG     eds_loader.loader    warehouses: 10 row(s), 10 column(s)
2026-08-17 16:33:35,221  DEBUG     eds_loader.loader    wishlists: 988 row(s), 7 column(s)
2026-08-17 16:33:35,221  DEBUG     eds_loader.loader  Constraint enforcement enabled — forwarding schema metadata to target
2026-08-17 16:33:35,221  INFO      eds_loader.loader  Writing 39 table(s) to target
2026-08-17 16:33:35,227  ERROR     eds_loader.loader  Load failed: Cannot connect to MSSQL at sa@192.168.1.14:1433/eds_db: ('IM002', '[IM002] [Microsoft][ODBC Driver Manager] Data source name not found and no default driver specified (0) (SQLDriverConnect)')
If this is a driver error, confirm 'ODBC Driver 18 for SQL Server' is installed (list installed drivers with `python -c "import pyodbc; print(pyodbc.drivers())"`).
2026-08-17 16:33:35,227  ERROR     eds_loader.cli.main  Load failed after 0.1s: Cannot connect to MSSQL at sa@192.168.1.14:1433/eds_db: ('IM002', '[IM002] [Microsoft][ODBC Driver Manager] Data source name not found and no default driver specified (0) (SQLDriverConnect)')
If this is a driver error, confirm 'ODBC Driver 18 for SQL Server' is installed (list installed drivers with `python -c "import pyodbc; print(pyodbc.drivers())"`).
2026-08-17 16:38:31,030  INFO      eds_loader.cli.main  eds-loader run invoked (config=loader.yaml, dry_run=True)
2026-08-17 16:38:31,032  INFO      eds_loader.cli.main  Config loaded: source=local_fs target=mssql tables=(all) enforce_constraints=True schema_required=True
2026-08-17 16:38:31,032  DEBUG     eds_loader.connectors.local_fs  Reading schema.json from C:\Users\Mohit Patel\Downloads\EDS\EDS\output\schema.json
2026-08-17 16:38:31,032  DEBUG     eds_loader.connectors.local_fs  schema.json parsed: 39 dataset(s)
2026-08-17 16:38:31,033  INFO      eds_loader.cli.main  Dry-run: reading ['brands', 'cart_items', 'categories', 'category_views', 'checkout', 'cities', 'countries', 'coupon_types', 'customer_addresses', 'customer_loyalty', 'customer_personas', 'customer_preferences', 'customers', 'inventory', 'order_lines', 'order_status_history', 'orders', 'payment_methods', 'payment_status_history', 'payments', 'product_views', 'products', 'return_items', 'return_reasons', 'return_status_history', 'returns', 'reviews', 'search_history', 'sessions', 'shipment_items', 'shipment_status_history', 'shipments', 'shipping_methods', 'shopping_carts', 'states', 'suppliers', 'tax_codes', 'warehouses', 'wishlists'] dataset(s) from source
2026-08-17 16:38:31,036  INFO      eds_loader.connectors.local_fs  Read brands: 50 row(s) from C:\Users\Mohit Patel\Downloads\EDS\EDS\output\brands.parquet
2026-08-17 16:38:31,038  INFO      eds_loader.connectors.local_fs  Read cart_items: 1703 row(s) from C:\Users\Mohit Patel\Downloads\EDS\EDS\output\cart_items.parquet
2026-08-17 16:38:31,039  INFO      eds_loader.connectors.local_fs  Read categories: 168 row(s) from C:\Users\Mohit Patel\Downloads\EDS\EDS\output\categories.parquet
2026-08-17 16:38:31,042  INFO      eds_loader.connectors.local_fs  Read category_views: 28310 row(s) from C:\Users\Mohit Patel\Downloads\EDS\EDS\output\category_views.parquet
2026-08-17 16:38:31,044  INFO      eds_loader.connectors.local_fs  Read checkout: 376 row(s) from C:\Users\Mohit Patel\Downloads\EDS\EDS\output\checkout.parquet
2026-08-17 16:38:31,045  INFO      eds_loader.connectors.local_fs  Read cities: 255 row(s) from C:\Users\Mohit Patel\Downloads\EDS\EDS\output\cities.parquet
2026-08-17 16:38:31,051  INFO      eds_loader.connectors.local_fs  Read countries: 1 row(s) from C:\Users\Mohit Patel\Downloads\EDS\EDS\output\countries.parquet
2026-08-17 16:38:31,053  INFO      eds_loader.connectors.local_fs  Read coupon_types: 8 row(s) from C:\Users\Mohit Patel\Downloads\EDS\EDS\output\coupon_types.parquet
2026-08-17 16:38:31,055  INFO      eds_loader.connectors.local_fs  Read customer_addresses: 1495 row(s) from C:\Users\Mohit Patel\Downloads\EDS\EDS\output\customer_addresses.parquet
2026-08-17 16:38:31,057  INFO      eds_loader.connectors.local_fs  Read customer_loyalty: 1000 row(s) from C:\Users\Mohit Patel\Downloads\EDS\EDS\output\customer_loyalty.parquet
2026-08-17 16:38:31,060  INFO      eds_loader.connectors.local_fs  Read customer_personas: 1000 row(s) from C:\Users\Mohit Patel\Downloads\EDS\EDS\output\customer_personas.parquet
2026-08-17 16:38:31,062  INFO      eds_loader.connectors.local_fs  Read customer_preferences: 1000 row(s) from C:\Users\Mohit Patel\Downloads\EDS\EDS\output\customer_preferences.parquet
2026-08-17 16:38:31,064  INFO      eds_loader.connectors.local_fs  Read customers: 1000 row(s) from C:\Users\Mohit Patel\Downloads\EDS\EDS\output\customers.parquet
2026-08-17 16:38:31,066  INFO      eds_loader.connectors.local_fs  Read inventory: 3000 row(s) from C:\Users\Mohit Patel\Downloads\EDS\EDS\output\inventory.parquet
2026-08-17 16:38:31,067  INFO      eds_loader.connectors.local_fs  Read order_lines: 513 row(s) from C:\Users\Mohit Patel\Downloads\EDS\EDS\output\order_lines.parquet
2026-08-17 16:38:31,069  INFO      eds_loader.connectors.local_fs  Read order_status_history: 879 row(s) from C:\Users\Mohit Patel\Downloads\EDS\EDS\output\order_status_history.parquet
2026-08-17 16:38:31,070  INFO      eds_loader.connectors.local_fs  Read orders: 311 row(s) from C:\Users\Mohit Patel\Downloads\EDS\EDS\output\orders.parquet
2026-08-17 16:38:31,072  INFO      eds_loader.connectors.local_fs  Read payment_methods: 13 row(s) from C:\Users\Mohit Patel\Downloads\EDS\EDS\output\payment_methods.parquet
2026-08-17 16:38:31,073  INFO      eds_loader.connectors.local_fs  Read payment_status_history: 596 row(s) from C:\Users\Mohit Patel\Downloads\EDS\EDS\output\payment_status_history.parquet
2026-08-17 16:38:31,075  INFO      eds_loader.connectors.local_fs  Read payments: 309 row(s) from C:\Users\Mohit Patel\Downloads\EDS\EDS\output\payments.parquet
2026-08-17 16:38:31,082  INFO      eds_loader.connectors.local_fs  Read product_views: 88248 row(s) from C:\Users\Mohit Patel\Downloads\EDS\EDS\output\product_views.parquet
2026-08-17 16:38:31,084  INFO      eds_loader.connectors.local_fs  Read products: 1000 row(s) from C:\Users\Mohit Patel\Downloads\EDS\EDS\output\products.parquet
2026-08-17 16:38:31,085  INFO      eds_loader.connectors.local_fs  Read return_items: 42 row(s) from C:\Users\Mohit Patel\Downloads\EDS\EDS\output\return_items.parquet
2026-08-17 16:38:31,087  INFO      eds_loader.connectors.local_fs  Read return_reasons: 5 row(s) from C:\Users\Mohit Patel\Downloads\EDS\EDS\output\return_reasons.parquet
2026-08-17 16:38:31,088  INFO      eds_loader.connectors.local_fs  Read return_status_history: 168 row(s) from C:\Users\Mohit Patel\Downloads\EDS\EDS\output\return_status_history.parquet
2026-08-17 16:38:31,090  INFO      eds_loader.connectors.local_fs  Read returns: 35 row(s) from C:\Users\Mohit Patel\Downloads\EDS\EDS\output\returns.parquet
2026-08-17 16:38:31,091  INFO      eds_loader.connectors.local_fs  Read reviews: 58 row(s) from C:\Users\Mohit Patel\Downloads\EDS\EDS\output\reviews.parquet
2026-08-17 16:38:31,093  INFO      eds_loader.connectors.local_fs  Read search_history: 11460 row(s) from C:\Users\Mohit Patel\Downloads\EDS\EDS\output\search_history.parquet
2026-08-17 16:38:31,096  INFO      eds_loader.connectors.local_fs  Read sessions: 5752 row(s) from C:\Users\Mohit Patel\Downloads\EDS\EDS\output\sessions.parquet
2026-08-17 16:38:31,097  INFO      eds_loader.connectors.local_fs  Read shipment_items: 469 row(s) from C:\Users\Mohit Patel\Downloads\EDS\EDS\output\shipment_items.parquet
2026-08-17 16:38:31,098  INFO      eds_loader.connectors.local_fs  Read shipment_status_history: 1379 row(s) from C:\Users\Mohit Patel\Downloads\EDS\EDS\output\shipment_status_history.parquet
2026-08-17 16:38:31,101  INFO      eds_loader.connectors.local_fs  Read shipments: 283 row(s) from C:\Users\Mohit Patel\Downloads\EDS\EDS\output\shipments.parquet
2026-08-17 16:38:31,103  INFO      eds_loader.connectors.local_fs  Read shipping_methods: 9 row(s) from C:\Users\Mohit Patel\Downloads\EDS\EDS\output\shipping_methods.parquet
2026-08-17 16:38:31,105  INFO      eds_loader.connectors.local_fs  Read shopping_carts: 914 row(s) from C:\Users\Mohit Patel\Downloads\EDS\EDS\output\shopping_carts.parquet
2026-08-17 16:38:31,106  INFO      eds_loader.connectors.local_fs  Read states: 51 row(s) from C:\Users\Mohit Patel\Downloads\EDS\EDS\output\states.parquet
2026-08-17 16:38:31,108  INFO      eds_loader.connectors.local_fs  Read suppliers: 25 row(s) from C:\Users\Mohit Patel\Downloads\EDS\EDS\output\suppliers.parquet
2026-08-17 16:38:31,109  INFO      eds_loader.connectors.local_fs  Read tax_codes: 7 row(s) from C:\Users\Mohit Patel\Downloads\EDS\EDS\output\tax_codes.parquet
2026-08-17 16:38:31,110  INFO      eds_loader.connectors.local_fs  Read warehouses: 10 row(s) from C:\Users\Mohit Patel\Downloads\EDS\EDS\output\warehouses.parquet
2026-08-17 16:38:31,112  INFO      eds_loader.connectors.local_fs  Read wishlists: 988 row(s) from C:\Users\Mohit Patel\Downloads\EDS\EDS\output\wishlists.parquet
2026-08-17 16:38:31,112  INFO      eds_loader.cli.main  Dry-run complete: 152890 row(s) across 39 dataset(s)
2026-08-17 16:39:20,831  INFO      eds_loader.cli.main  eds-loader run invoked (config=loader.yaml, dry_run=False)
2026-08-17 16:39:20,833  INFO      eds_loader.cli.main  Config loaded: source=local_fs target=mssql tables=(all) enforce_constraints=True schema_required=True
2026-08-17 16:39:20,833  INFO      eds_loader.loader  Starting load: source=local_fs target=mssql schema_required=True enforce_constraints=True
2026-08-17 16:39:20,833  DEBUG     eds_loader.loader  Source connector instantiated: LocalFSConnector
2026-08-17 16:39:20,833  DEBUG     eds_loader.loader  Target connector instantiated: MSSQLConnector
2026-08-17 16:39:20,833  INFO      eds_loader.loader  Reading schema.json from source
2026-08-17 16:39:20,833  DEBUG     eds_loader.connectors.local_fs  Reading schema.json from C:\Users\Mohit Patel\Downloads\EDS\EDS\output\schema.json
2026-08-17 16:39:20,834  DEBUG     eds_loader.connectors.local_fs  schema.json parsed: 39 dataset(s)
2026-08-17 16:39:20,834  DEBUG     eds_loader.loader  schema.json contains 39 dataset definition(s)
2026-08-17 16:39:20,834  INFO      eds_loader.loader  Loading 39 table(s): brands, cart_items, categories, category_views, checkout, cities, countries, coupon_types, customer_addresses, customer_loyalty, customer_personas, customer_preferences, customers, inventory, order_lines, order_status_history, orders, payment_methods, payment_status_history, payments, product_views, products, return_items, return_reasons, return_status_history, returns, reviews, search_history, sessions, shipment_items, shipment_status_history, shipments, shipping_methods, shopping_carts, states, suppliers, tax_codes, warehouses, wishlists
2026-08-17 16:39:20,837  INFO      eds_loader.connectors.local_fs  Read brands: 50 row(s) from C:\Users\Mohit Patel\Downloads\EDS\EDS\output\brands.parquet
2026-08-17 16:39:20,840  INFO      eds_loader.connectors.local_fs  Read cart_items: 1703 row(s) from C:\Users\Mohit Patel\Downloads\EDS\EDS\output\cart_items.parquet
2026-08-17 16:39:20,841  INFO      eds_loader.connectors.local_fs  Read categories: 168 row(s) from C:\Users\Mohit Patel\Downloads\EDS\EDS\output\categories.parquet
2026-08-17 16:39:20,845  INFO      eds_loader.connectors.local_fs  Read category_views: 28310 row(s) from C:\Users\Mohit Patel\Downloads\EDS\EDS\output\category_views.parquet
2026-08-17 16:39:20,847  INFO      eds_loader.connectors.local_fs  Read checkout: 376 row(s) from C:\Users\Mohit Patel\Downloads\EDS\EDS\output\checkout.parquet
2026-08-17 16:39:20,848  INFO      eds_loader.connectors.local_fs  Read cities: 255 row(s) from C:\Users\Mohit Patel\Downloads\EDS\EDS\output\cities.parquet
2026-08-17 16:39:20,849  INFO      eds_loader.connectors.local_fs  Read countries: 1 row(s) from C:\Users\Mohit Patel\Downloads\EDS\EDS\output\countries.parquet
2026-08-17 16:39:20,850  INFO      eds_loader.connectors.local_fs  Read coupon_types: 8 row(s) from C:\Users\Mohit Patel\Downloads\EDS\EDS\output\coupon_types.parquet
2026-08-17 16:39:20,851  INFO      eds_loader.connectors.local_fs  Read customer_addresses: 1495 row(s) from C:\Users\Mohit Patel\Downloads\EDS\EDS\output\customer_addresses.parquet
2026-08-17 16:39:20,852  INFO      eds_loader.connectors.local_fs  Read customer_loyalty: 1000 row(s) from C:\Users\Mohit Patel\Downloads\EDS\EDS\output\customer_loyalty.parquet
2026-08-17 16:39:20,854  INFO      eds_loader.connectors.local_fs  Read customer_personas: 1000 row(s) from C:\Users\Mohit Patel\Downloads\EDS\EDS\output\customer_personas.parquet
2026-08-17 16:39:20,855  INFO      eds_loader.connectors.local_fs  Read customer_preferences: 1000 row(s) from C:\Users\Mohit Patel\Downloads\EDS\EDS\output\customer_preferences.parquet
2026-08-17 16:39:20,857  INFO      eds_loader.connectors.local_fs  Read customers: 1000 row(s) from C:\Users\Mohit Patel\Downloads\EDS\EDS\output\customers.parquet
2026-08-17 16:39:20,858  INFO      eds_loader.connectors.local_fs  Read inventory: 3000 row(s) from C:\Users\Mohit Patel\Downloads\EDS\EDS\output\inventory.parquet
2026-08-17 16:39:20,859  INFO      eds_loader.connectors.local_fs  Read order_lines: 513 row(s) from C:\Users\Mohit Patel\Downloads\EDS\EDS\output\order_lines.parquet
2026-08-17 16:39:20,859  INFO      eds_loader.connectors.local_fs  Read order_status_history: 879 row(s) from C:\Users\Mohit Patel\Downloads\EDS\EDS\output\order_status_history.parquet
2026-08-17 16:39:20,860  INFO      eds_loader.connectors.local_fs  Read orders: 311 row(s) from C:\Users\Mohit Patel\Downloads\EDS\EDS\output\orders.parquet
2026-08-17 16:39:20,861  INFO      eds_loader.connectors.local_fs  Read payment_methods: 13 row(s) from C:\Users\Mohit Patel\Downloads\EDS\EDS\output\payment_methods.parquet
2026-08-17 16:39:20,862  INFO      eds_loader.connectors.local_fs  Read payment_status_history: 596 row(s) from C:\Users\Mohit Patel\Downloads\EDS\EDS\output\payment_status_history.parquet
2026-08-17 16:39:20,863  INFO      eds_loader.connectors.local_fs  Read payments: 309 row(s) from C:\Users\Mohit Patel\Downloads\EDS\EDS\output\payments.parquet
2026-08-17 16:39:20,869  INFO      eds_loader.connectors.local_fs  Read product_views: 88248 row(s) from C:\Users\Mohit Patel\Downloads\EDS\EDS\output\product_views.parquet
2026-08-17 16:39:20,870  INFO      eds_loader.connectors.local_fs  Read products: 1000 row(s) from C:\Users\Mohit Patel\Downloads\EDS\EDS\output\products.parquet
2026-08-17 16:39:20,872  INFO      eds_loader.connectors.local_fs  Read return_items: 42 row(s) from C:\Users\Mohit Patel\Downloads\EDS\EDS\output\return_items.parquet
2026-08-17 16:39:20,873  INFO      eds_loader.connectors.local_fs  Read return_reasons: 5 row(s) from C:\Users\Mohit Patel\Downloads\EDS\EDS\output\return_reasons.parquet
2026-08-17 16:39:20,874  INFO      eds_loader.connectors.local_fs  Read return_status_history: 168 row(s) from C:\Users\Mohit Patel\Downloads\EDS\EDS\output\return_status_history.parquet
2026-08-17 16:39:20,876  INFO      eds_loader.connectors.local_fs  Read returns: 35 row(s) from C:\Users\Mohit Patel\Downloads\EDS\EDS\output\returns.parquet
2026-08-17 16:39:20,877  INFO      eds_loader.connectors.local_fs  Read reviews: 58 row(s) from C:\Users\Mohit Patel\Downloads\EDS\EDS\output\reviews.parquet
2026-08-17 16:39:20,879  INFO      eds_loader.connectors.local_fs  Read search_history: 11460 row(s) from C:\Users\Mohit Patel\Downloads\EDS\EDS\output\search_history.parquet
2026-08-17 16:39:20,881  INFO      eds_loader.connectors.local_fs  Read sessions: 5752 row(s) from C:\Users\Mohit Patel\Downloads\EDS\EDS\output\sessions.parquet
2026-08-17 16:39:20,882  INFO      eds_loader.connectors.local_fs  Read shipment_items: 469 row(s) from C:\Users\Mohit Patel\Downloads\EDS\EDS\output\shipment_items.parquet
2026-08-17 16:39:20,883  INFO      eds_loader.connectors.local_fs  Read shipment_status_history: 1379 row(s) from C:\Users\Mohit Patel\Downloads\EDS\EDS\output\shipment_status_history.parquet
2026-08-17 16:39:20,884  INFO      eds_loader.connectors.local_fs  Read shipments: 283 row(s) from C:\Users\Mohit Patel\Downloads\EDS\EDS\output\shipments.parquet
2026-08-17 16:39:20,885  INFO      eds_loader.connectors.local_fs  Read shipping_methods: 9 row(s) from C:\Users\Mohit Patel\Downloads\EDS\EDS\output\shipping_methods.parquet
2026-08-17 16:39:20,885  INFO      eds_loader.connectors.local_fs  Read shopping_carts: 914 row(s) from C:\Users\Mohit Patel\Downloads\EDS\EDS\output\shopping_carts.parquet
2026-08-17 16:39:20,887  INFO      eds_loader.connectors.local_fs  Read states: 51 row(s) from C:\Users\Mohit Patel\Downloads\EDS\EDS\output\states.parquet
2026-08-17 16:39:20,889  INFO      eds_loader.connectors.local_fs  Read suppliers: 25 row(s) from C:\Users\Mohit Patel\Downloads\EDS\EDS\output\suppliers.parquet
2026-08-17 16:39:20,890  INFO      eds_loader.connectors.local_fs  Read tax_codes: 7 row(s) from C:\Users\Mohit Patel\Downloads\EDS\EDS\output\tax_codes.parquet
2026-08-17 16:39:20,891  INFO      eds_loader.connectors.local_fs  Read warehouses: 10 row(s) from C:\Users\Mohit Patel\Downloads\EDS\EDS\output\warehouses.parquet
2026-08-17 16:39:20,892  INFO      eds_loader.connectors.local_fs  Read wishlists: 988 row(s) from C:\Users\Mohit Patel\Downloads\EDS\EDS\output\wishlists.parquet
2026-08-17 16:39:20,893  INFO      eds_loader.loader  Read 39 dataset(s) from source, 152890 total row(s)
2026-08-17 16:39:20,893  DEBUG     eds_loader.loader    brands: 50 row(s), 5 column(s)
2026-08-17 16:39:20,893  DEBUG     eds_loader.loader    cart_items: 1703 row(s), 11 column(s)
2026-08-17 16:39:20,893  DEBUG     eds_loader.loader    categories: 168 row(s), 7 column(s)
2026-08-17 16:39:20,893  DEBUG     eds_loader.loader    category_views: 28310 row(s), 9 column(s)
2026-08-17 16:39:20,893  DEBUG     eds_loader.loader    checkout: 376 row(s), 17 column(s)
2026-08-17 16:39:20,893  DEBUG     eds_loader.loader    cities: 255 row(s), 8 column(s)
2026-08-17 16:39:20,893  DEBUG     eds_loader.loader    countries: 1 row(s), 7 column(s)
2026-08-17 16:39:20,893  DEBUG     eds_loader.loader    coupon_types: 8 row(s), 8 column(s)
2026-08-17 16:39:20,893  DEBUG     eds_loader.loader    customer_addresses: 1495 row(s), 13 column(s)
2026-08-17 16:39:20,893  DEBUG     eds_loader.loader    customer_loyalty: 1000 row(s), 7 column(s)
2026-08-17 16:39:20,893  DEBUG     eds_loader.loader    customer_personas: 1000 row(s), 14 column(s)
2026-08-17 16:39:20,893  DEBUG     eds_loader.loader    customer_preferences: 1000 row(s), 8 column(s)
2026-08-17 16:39:20,893  DEBUG     eds_loader.loader    customers: 1000 row(s), 22 column(s)
2026-08-17 16:39:20,893  DEBUG     eds_loader.loader    inventory: 3000 row(s), 8 column(s)
2026-08-17 16:39:20,893  DEBUG     eds_loader.loader    order_lines: 513 row(s), 7 column(s)
2026-08-17 16:39:20,893  DEBUG     eds_loader.loader    order_status_history: 879 row(s), 5 column(s)
2026-08-17 16:39:20,893  DEBUG     eds_loader.loader    orders: 311 row(s), 16 column(s)
2026-08-17 16:39:20,893  DEBUG     eds_loader.loader    payment_methods: 13 row(s), 7 column(s)
2026-08-17 16:39:20,893  DEBUG     eds_loader.loader    payment_status_history: 596 row(s), 5 column(s)
2026-08-17 16:39:20,893  DEBUG     eds_loader.loader    payments: 309 row(s), 12 column(s)
2026-08-17 16:39:20,893  DEBUG     eds_loader.loader    product_views: 88248 row(s), 12 column(s)
2026-08-17 16:39:20,893  DEBUG     eds_loader.loader    products: 1000 row(s), 17 column(s)
2026-08-17 16:39:20,893  DEBUG     eds_loader.loader    return_items: 42 row(s), 7 column(s)
2026-08-17 16:39:20,893  DEBUG     eds_loader.loader    return_reasons: 5 row(s), 6 column(s)
2026-08-17 16:39:20,893  DEBUG     eds_loader.loader    return_status_history: 168 row(s), 5 column(s)
2026-08-17 16:39:20,893  DEBUG     eds_loader.loader    returns: 35 row(s), 12 column(s)
2026-08-17 16:39:20,893  DEBUG     eds_loader.loader    reviews: 58 row(s), 12 column(s)
2026-08-17 16:39:20,893  DEBUG     eds_loader.loader    search_history: 11460 row(s), 11 column(s)
2026-08-17 16:39:20,893  DEBUG     eds_loader.loader    sessions: 5752 row(s), 19 column(s)
2026-08-17 16:39:20,893  DEBUG     eds_loader.loader    shipment_items: 469 row(s), 6 column(s)
2026-08-17 16:39:20,893  DEBUG     eds_loader.loader    shipment_status_history: 1379 row(s), 5 column(s)
2026-08-17 16:39:20,893  DEBUG     eds_loader.loader    shipments: 283 row(s), 13 column(s)
2026-08-17 16:39:20,893  DEBUG     eds_loader.loader    shipping_methods: 9 row(s), 10 column(s)
2026-08-17 16:39:20,893  DEBUG     eds_loader.loader    shopping_carts: 914 row(s), 7 column(s)
2026-08-17 16:39:20,893  DEBUG     eds_loader.loader    states: 51 row(s), 4 column(s)
2026-08-17 16:39:20,893  DEBUG     eds_loader.loader    suppliers: 25 row(s), 11 column(s)
2026-08-17 16:39:20,893  DEBUG     eds_loader.loader    tax_codes: 7 row(s), 6 column(s)
2026-08-17 16:39:20,893  DEBUG     eds_loader.loader    warehouses: 10 row(s), 10 column(s)
2026-08-17 16:39:20,893  DEBUG     eds_loader.loader    wishlists: 988 row(s), 7 column(s)
2026-08-17 16:39:20,893  DEBUG     eds_loader.loader  Constraint enforcement enabled — forwarding schema metadata to target
2026-08-17 16:39:20,893  INFO      eds_loader.loader  Writing 39 table(s) to target
2026-08-17 16:39:36,043  ERROR     eds_loader.loader  Load failed: Cannot connect to MSSQL at sa@192.168.1.14:1433/eds_db: ('08001', '[08001] [Microsoft][ODBC Driver 17 for SQL Server]TCP Provider: The wait operation timed out.\r\n (258) (SQLDriverConnect); [08001] [Microsoft][ODBC Driver 17 for SQL Server]Login timeout expired (0); [08001] [Microsoft][ODBC Driver 17 for SQL Server]Invalid connection string attribute (0); [08001] [Microsoft][ODBC Driver 17 for SQL Server]A network-related or instance-specific error has occurred while establishing a connection to SQL Server. Server is not found or not accessible. Check if instance name is correct and if SQL Server is configured to allow remote connections. For more information see SQL Server Books Online. (258)')
If this is a driver error, confirm 'ODBC Driver 17 for SQL Server' is installed (list installed drivers with `python -c "import pyodbc; print(pyodbc.drivers())"`).
2026-08-17 16:39:36,044  ERROR     eds_loader.cli.main  Load failed after 15.2s: Cannot connect to MSSQL at sa@192.168.1.14:1433/eds_db: ('08001', '[08001] [Microsoft][ODBC Driver 17 for SQL Server]TCP Provider: The wait operation timed out.\r\n (258) (SQLDriverConnect); [08001] [Microsoft][ODBC Driver 17 for SQL Server]Login timeout expired (0); [08001] [Microsoft][ODBC Driver 17 for SQL Server]Invalid connection string attribute (0); [08001] [Microsoft][ODBC Driver 17 for SQL Server]A network-related or instance-specific error has occurred while establishing a connection to SQL Server. Server is not found or not accessible. Check if instance name is correct and if SQL Server is configured to allow remote connections. For more information see SQL Server Books Online. (258)')
If this is a driver error, confirm 'ODBC Driver 17 for SQL Server' is installed (list installed drivers with `python -c "import pyodbc; print(pyodbc.drivers())"`).
2026-08-17 16:40:01,834  INFO      eds_loader.cli.main  eds-loader run invoked (config=loader.yaml, dry_run=False)
2026-08-17 16:40:01,835  INFO      eds_loader.cli.main  Config loaded: source=local_fs target=mssql tables=(all) enforce_constraints=True schema_required=True
2026-08-17 16:40:01,835  INFO      eds_loader.loader  Starting load: source=local_fs target=mssql schema_required=True enforce_constraints=True
2026-08-17 16:40:01,835  DEBUG     eds_loader.loader  Source connector instantiated: LocalFSConnector
2026-08-17 16:40:01,836  DEBUG     eds_loader.loader  Target connector instantiated: MSSQLConnector
2026-08-17 16:40:01,836  INFO      eds_loader.loader  Reading schema.json from source
2026-08-17 16:40:01,836  DEBUG     eds_loader.connectors.local_fs  Reading schema.json from C:\Users\Mohit Patel\Downloads\EDS\EDS\output\schema.json
2026-08-17 16:40:01,836  DEBUG     eds_loader.connectors.local_fs  schema.json parsed: 39 dataset(s)
2026-08-17 16:40:01,836  DEBUG     eds_loader.loader  schema.json contains 39 dataset definition(s)
2026-08-17 16:40:01,836  INFO      eds_loader.loader  Loading 39 table(s): brands, cart_items, categories, category_views, checkout, cities, countries, coupon_types, customer_addresses, customer_loyalty, customer_personas, customer_preferences, customers, inventory, order_lines, order_status_history, orders, payment_methods, payment_status_history, payments, product_views, products, return_items, return_reasons, return_status_history, returns, reviews, search_history, sessions, shipment_items, shipment_status_history, shipments, shipping_methods, shopping_carts, states, suppliers, tax_codes, warehouses, wishlists
2026-08-17 16:40:01,840  INFO      eds_loader.connectors.local_fs  Read brands: 50 row(s) from C:\Users\Mohit Patel\Downloads\EDS\EDS\output\brands.parquet
2026-08-17 16:40:01,841  INFO      eds_loader.connectors.local_fs  Read cart_items: 1703 row(s) from C:\Users\Mohit Patel\Downloads\EDS\EDS\output\cart_items.parquet
2026-08-17 16:40:01,842  INFO      eds_loader.connectors.local_fs  Read categories: 168 row(s) from C:\Users\Mohit Patel\Downloads\EDS\EDS\output\categories.parquet
2026-08-17 16:40:01,844  INFO      eds_loader.connectors.local_fs  Read category_views: 28310 row(s) from C:\Users\Mohit Patel\Downloads\EDS\EDS\output\category_views.parquet
2026-08-17 16:40:01,845  INFO      eds_loader.connectors.local_fs  Read checkout: 376 row(s) from C:\Users\Mohit Patel\Downloads\EDS\EDS\output\checkout.parquet
2026-08-17 16:40:01,846  INFO      eds_loader.connectors.local_fs  Read cities: 255 row(s) from C:\Users\Mohit Patel\Downloads\EDS\EDS\output\cities.parquet
2026-08-17 16:40:01,847  INFO      eds_loader.connectors.local_fs  Read countries: 1 row(s) from C:\Users\Mohit Patel\Downloads\EDS\EDS\output\countries.parquet
2026-08-17 16:40:01,847  INFO      eds_loader.connectors.local_fs  Read coupon_types: 8 row(s) from C:\Users\Mohit Patel\Downloads\EDS\EDS\output\coupon_types.parquet
2026-08-17 16:40:01,848  INFO      eds_loader.connectors.local_fs  Read customer_addresses: 1495 row(s) from C:\Users\Mohit Patel\Downloads\EDS\EDS\output\customer_addresses.parquet
2026-08-17 16:40:01,849  INFO      eds_loader.connectors.local_fs  Read customer_loyalty: 1000 row(s) from C:\Users\Mohit Patel\Downloads\EDS\EDS\output\customer_loyalty.parquet
2026-08-17 16:40:01,851  INFO      eds_loader.connectors.local_fs  Read customer_personas: 1000 row(s) from C:\Users\Mohit Patel\Downloads\EDS\EDS\output\customer_personas.parquet
2026-08-17 16:40:01,852  INFO      eds_loader.connectors.local_fs  Read customer_preferences: 1000 row(s) from C:\Users\Mohit Patel\Downloads\EDS\EDS\output\customer_preferences.parquet
2026-08-17 16:40:01,853  INFO      eds_loader.connectors.local_fs  Read customers: 1000 row(s) from C:\Users\Mohit Patel\Downloads\EDS\EDS\output\customers.parquet
2026-08-17 16:40:01,855  INFO      eds_loader.connectors.local_fs  Read inventory: 3000 row(s) from C:\Users\Mohit Patel\Downloads\EDS\EDS\output\inventory.parquet
2026-08-17 16:40:01,857  INFO      eds_loader.connectors.local_fs  Read order_lines: 513 row(s) from C:\Users\Mohit Patel\Downloads\EDS\EDS\output\order_lines.parquet
2026-08-17 16:40:01,858  INFO      eds_loader.connectors.local_fs  Read order_status_history: 879 row(s) from C:\Users\Mohit Patel\Downloads\EDS\EDS\output\order_status_history.parquet
2026-08-17 16:40:01,858  INFO      eds_loader.connectors.local_fs  Read orders: 311 row(s) from C:\Users\Mohit Patel\Downloads\EDS\EDS\output\orders.parquet
2026-08-17 16:40:01,859  INFO      eds_loader.connectors.local_fs  Read payment_methods: 13 row(s) from C:\Users\Mohit Patel\Downloads\EDS\EDS\output\payment_methods.parquet
2026-08-17 16:40:01,860  INFO      eds_loader.connectors.local_fs  Read payment_status_history: 596 row(s) from C:\Users\Mohit Patel\Downloads\EDS\EDS\output\payment_status_history.parquet
2026-08-17 16:40:01,861  INFO      eds_loader.connectors.local_fs  Read payments: 309 row(s) from C:\Users\Mohit Patel\Downloads\EDS\EDS\output\payments.parquet
2026-08-17 16:40:01,868  INFO      eds_loader.connectors.local_fs  Read product_views: 88248 row(s) from C:\Users\Mohit Patel\Downloads\EDS\EDS\output\product_views.parquet
2026-08-17 16:40:01,869  INFO      eds_loader.connectors.local_fs  Read products: 1000 row(s) from C:\Users\Mohit Patel\Downloads\EDS\EDS\output\products.parquet
2026-08-17 16:40:01,870  INFO      eds_loader.connectors.local_fs  Read return_items: 42 row(s) from C:\Users\Mohit Patel\Downloads\EDS\EDS\output\return_items.parquet
2026-08-17 16:40:01,871  INFO      eds_loader.connectors.local_fs  Read return_reasons: 5 row(s) from C:\Users\Mohit Patel\Downloads\EDS\EDS\output\return_reasons.parquet
2026-08-17 16:40:01,871  INFO      eds_loader.connectors.local_fs  Read return_status_history: 168 row(s) from C:\Users\Mohit Patel\Downloads\EDS\EDS\output\return_status_history.parquet
2026-08-17 16:40:01,872  INFO      eds_loader.connectors.local_fs  Read returns: 35 row(s) from C:\Users\Mohit Patel\Downloads\EDS\EDS\output\returns.parquet
2026-08-17 16:40:01,873  INFO      eds_loader.connectors.local_fs  Read reviews: 58 row(s) from C:\Users\Mohit Patel\Downloads\EDS\EDS\output\reviews.parquet
2026-08-17 16:40:01,874  INFO      eds_loader.connectors.local_fs  Read search_history: 11460 row(s) from C:\Users\Mohit Patel\Downloads\EDS\EDS\output\search_history.parquet
2026-08-17 16:40:01,876  INFO      eds_loader.connectors.local_fs  Read sessions: 5752 row(s) from C:\Users\Mohit Patel\Downloads\EDS\EDS\output\sessions.parquet
2026-08-17 16:40:01,877  INFO      eds_loader.connectors.local_fs  Read shipment_items: 469 row(s) from C:\Users\Mohit Patel\Downloads\EDS\EDS\output\shipment_items.parquet
2026-08-17 16:40:01,877  INFO      eds_loader.connectors.local_fs  Read shipment_status_history: 1379 row(s) from C:\Users\Mohit Patel\Downloads\EDS\EDS\output\shipment_status_history.parquet
2026-08-17 16:40:01,878  INFO      eds_loader.connectors.local_fs  Read shipments: 283 row(s) from C:\Users\Mohit Patel\Downloads\EDS\EDS\output\shipments.parquet
2026-08-17 16:40:01,879  INFO      eds_loader.connectors.local_fs  Read shipping_methods: 9 row(s) from C:\Users\Mohit Patel\Downloads\EDS\EDS\output\shipping_methods.parquet
2026-08-17 16:40:01,880  INFO      eds_loader.connectors.local_fs  Read shopping_carts: 914 row(s) from C:\Users\Mohit Patel\Downloads\EDS\EDS\output\shopping_carts.parquet
2026-08-17 16:40:01,881  INFO      eds_loader.connectors.local_fs  Read states: 51 row(s) from C:\Users\Mohit Patel\Downloads\EDS\EDS\output\states.parquet
2026-08-17 16:40:01,883  INFO      eds_loader.connectors.local_fs  Read suppliers: 25 row(s) from C:\Users\Mohit Patel\Downloads\EDS\EDS\output\suppliers.parquet
2026-08-17 16:40:01,884  INFO      eds_loader.connectors.local_fs  Read tax_codes: 7 row(s) from C:\Users\Mohit Patel\Downloads\EDS\EDS\output\tax_codes.parquet
2026-08-17 16:40:01,886  INFO      eds_loader.connectors.local_fs  Read warehouses: 10 row(s) from C:\Users\Mohit Patel\Downloads\EDS\EDS\output\warehouses.parquet
2026-08-17 16:40:01,887  INFO      eds_loader.connectors.local_fs  Read wishlists: 988 row(s) from C:\Users\Mohit Patel\Downloads\EDS\EDS\output\wishlists.parquet
2026-08-17 16:40:01,887  INFO      eds_loader.loader  Read 39 dataset(s) from source, 152890 total row(s)
2026-08-17 16:40:01,888  DEBUG     eds_loader.loader    brands: 50 row(s), 5 column(s)
2026-08-17 16:40:01,888  DEBUG     eds_loader.loader    cart_items: 1703 row(s), 11 column(s)
2026-08-17 16:40:01,888  DEBUG     eds_loader.loader    categories: 168 row(s), 7 column(s)
2026-08-17 16:40:01,888  DEBUG     eds_loader.loader    category_views: 28310 row(s), 9 column(s)
2026-08-17 16:40:01,888  DEBUG     eds_loader.loader    checkout: 376 row(s), 17 column(s)
2026-08-17 16:40:01,888  DEBUG     eds_loader.loader    cities: 255 row(s), 8 column(s)
2026-08-17 16:40:01,888  DEBUG     eds_loader.loader    countries: 1 row(s), 7 column(s)
2026-08-17 16:40:01,888  DEBUG     eds_loader.loader    coupon_types: 8 row(s), 8 column(s)
2026-08-17 16:40:01,888  DEBUG     eds_loader.loader    customer_addresses: 1495 row(s), 13 column(s)
2026-08-17 16:40:01,888  DEBUG     eds_loader.loader    customer_loyalty: 1000 row(s), 7 column(s)
2026-08-17 16:40:01,888  DEBUG     eds_loader.loader    customer_personas: 1000 row(s), 14 column(s)
2026-08-17 16:40:01,888  DEBUG     eds_loader.loader    customer_preferences: 1000 row(s), 8 column(s)
2026-08-17 16:40:01,888  DEBUG     eds_loader.loader    customers: 1000 row(s), 22 column(s)
2026-08-17 16:40:01,888  DEBUG     eds_loader.loader    inventory: 3000 row(s), 8 column(s)
2026-08-17 16:40:01,888  DEBUG     eds_loader.loader    order_lines: 513 row(s), 7 column(s)
2026-08-17 16:40:01,888  DEBUG     eds_loader.loader    order_status_history: 879 row(s), 5 column(s)
2026-08-17 16:40:01,888  DEBUG     eds_loader.loader    orders: 311 row(s), 16 column(s)
2026-08-17 16:40:01,888  DEBUG     eds_loader.loader    payment_methods: 13 row(s), 7 column(s)
2026-08-17 16:40:01,888  DEBUG     eds_loader.loader    payment_status_history: 596 row(s), 5 column(s)
2026-08-17 16:40:01,888  DEBUG     eds_loader.loader    payments: 309 row(s), 12 column(s)
2026-08-17 16:40:01,888  DEBUG     eds_loader.loader    product_views: 88248 row(s), 12 column(s)
2026-08-17 16:40:01,888  DEBUG     eds_loader.loader    products: 1000 row(s), 17 column(s)
2026-08-17 16:40:01,888  DEBUG     eds_loader.loader    return_items: 42 row(s), 7 column(s)
2026-08-17 16:40:01,888  DEBUG     eds_loader.loader    return_reasons: 5 row(s), 6 column(s)
2026-08-17 16:40:01,888  DEBUG     eds_loader.loader    return_status_history: 168 row(s), 5 column(s)
2026-08-17 16:40:01,888  DEBUG     eds_loader.loader    returns: 35 row(s), 12 column(s)
2026-08-17 16:40:01,888  DEBUG     eds_loader.loader    reviews: 58 row(s), 12 column(s)
2026-08-17 16:40:01,888  DEBUG     eds_loader.loader    search_history: 11460 row(s), 11 column(s)
2026-08-17 16:40:01,888  DEBUG     eds_loader.loader    sessions: 5752 row(s), 19 column(s)
2026-08-17 16:40:01,888  DEBUG     eds_loader.loader    shipment_items: 469 row(s), 6 column(s)
2026-08-17 16:40:01,888  DEBUG     eds_loader.loader    shipment_status_history: 1379 row(s), 5 column(s)
2026-08-17 16:40:01,888  DEBUG     eds_loader.loader    shipments: 283 row(s), 13 column(s)
2026-08-17 16:40:01,888  DEBUG     eds_loader.loader    shipping_methods: 9 row(s), 10 column(s)
2026-08-17 16:40:01,888  DEBUG     eds_loader.loader    shopping_carts: 914 row(s), 7 column(s)
2026-08-17 16:40:01,888  DEBUG     eds_loader.loader    states: 51 row(s), 4 column(s)
2026-08-17 16:40:01,888  DEBUG     eds_loader.loader    suppliers: 25 row(s), 11 column(s)
2026-08-17 16:40:01,888  DEBUG     eds_loader.loader    tax_codes: 7 row(s), 6 column(s)
2026-08-17 16:40:01,888  DEBUG     eds_loader.loader    warehouses: 10 row(s), 10 column(s)
2026-08-17 16:40:01,888  DEBUG     eds_loader.loader    wishlists: 988 row(s), 7 column(s)
2026-08-17 16:40:01,888  DEBUG     eds_loader.loader  Constraint enforcement enabled — forwarding schema metadata to target
2026-08-17 16:40:01,888  INFO      eds_loader.loader  Writing 39 table(s) to target
2026-08-17 16:40:01,890  ERROR     eds_loader.loader  Load failed: Cannot connect to MSSQL at sa@192.168.1.14:1433/eds_db: ('IM002', '[IM002] [Microsoft][ODBC Driver Manager] Data source name not found and no default driver specified (0) (SQLDriverConnect)')
If this is a driver error, confirm 'ODBC Driver 18 for SQL Server' is installed (list installed drivers with `python -c "import pyodbc; print(pyodbc.drivers())"`).
2026-08-17 16:40:01,890  ERROR     eds_loader.cli.main  Load failed after 0.1s: Cannot connect to MSSQL at sa@192.168.1.14:1433/eds_db: ('IM002', '[IM002] [Microsoft][ODBC Driver Manager] Data source name not found and no default driver specified (0) (SQLDriverConnect)')
If this is a driver error, confirm 'ODBC Driver 18 for SQL Server' is installed (list installed drivers with `python -c "import pyodbc; print(pyodbc.drivers())"`).
2026-08-17 16:40:13,340  INFO      eds_loader.cli.main  eds-loader run invoked (config=loader.yaml, dry_run=False)
2026-08-17 16:40:13,342  INFO      eds_loader.cli.main  Config loaded: source=local_fs target=mssql tables=(all) enforce_constraints=True schema_required=True
2026-08-17 16:40:13,342  INFO      eds_loader.loader  Starting load: source=local_fs target=mssql schema_required=True enforce_constraints=True
2026-08-17 16:40:13,342  DEBUG     eds_loader.loader  Source connector instantiated: LocalFSConnector
2026-08-17 16:40:13,342  DEBUG     eds_loader.loader  Target connector instantiated: MSSQLConnector
2026-08-17 16:40:13,342  INFO      eds_loader.loader  Reading schema.json from source
2026-08-17 16:40:13,342  DEBUG     eds_loader.connectors.local_fs  Reading schema.json from C:\Users\Mohit Patel\Downloads\EDS\EDS\output\schema.json
2026-08-17 16:40:13,343  DEBUG     eds_loader.connectors.local_fs  schema.json parsed: 39 dataset(s)
2026-08-17 16:40:13,343  DEBUG     eds_loader.loader  schema.json contains 39 dataset definition(s)
2026-08-17 16:40:13,343  INFO      eds_loader.loader  Loading 39 table(s): brands, cart_items, categories, category_views, checkout, cities, countries, coupon_types, customer_addresses, customer_loyalty, customer_personas, customer_preferences, customers, inventory, order_lines, order_status_history, orders, payment_methods, payment_status_history, payments, product_views, products, return_items, return_reasons, return_status_history, returns, reviews, search_history, sessions, shipment_items, shipment_status_history, shipments, shipping_methods, shopping_carts, states, suppliers, tax_codes, warehouses, wishlists
2026-08-17 16:40:13,346  INFO      eds_loader.connectors.local_fs  Read brands: 50 row(s) from C:\Users\Mohit Patel\Downloads\EDS\EDS\output\brands.parquet
2026-08-17 16:40:13,347  INFO      eds_loader.connectors.local_fs  Read cart_items: 1703 row(s) from C:\Users\Mohit Patel\Downloads\EDS\EDS\output\cart_items.parquet
2026-08-17 16:40:13,348  INFO      eds_loader.connectors.local_fs  Read categories: 168 row(s) from C:\Users\Mohit Patel\Downloads\EDS\EDS\output\categories.parquet
2026-08-17 16:40:13,351  INFO      eds_loader.connectors.local_fs  Read category_views: 28310 row(s) from C:\Users\Mohit Patel\Downloads\EDS\EDS\output\category_views.parquet
2026-08-17 16:40:13,352  INFO      eds_loader.connectors.local_fs  Read checkout: 376 row(s) from C:\Users\Mohit Patel\Downloads\EDS\EDS\output\checkout.parquet
2026-08-17 16:40:13,353  INFO      eds_loader.connectors.local_fs  Read cities: 255 row(s) from C:\Users\Mohit Patel\Downloads\EDS\EDS\output\cities.parquet
2026-08-17 16:40:13,354  INFO      eds_loader.connectors.local_fs  Read countries: 1 row(s) from C:\Users\Mohit Patel\Downloads\EDS\EDS\output\countries.parquet
2026-08-17 16:40:13,355  INFO      eds_loader.connectors.local_fs  Read coupon_types: 8 row(s) from C:\Users\Mohit Patel\Downloads\EDS\EDS\output\coupon_types.parquet
2026-08-17 16:40:13,356  INFO      eds_loader.connectors.local_fs  Read customer_addresses: 1495 row(s) from C:\Users\Mohit Patel\Downloads\EDS\EDS\output\customer_addresses.parquet
2026-08-17 16:40:13,357  INFO      eds_loader.connectors.local_fs  Read customer_loyalty: 1000 row(s) from C:\Users\Mohit Patel\Downloads\EDS\EDS\output\customer_loyalty.parquet
2026-08-17 16:40:13,358  INFO      eds_loader.connectors.local_fs  Read customer_personas: 1000 row(s) from C:\Users\Mohit Patel\Downloads\EDS\EDS\output\customer_personas.parquet
2026-08-17 16:40:13,358  INFO      eds_loader.connectors.local_fs  Read customer_preferences: 1000 row(s) from C:\Users\Mohit Patel\Downloads\EDS\EDS\output\customer_preferences.parquet
2026-08-17 16:40:13,359  INFO      eds_loader.connectors.local_fs  Read customers: 1000 row(s) from C:\Users\Mohit Patel\Downloads\EDS\EDS\output\customers.parquet
2026-08-17 16:40:13,360  INFO      eds_loader.connectors.local_fs  Read inventory: 3000 row(s) from C:\Users\Mohit Patel\Downloads\EDS\EDS\output\inventory.parquet
2026-08-17 16:40:13,361  INFO      eds_loader.connectors.local_fs  Read order_lines: 513 row(s) from C:\Users\Mohit Patel\Downloads\EDS\EDS\output\order_lines.parquet
2026-08-17 16:40:13,362  INFO      eds_loader.connectors.local_fs  Read order_status_history: 879 row(s) from C:\Users\Mohit Patel\Downloads\EDS\EDS\output\order_status_history.parquet
2026-08-17 16:40:13,363  INFO      eds_loader.connectors.local_fs  Read orders: 311 row(s) from C:\Users\Mohit Patel\Downloads\EDS\EDS\output\orders.parquet
2026-08-17 16:40:13,364  INFO      eds_loader.connectors.local_fs  Read payment_methods: 13 row(s) from C:\Users\Mohit Patel\Downloads\EDS\EDS\output\payment_methods.parquet
2026-08-17 16:40:13,364  INFO      eds_loader.connectors.local_fs  Read payment_status_history: 596 row(s) from C:\Users\Mohit Patel\Downloads\EDS\EDS\output\payment_status_history.parquet
2026-08-17 16:40:13,365  INFO      eds_loader.connectors.local_fs  Read payments: 309 row(s) from C:\Users\Mohit Patel\Downloads\EDS\EDS\output\payments.parquet
2026-08-17 16:40:13,373  INFO      eds_loader.connectors.local_fs  Read product_views: 88248 row(s) from C:\Users\Mohit Patel\Downloads\EDS\EDS\output\product_views.parquet
2026-08-17 16:40:13,375  INFO      eds_loader.connectors.local_fs  Read products: 1000 row(s) from C:\Users\Mohit Patel\Downloads\EDS\EDS\output\products.parquet
2026-08-17 16:40:13,376  INFO      eds_loader.connectors.local_fs  Read return_items: 42 row(s) from C:\Users\Mohit Patel\Downloads\EDS\EDS\output\return_items.parquet
2026-08-17 16:40:13,378  INFO      eds_loader.connectors.local_fs  Read return_reasons: 5 row(s) from C:\Users\Mohit Patel\Downloads\EDS\EDS\output\return_reasons.parquet
2026-08-17 16:40:13,379  INFO      eds_loader.connectors.local_fs  Read return_status_history: 168 row(s) from C:\Users\Mohit Patel\Downloads\EDS\EDS\output\return_status_history.parquet
2026-08-17 16:40:13,380  INFO      eds_loader.connectors.local_fs  Read returns: 35 row(s) from C:\Users\Mohit Patel\Downloads\EDS\EDS\output\returns.parquet
2026-08-17 16:40:13,381  INFO      eds_loader.connectors.local_fs  Read reviews: 58 row(s) from C:\Users\Mohit Patel\Downloads\EDS\EDS\output\reviews.parquet
2026-08-17 16:40:13,384  INFO      eds_loader.connectors.local_fs  Read search_history: 11460 row(s) from C:\Users\Mohit Patel\Downloads\EDS\EDS\output\search_history.parquet
2026-08-17 16:40:13,387  INFO      eds_loader.connectors.local_fs  Read sessions: 5752 row(s) from C:\Users\Mohit Patel\Downloads\EDS\EDS\output\sessions.parquet
2026-08-17 16:40:13,388  INFO      eds_loader.connectors.local_fs  Read shipment_items: 469 row(s) from C:\Users\Mohit Patel\Downloads\EDS\EDS\output\shipment_items.parquet
2026-08-17 16:40:13,389  INFO      eds_loader.connectors.local_fs  Read shipment_status_history: 1379 row(s) from C:\Users\Mohit Patel\Downloads\EDS\EDS\output\shipment_status_history.parquet
2026-08-17 16:40:13,390  INFO      eds_loader.connectors.local_fs  Read shipments: 283 row(s) from C:\Users\Mohit Patel\Downloads\EDS\EDS\output\shipments.parquet
2026-08-17 16:40:13,391  INFO      eds_loader.connectors.local_fs  Read shipping_methods: 9 row(s) from C:\Users\Mohit Patel\Downloads\EDS\EDS\output\shipping_methods.parquet
2026-08-17 16:40:13,392  INFO      eds_loader.connectors.local_fs  Read shopping_carts: 914 row(s) from C:\Users\Mohit Patel\Downloads\EDS\EDS\output\shopping_carts.parquet
2026-08-17 16:40:13,393  INFO      eds_loader.connectors.local_fs  Read states: 51 row(s) from C:\Users\Mohit Patel\Downloads\EDS\EDS\output\states.parquet
2026-08-17 16:40:13,394  INFO      eds_loader.connectors.local_fs  Read suppliers: 25 row(s) from C:\Users\Mohit Patel\Downloads\EDS\EDS\output\suppliers.parquet
2026-08-17 16:40:13,394  INFO      eds_loader.connectors.local_fs  Read tax_codes: 7 row(s) from C:\Users\Mohit Patel\Downloads\EDS\EDS\output\tax_codes.parquet
2026-08-17 16:40:13,395  INFO      eds_loader.connectors.local_fs  Read warehouses: 10 row(s) from C:\Users\Mohit Patel\Downloads\EDS\EDS\output\warehouses.parquet
2026-08-17 16:40:13,396  INFO      eds_loader.connectors.local_fs  Read wishlists: 988 row(s) from C:\Users\Mohit Patel\Downloads\EDS\EDS\output\wishlists.parquet
2026-08-17 16:40:13,396  INFO      eds_loader.loader  Read 39 dataset(s) from source, 152890 total row(s)
2026-08-17 16:40:13,396  DEBUG     eds_loader.loader    brands: 50 row(s), 5 column(s)
2026-08-17 16:40:13,396  DEBUG     eds_loader.loader    cart_items: 1703 row(s), 11 column(s)
2026-08-17 16:40:13,396  DEBUG     eds_loader.loader    categories: 168 row(s), 7 column(s)
2026-08-17 16:40:13,396  DEBUG     eds_loader.loader    category_views: 28310 row(s), 9 column(s)
2026-08-17 16:40:13,396  DEBUG     eds_loader.loader    checkout: 376 row(s), 17 column(s)
2026-08-17 16:40:13,396  DEBUG     eds_loader.loader    cities: 255 row(s), 8 column(s)
2026-08-17 16:40:13,396  DEBUG     eds_loader.loader    countries: 1 row(s), 7 column(s)
2026-08-17 16:40:13,396  DEBUG     eds_loader.loader    coupon_types: 8 row(s), 8 column(s)
2026-08-17 16:40:13,397  DEBUG     eds_loader.loader    customer_addresses: 1495 row(s), 13 column(s)
2026-08-17 16:40:13,397  DEBUG     eds_loader.loader    customer_loyalty: 1000 row(s), 7 column(s)
2026-08-17 16:40:13,397  DEBUG     eds_loader.loader    customer_personas: 1000 row(s), 14 column(s)
2026-08-17 16:40:13,397  DEBUG     eds_loader.loader    customer_preferences: 1000 row(s), 8 column(s)
2026-08-17 16:40:13,397  DEBUG     eds_loader.loader    customers: 1000 row(s), 22 column(s)
2026-08-17 16:40:13,397  DEBUG     eds_loader.loader    inventory: 3000 row(s), 8 column(s)
2026-08-17 16:40:13,397  DEBUG     eds_loader.loader    order_lines: 513 row(s), 7 column(s)
2026-08-17 16:40:13,397  DEBUG     eds_loader.loader    order_status_history: 879 row(s), 5 column(s)
2026-08-17 16:40:13,397  DEBUG     eds_loader.loader    orders: 311 row(s), 16 column(s)
2026-08-17 16:40:13,397  DEBUG     eds_loader.loader    payment_methods: 13 row(s), 7 column(s)
2026-08-17 16:40:13,397  DEBUG     eds_loader.loader    payment_status_history: 596 row(s), 5 column(s)
2026-08-17 16:40:13,397  DEBUG     eds_loader.loader    payments: 309 row(s), 12 column(s)
2026-08-17 16:40:13,397  DEBUG     eds_loader.loader    product_views: 88248 row(s), 12 column(s)
2026-08-17 16:40:13,397  DEBUG     eds_loader.loader    products: 1000 row(s), 17 column(s)
2026-08-17 16:40:13,397  DEBUG     eds_loader.loader    return_items: 42 row(s), 7 column(s)
2026-08-17 16:40:13,397  DEBUG     eds_loader.loader    return_reasons: 5 row(s), 6 column(s)
2026-08-17 16:40:13,397  DEBUG     eds_loader.loader    return_status_history: 168 row(s), 5 column(s)
2026-08-17 16:40:13,397  DEBUG     eds_loader.loader    returns: 35 row(s), 12 column(s)
2026-08-17 16:40:13,397  DEBUG     eds_loader.loader    reviews: 58 row(s), 12 column(s)
2026-08-17 16:40:13,397  DEBUG     eds_loader.loader    search_history: 11460 row(s), 11 column(s)
2026-08-17 16:40:13,397  DEBUG     eds_loader.loader    sessions: 5752 row(s), 19 column(s)
2026-08-17 16:40:13,397  DEBUG     eds_loader.loader    shipment_items: 469 row(s), 6 column(s)
2026-08-17 16:40:13,397  DEBUG     eds_loader.loader    shipment_status_history: 1379 row(s), 5 column(s)
2026-08-17 16:40:13,397  DEBUG     eds_loader.loader    shipments: 283 row(s), 13 column(s)
2026-08-17 16:40:13,398  DEBUG     eds_loader.loader    shipping_methods: 9 row(s), 10 column(s)
2026-08-17 16:40:13,398  DEBUG     eds_loader.loader    shopping_carts: 914 row(s), 7 column(s)
2026-08-17 16:40:13,398  DEBUG     eds_loader.loader    states: 51 row(s), 4 column(s)
2026-08-17 16:40:13,398  DEBUG     eds_loader.loader    suppliers: 25 row(s), 11 column(s)
2026-08-17 16:40:13,398  DEBUG     eds_loader.loader    tax_codes: 7 row(s), 6 column(s)
2026-08-17 16:40:13,398  DEBUG     eds_loader.loader    warehouses: 10 row(s), 10 column(s)
2026-08-17 16:40:13,398  DEBUG     eds_loader.loader    wishlists: 988 row(s), 7 column(s)
2026-08-17 16:40:13,398  DEBUG     eds_loader.loader  Constraint enforcement enabled — forwarding schema metadata to target
2026-08-17 16:40:13,398  INFO      eds_loader.loader  Writing 39 table(s) to target
2026-08-17 16:40:13,402  ERROR     eds_loader.loader  Load failed: Cannot connect to MSSQL at sa@192.168.1.14:1433/eds_db: ('IM002', '[IM002] [Microsoft][ODBC Driver Manager] Data source name not found and no default driver specified (0) (SQLDriverConnect)')
If this is a driver error, confirm 'ODBC Driver 18 for SQL Server' is installed (list installed drivers with `python -c "import pyodbc; print(pyodbc.drivers())"`).
2026-08-17 16:40:13,402  ERROR     eds_loader.cli.main  Load failed after 0.1s: Cannot connect to MSSQL at sa@192.168.1.14:1433/eds_db: ('IM002', '[IM002] [Microsoft][ODBC Driver Manager] Data source name not found and no default driver specified (0) (SQLDriverConnect)')
If this is a driver error, confirm 'ODBC Driver 18 for SQL Server' is installed (list installed drivers with `python -c "import pyodbc; print(pyodbc.drivers())"`).
2026-08-17 17:04:42,964  INFO      eds_loader.cli.main  eds-loader run invoked (config=loader.yaml, dry_run=False)
2026-08-17 17:04:42,966  INFO      eds_loader.cli.main  Config loaded: source=local_fs target=mssql tables=(all) enforce_constraints=True schema_required=True
2026-08-17 17:04:42,966  INFO      eds_loader.loader  Starting load: source=local_fs target=mssql schema_required=True enforce_constraints=True
2026-08-17 17:04:42,966  DEBUG     eds_loader.loader  Source connector instantiated: LocalFSConnector
2026-08-17 17:04:42,966  DEBUG     eds_loader.loader  Target connector instantiated: MSSQLConnector
2026-08-17 17:04:42,966  INFO      eds_loader.loader  Reading schema.json from source
2026-08-17 17:04:42,966  DEBUG     eds_loader.connectors.local_fs  Reading schema.json from C:\Users\Mohit Patel\Downloads\EDS\EDS\output\schema.json
2026-08-17 17:04:42,967  DEBUG     eds_loader.connectors.local_fs  schema.json parsed: 39 dataset(s)
2026-08-17 17:04:42,967  DEBUG     eds_loader.loader  schema.json contains 39 dataset definition(s)
2026-08-17 17:04:42,967  INFO      eds_loader.loader  Loading 39 table(s): brands, cart_items, categories, category_views, checkout, cities, countries, coupon_types, customer_addresses, customer_loyalty, customer_personas, customer_preferences, customers, inventory, order_lines, order_status_history, orders, payment_methods, payment_status_history, payments, product_views, products, return_items, return_reasons, return_status_history, returns, reviews, search_history, sessions, shipment_items, shipment_status_history, shipments, shipping_methods, shopping_carts, states, suppliers, tax_codes, warehouses, wishlists
2026-08-17 17:04:42,970  INFO      eds_loader.connectors.local_fs  Read brands: 50 row(s) from C:\Users\Mohit Patel\Downloads\EDS\EDS\output\brands.parquet
2026-08-17 17:04:42,972  INFO      eds_loader.connectors.local_fs  Read cart_items: 1703 row(s) from C:\Users\Mohit Patel\Downloads\EDS\EDS\output\cart_items.parquet
2026-08-17 17:04:42,973  INFO      eds_loader.connectors.local_fs  Read categories: 168 row(s) from C:\Users\Mohit Patel\Downloads\EDS\EDS\output\categories.parquet
2026-08-17 17:04:42,975  INFO      eds_loader.connectors.local_fs  Read category_views: 28310 row(s) from C:\Users\Mohit Patel\Downloads\EDS\EDS\output\category_views.parquet
2026-08-17 17:04:42,976  INFO      eds_loader.connectors.local_fs  Read checkout: 376 row(s) from C:\Users\Mohit Patel\Downloads\EDS\EDS\output\checkout.parquet
2026-08-17 17:04:42,978  INFO      eds_loader.connectors.local_fs  Read cities: 255 row(s) from C:\Users\Mohit Patel\Downloads\EDS\EDS\output\cities.parquet
2026-08-17 17:04:42,979  INFO      eds_loader.connectors.local_fs  Read countries: 1 row(s) from C:\Users\Mohit Patel\Downloads\EDS\EDS\output\countries.parquet
2026-08-17 17:04:42,980  INFO      eds_loader.connectors.local_fs  Read coupon_types: 8 row(s) from C:\Users\Mohit Patel\Downloads\EDS\EDS\output\coupon_types.parquet
2026-08-17 17:04:42,981  INFO      eds_loader.connectors.local_fs  Read customer_addresses: 1495 row(s) from C:\Users\Mohit Patel\Downloads\EDS\EDS\output\customer_addresses.parquet
2026-08-17 17:04:42,982  INFO      eds_loader.connectors.local_fs  Read customer_loyalty: 1000 row(s) from C:\Users\Mohit Patel\Downloads\EDS\EDS\output\customer_loyalty.parquet
2026-08-17 17:04:42,983  INFO      eds_loader.connectors.local_fs  Read customer_personas: 1000 row(s) from C:\Users\Mohit Patel\Downloads\EDS\EDS\output\customer_personas.parquet
2026-08-17 17:04:42,983  INFO      eds_loader.connectors.local_fs  Read customer_preferences: 1000 row(s) from C:\Users\Mohit Patel\Downloads\EDS\EDS\output\customer_preferences.parquet
2026-08-17 17:04:42,985  INFO      eds_loader.connectors.local_fs  Read customers: 1000 row(s) from C:\Users\Mohit Patel\Downloads\EDS\EDS\output\customers.parquet
2026-08-17 17:04:42,987  INFO      eds_loader.connectors.local_fs  Read inventory: 3000 row(s) from C:\Users\Mohit Patel\Downloads\EDS\EDS\output\inventory.parquet
2026-08-17 17:04:42,988  INFO      eds_loader.connectors.local_fs  Read order_lines: 513 row(s) from C:\Users\Mohit Patel\Downloads\EDS\EDS\output\order_lines.parquet
2026-08-17 17:04:42,989  INFO      eds_loader.connectors.local_fs  Read order_status_history: 879 row(s) from C:\Users\Mohit Patel\Downloads\EDS\EDS\output\order_status_history.parquet
2026-08-17 17:04:42,991  INFO      eds_loader.connectors.local_fs  Read orders: 311 row(s) from C:\Users\Mohit Patel\Downloads\EDS\EDS\output\orders.parquet
2026-08-17 17:04:42,993  INFO      eds_loader.connectors.local_fs  Read payment_methods: 13 row(s) from C:\Users\Mohit Patel\Downloads\EDS\EDS\output\payment_methods.parquet
2026-08-17 17:04:42,994  INFO      eds_loader.connectors.local_fs  Read payment_status_history: 596 row(s) from C:\Users\Mohit Patel\Downloads\EDS\EDS\output\payment_status_history.parquet
2026-08-17 17:04:42,995  INFO      eds_loader.connectors.local_fs  Read payments: 309 row(s) from C:\Users\Mohit Patel\Downloads\EDS\EDS\output\payments.parquet
2026-08-17 17:04:43,001  INFO      eds_loader.connectors.local_fs  Read product_views: 88248 row(s) from C:\Users\Mohit Patel\Downloads\EDS\EDS\output\product_views.parquet
2026-08-17 17:04:43,003  INFO      eds_loader.connectors.local_fs  Read products: 1000 row(s) from C:\Users\Mohit Patel\Downloads\EDS\EDS\output\products.parquet
2026-08-17 17:04:43,005  INFO      eds_loader.connectors.local_fs  Read return_items: 42 row(s) from C:\Users\Mohit Patel\Downloads\EDS\EDS\output\return_items.parquet
2026-08-17 17:04:43,007  INFO      eds_loader.connectors.local_fs  Read return_reasons: 5 row(s) from C:\Users\Mohit Patel\Downloads\EDS\EDS\output\return_reasons.parquet
2026-08-17 17:04:43,009  INFO      eds_loader.connectors.local_fs  Read return_status_history: 168 row(s) from C:\Users\Mohit Patel\Downloads\EDS\EDS\output\return_status_history.parquet
2026-08-17 17:04:43,010  INFO      eds_loader.connectors.local_fs  Read returns: 35 row(s) from C:\Users\Mohit Patel\Downloads\EDS\EDS\output\returns.parquet
2026-08-17 17:04:43,012  INFO      eds_loader.connectors.local_fs  Read reviews: 58 row(s) from C:\Users\Mohit Patel\Downloads\EDS\EDS\output\reviews.parquet
2026-08-17 17:04:43,014  INFO      eds_loader.connectors.local_fs  Read search_history: 11460 row(s) from C:\Users\Mohit Patel\Downloads\EDS\EDS\output\search_history.parquet
2026-08-17 17:04:43,016  INFO      eds_loader.connectors.local_fs  Read sessions: 5752 row(s) from C:\Users\Mohit Patel\Downloads\EDS\EDS\output\sessions.parquet
2026-08-17 17:04:43,017  INFO      eds_loader.connectors.local_fs  Read shipment_items: 469 row(s) from C:\Users\Mohit Patel\Downloads\EDS\EDS\output\shipment_items.parquet
2026-08-17 17:04:43,019  INFO      eds_loader.connectors.local_fs  Read shipment_status_history: 1379 row(s) from C:\Users\Mohit Patel\Downloads\EDS\EDS\output\shipment_status_history.parquet
2026-08-17 17:04:43,021  INFO      eds_loader.connectors.local_fs  Read shipments: 283 row(s) from C:\Users\Mohit Patel\Downloads\EDS\EDS\output\shipments.parquet
2026-08-17 17:04:43,022  INFO      eds_loader.connectors.local_fs  Read shipping_methods: 9 row(s) from C:\Users\Mohit Patel\Downloads\EDS\EDS\output\shipping_methods.parquet
2026-08-17 17:04:43,023  INFO      eds_loader.connectors.local_fs  Read shopping_carts: 914 row(s) from C:\Users\Mohit Patel\Downloads\EDS\EDS\output\shopping_carts.parquet
2026-08-17 17:04:43,025  INFO      eds_loader.connectors.local_fs  Read states: 51 row(s) from C:\Users\Mohit Patel\Downloads\EDS\EDS\output\states.parquet
2026-08-17 17:04:43,026  INFO      eds_loader.connectors.local_fs  Read suppliers: 25 row(s) from C:\Users\Mohit Patel\Downloads\EDS\EDS\output\suppliers.parquet
2026-08-17 17:04:43,027  INFO      eds_loader.connectors.local_fs  Read tax_codes: 7 row(s) from C:\Users\Mohit Patel\Downloads\EDS\EDS\output\tax_codes.parquet
2026-08-17 17:04:43,028  INFO      eds_loader.connectors.local_fs  Read warehouses: 10 row(s) from C:\Users\Mohit Patel\Downloads\EDS\EDS\output\warehouses.parquet
2026-08-17 17:04:43,029  INFO      eds_loader.connectors.local_fs  Read wishlists: 988 row(s) from C:\Users\Mohit Patel\Downloads\EDS\EDS\output\wishlists.parquet
2026-08-17 17:04:43,029  INFO      eds_loader.loader  Read 39 dataset(s) from source, 152890 total row(s)
2026-08-17 17:04:43,029  DEBUG     eds_loader.loader    brands: 50 row(s), 5 column(s)
2026-08-17 17:04:43,029  DEBUG     eds_loader.loader    cart_items: 1703 row(s), 11 column(s)
2026-08-17 17:04:43,029  DEBUG     eds_loader.loader    categories: 168 row(s), 7 column(s)
2026-08-17 17:04:43,029  DEBUG     eds_loader.loader    category_views: 28310 row(s), 9 column(s)
2026-08-17 17:04:43,029  DEBUG     eds_loader.loader    checkout: 376 row(s), 17 column(s)
2026-08-17 17:04:43,029  DEBUG     eds_loader.loader    cities: 255 row(s), 8 column(s)
2026-08-17 17:04:43,029  DEBUG     eds_loader.loader    countries: 1 row(s), 7 column(s)
2026-08-17 17:04:43,029  DEBUG     eds_loader.loader    coupon_types: 8 row(s), 8 column(s)
2026-08-17 17:04:43,029  DEBUG     eds_loader.loader    customer_addresses: 1495 row(s), 13 column(s)
2026-08-17 17:04:43,029  DEBUG     eds_loader.loader    customer_loyalty: 1000 row(s), 7 column(s)
2026-08-17 17:04:43,029  DEBUG     eds_loader.loader    customer_personas: 1000 row(s), 14 column(s)
2026-08-17 17:04:43,029  DEBUG     eds_loader.loader    customer_preferences: 1000 row(s), 8 column(s)
2026-08-17 17:04:43,029  DEBUG     eds_loader.loader    customers: 1000 row(s), 22 column(s)
2026-08-17 17:04:43,029  DEBUG     eds_loader.loader    inventory: 3000 row(s), 8 column(s)
2026-08-17 17:04:43,029  DEBUG     eds_loader.loader    order_lines: 513 row(s), 7 column(s)
2026-08-17 17:04:43,029  DEBUG     eds_loader.loader    order_status_history: 879 row(s), 5 column(s)
2026-08-17 17:04:43,029  DEBUG     eds_loader.loader    orders: 311 row(s), 16 column(s)
2026-08-17 17:04:43,029  DEBUG     eds_loader.loader    payment_methods: 13 row(s), 7 column(s)
2026-08-17 17:04:43,029  DEBUG     eds_loader.loader    payment_status_history: 596 row(s), 5 column(s)
2026-08-17 17:04:43,029  DEBUG     eds_loader.loader    payments: 309 row(s), 12 column(s)
2026-08-17 17:04:43,030  DEBUG     eds_loader.loader    product_views: 88248 row(s), 12 column(s)
2026-08-17 17:04:43,030  DEBUG     eds_loader.loader    products: 1000 row(s), 17 column(s)
2026-08-17 17:04:43,030  DEBUG     eds_loader.loader    return_items: 42 row(s), 7 column(s)
2026-08-17 17:04:43,030  DEBUG     eds_loader.loader    return_reasons: 5 row(s), 6 column(s)
2026-08-17 17:04:43,030  DEBUG     eds_loader.loader    return_status_history: 168 row(s), 5 column(s)
2026-08-17 17:04:43,030  DEBUG     eds_loader.loader    returns: 35 row(s), 12 column(s)
2026-08-17 17:04:43,030  DEBUG     eds_loader.loader    reviews: 58 row(s), 12 column(s)
2026-08-17 17:04:43,030  DEBUG     eds_loader.loader    search_history: 11460 row(s), 11 column(s)
2026-08-17 17:04:43,030  DEBUG     eds_loader.loader    sessions: 5752 row(s), 19 column(s)
2026-08-17 17:04:43,030  DEBUG     eds_loader.loader    shipment_items: 469 row(s), 6 column(s)
2026-08-17 17:04:43,030  DEBUG     eds_loader.loader    shipment_status_history: 1379 row(s), 5 column(s)
2026-08-17 17:04:43,030  DEBUG     eds_loader.loader    shipments: 283 row(s), 13 column(s)
2026-08-17 17:04:43,030  DEBUG     eds_loader.loader    shipping_methods: 9 row(s), 10 column(s)
2026-08-17 17:04:43,030  DEBUG     eds_loader.loader    shopping_carts: 914 row(s), 7 column(s)
2026-08-17 17:04:43,030  DEBUG     eds_loader.loader    states: 51 row(s), 4 column(s)
2026-08-17 17:04:43,030  DEBUG     eds_loader.loader    suppliers: 25 row(s), 11 column(s)
2026-08-17 17:04:43,030  DEBUG     eds_loader.loader    tax_codes: 7 row(s), 6 column(s)
2026-08-17 17:04:43,030  DEBUG     eds_loader.loader    warehouses: 10 row(s), 10 column(s)
2026-08-17 17:04:43,030  DEBUG     eds_loader.loader    wishlists: 988 row(s), 7 column(s)
2026-08-17 17:04:43,030  DEBUG     eds_loader.loader  Constraint enforcement enabled — forwarding schema metadata to target
2026-08-17 17:04:43,030  INFO      eds_loader.loader  Writing 39 table(s) to target
2026-08-17 17:04:43,160  ERROR     eds_loader.loader  Load failed: Cannot connect to MSSQL at sa@192.168.1.14:1433/eds_db: ('08001', '[08001] [Microsoft][ODBC Driver 17 for SQL Server]SSL Provider: The certificate chain was issued by an authority that is not trusted.\r\n (-2146893019) (SQLDriverConnect); [08001] [Microsoft][ODBC Driver 17 for SQL Server]Client unable to establish connection (-2146893019); [08001] [Microsoft][ODBC Driver 17 for SQL Server]Invalid connection string attribute (0)')
If this is a driver error, confirm 'ODBC Driver 17 for SQL Server' is installed (list installed drivers with `python -c "import pyodbc; print(pyodbc.drivers())"`).
2026-08-17 17:04:43,161  ERROR     eds_loader.cli.main  Load failed after 0.2s: Cannot connect to MSSQL at sa@192.168.1.14:1433/eds_db: ('08001', '[08001] [Microsoft][ODBC Driver 17 for SQL Server]SSL Provider: The certificate chain was issued by an authority that is not trusted.\r\n (-2146893019) (SQLDriverConnect); [08001] [Microsoft][ODBC Driver 17 for SQL Server]Client unable to establish connection (-2146893019); [08001] [Microsoft][ODBC Driver 17 for SQL Server]Invalid connection string attribute (0)')
If this is a driver error, confirm 'ODBC Driver 17 for SQL Server' is installed (list installed drivers with `python -c "import pyodbc; print(pyodbc.drivers())"`).
2026-08-17 17:05:31,295  INFO      eds_loader.cli.main  eds-loader run invoked (config=loader.yaml, dry_run=False)
2026-08-17 17:05:31,297  INFO      eds_loader.cli.main  Config loaded: source=local_fs target=mssql tables=(all) enforce_constraints=True schema_required=True
2026-08-17 17:05:31,297  INFO      eds_loader.loader  Starting load: source=local_fs target=mssql schema_required=True enforce_constraints=True
2026-08-17 17:05:31,297  DEBUG     eds_loader.loader  Source connector instantiated: LocalFSConnector
2026-08-17 17:05:31,297  DEBUG     eds_loader.loader  Target connector instantiated: MSSQLConnector
2026-08-17 17:05:31,297  INFO      eds_loader.loader  Reading schema.json from source
2026-08-17 17:05:31,297  DEBUG     eds_loader.connectors.local_fs  Reading schema.json from C:\Users\Mohit Patel\Downloads\EDS\EDS\output\schema.json
2026-08-17 17:05:31,297  DEBUG     eds_loader.connectors.local_fs  schema.json parsed: 39 dataset(s)
2026-08-17 17:05:31,298  DEBUG     eds_loader.loader  schema.json contains 39 dataset definition(s)
2026-08-17 17:05:31,298  INFO      eds_loader.loader  Loading 39 table(s): brands, cart_items, categories, category_views, checkout, cities, countries, coupon_types, customer_addresses, customer_loyalty, customer_personas, customer_preferences, customers, inventory, order_lines, order_status_history, orders, payment_methods, payment_status_history, payments, product_views, products, return_items, return_reasons, return_status_history, returns, reviews, search_history, sessions, shipment_items, shipment_status_history, shipments, shipping_methods, shopping_carts, states, suppliers, tax_codes, warehouses, wishlists
2026-08-17 17:05:31,301  INFO      eds_loader.connectors.local_fs  Read brands: 50 row(s) from C:\Users\Mohit Patel\Downloads\EDS\EDS\output\brands.parquet
2026-08-17 17:05:31,304  INFO      eds_loader.connectors.local_fs  Read cart_items: 1703 row(s) from C:\Users\Mohit Patel\Downloads\EDS\EDS\output\cart_items.parquet
2026-08-17 17:05:31,305  INFO      eds_loader.connectors.local_fs  Read categories: 168 row(s) from C:\Users\Mohit Patel\Downloads\EDS\EDS\output\categories.parquet
2026-08-17 17:05:31,307  INFO      eds_loader.connectors.local_fs  Read category_views: 28310 row(s) from C:\Users\Mohit Patel\Downloads\EDS\EDS\output\category_views.parquet
2026-08-17 17:05:31,308  INFO      eds_loader.connectors.local_fs  Read checkout: 376 row(s) from C:\Users\Mohit Patel\Downloads\EDS\EDS\output\checkout.parquet
2026-08-17 17:05:31,309  INFO      eds_loader.connectors.local_fs  Read cities: 255 row(s) from C:\Users\Mohit Patel\Downloads\EDS\EDS\output\cities.parquet
2026-08-17 17:05:31,311  INFO      eds_loader.connectors.local_fs  Read countries: 1 row(s) from C:\Users\Mohit Patel\Downloads\EDS\EDS\output\countries.parquet
2026-08-17 17:05:31,312  INFO      eds_loader.connectors.local_fs  Read coupon_types: 8 row(s) from C:\Users\Mohit Patel\Downloads\EDS\EDS\output\coupon_types.parquet
2026-08-17 17:05:31,313  INFO      eds_loader.connectors.local_fs  Read customer_addresses: 1495 row(s) from C:\Users\Mohit Patel\Downloads\EDS\EDS\output\customer_addresses.parquet
2026-08-17 17:05:31,315  INFO      eds_loader.connectors.local_fs  Read customer_loyalty: 1000 row(s) from C:\Users\Mohit Patel\Downloads\EDS\EDS\output\customer_loyalty.parquet
2026-08-17 17:05:31,316  INFO      eds_loader.connectors.local_fs  Read customer_personas: 1000 row(s) from C:\Users\Mohit Patel\Downloads\EDS\EDS\output\customer_personas.parquet
2026-08-17 17:05:31,317  INFO      eds_loader.connectors.local_fs  Read customer_preferences: 1000 row(s) from C:\Users\Mohit Patel\Downloads\EDS\EDS\output\customer_preferences.parquet
2026-08-17 17:05:31,319  INFO      eds_loader.connectors.local_fs  Read customers: 1000 row(s) from C:\Users\Mohit Patel\Downloads\EDS\EDS\output\customers.parquet
2026-08-17 17:05:31,321  INFO      eds_loader.connectors.local_fs  Read inventory: 3000 row(s) from C:\Users\Mohit Patel\Downloads\EDS\EDS\output\inventory.parquet
2026-08-17 17:05:31,322  INFO      eds_loader.connectors.local_fs  Read order_lines: 513 row(s) from C:\Users\Mohit Patel\Downloads\EDS\EDS\output\order_lines.parquet
2026-08-17 17:05:31,323  INFO      eds_loader.connectors.local_fs  Read order_status_history: 879 row(s) from C:\Users\Mohit Patel\Downloads\EDS\EDS\output\order_status_history.parquet
2026-08-17 17:05:31,324  INFO      eds_loader.connectors.local_fs  Read orders: 311 row(s) from C:\Users\Mohit Patel\Downloads\EDS\EDS\output\orders.parquet
2026-08-17 17:05:31,324  INFO      eds_loader.connectors.local_fs  Read payment_methods: 13 row(s) from C:\Users\Mohit Patel\Downloads\EDS\EDS\output\payment_methods.parquet
2026-08-17 17:05:31,326  INFO      eds_loader.connectors.local_fs  Read payment_status_history: 596 row(s) from C:\Users\Mohit Patel\Downloads\EDS\EDS\output\payment_status_history.parquet
2026-08-17 17:05:31,327  INFO      eds_loader.connectors.local_fs  Read payments: 309 row(s) from C:\Users\Mohit Patel\Downloads\EDS\EDS\output\payments.parquet
2026-08-17 17:05:31,336  INFO      eds_loader.connectors.local_fs  Read product_views: 88248 row(s) from C:\Users\Mohit Patel\Downloads\EDS\EDS\output\product_views.parquet
2026-08-17 17:05:31,338  INFO      eds_loader.connectors.local_fs  Read products: 1000 row(s) from C:\Users\Mohit Patel\Downloads\EDS\EDS\output\products.parquet
2026-08-17 17:05:31,340  INFO      eds_loader.connectors.local_fs  Read return_items: 42 row(s) from C:\Users\Mohit Patel\Downloads\EDS\EDS\output\return_items.parquet
2026-08-17 17:05:31,341  INFO      eds_loader.connectors.local_fs  Read return_reasons: 5 row(s) from C:\Users\Mohit Patel\Downloads\EDS\EDS\output\return_reasons.parquet
2026-08-17 17:05:31,342  INFO      eds_loader.connectors.local_fs  Read return_status_history: 168 row(s) from C:\Users\Mohit Patel\Downloads\EDS\EDS\output\return_status_history.parquet
2026-08-17 17:05:31,344  INFO      eds_loader.connectors.local_fs  Read returns: 35 row(s) from C:\Users\Mohit Patel\Downloads\EDS\EDS\output\returns.parquet
2026-08-17 17:05:31,345  INFO      eds_loader.connectors.local_fs  Read reviews: 58 row(s) from C:\Users\Mohit Patel\Downloads\EDS\EDS\output\reviews.parquet
2026-08-17 17:05:31,348  INFO      eds_loader.connectors.local_fs  Read search_history: 11460 row(s) from C:\Users\Mohit Patel\Downloads\EDS\EDS\output\search_history.parquet
2026-08-17 17:05:31,351  INFO      eds_loader.connectors.local_fs  Read sessions: 5752 row(s) from C:\Users\Mohit Patel\Downloads\EDS\EDS\output\sessions.parquet
2026-08-17 17:05:31,353  INFO      eds_loader.connectors.local_fs  Read shipment_items: 469 row(s) from C:\Users\Mohit Patel\Downloads\EDS\EDS\output\shipment_items.parquet
2026-08-17 17:05:31,355  INFO      eds_loader.connectors.local_fs  Read shipment_status_history: 1379 row(s) from C:\Users\Mohit Patel\Downloads\EDS\EDS\output\shipment_status_history.parquet
2026-08-17 17:05:31,356  INFO      eds_loader.connectors.local_fs  Read shipments: 283 row(s) from C:\Users\Mohit Patel\Downloads\EDS\EDS\output\shipments.parquet
2026-08-17 17:05:31,358  INFO      eds_loader.connectors.local_fs  Read shipping_methods: 9 row(s) from C:\Users\Mohit Patel\Downloads\EDS\EDS\output\shipping_methods.parquet
2026-08-17 17:05:31,359  INFO      eds_loader.connectors.local_fs  Read shopping_carts: 914 row(s) from C:\Users\Mohit Patel\Downloads\EDS\EDS\output\shopping_carts.parquet
2026-08-17 17:05:31,361  INFO      eds_loader.connectors.local_fs  Read states: 51 row(s) from C:\Users\Mohit Patel\Downloads\EDS\EDS\output\states.parquet
2026-08-17 17:05:31,362  INFO      eds_loader.connectors.local_fs  Read suppliers: 25 row(s) from C:\Users\Mohit Patel\Downloads\EDS\EDS\output\suppliers.parquet
2026-08-17 17:05:31,363  INFO      eds_loader.connectors.local_fs  Read tax_codes: 7 row(s) from C:\Users\Mohit Patel\Downloads\EDS\EDS\output\tax_codes.parquet
2026-08-17 17:05:31,364  INFO      eds_loader.connectors.local_fs  Read warehouses: 10 row(s) from C:\Users\Mohit Patel\Downloads\EDS\EDS\output\warehouses.parquet
2026-08-17 17:05:31,366  INFO      eds_loader.connectors.local_fs  Read wishlists: 988 row(s) from C:\Users\Mohit Patel\Downloads\EDS\EDS\output\wishlists.parquet
2026-08-17 17:05:31,366  INFO      eds_loader.loader  Read 39 dataset(s) from source, 152890 total row(s)
2026-08-17 17:05:31,366  DEBUG     eds_loader.loader    brands: 50 row(s), 5 column(s)
2026-08-17 17:05:31,367  DEBUG     eds_loader.loader    cart_items: 1703 row(s), 11 column(s)
2026-08-17 17:05:31,367  DEBUG     eds_loader.loader    categories: 168 row(s), 7 column(s)
2026-08-17 17:05:31,367  DEBUG     eds_loader.loader    category_views: 28310 row(s), 9 column(s)
2026-08-17 17:05:31,367  DEBUG     eds_loader.loader    checkout: 376 row(s), 17 column(s)
2026-08-17 17:05:31,367  DEBUG     eds_loader.loader    cities: 255 row(s), 8 column(s)
2026-08-17 17:05:31,367  DEBUG     eds_loader.loader    countries: 1 row(s), 7 column(s)
2026-08-17 17:05:31,367  DEBUG     eds_loader.loader    coupon_types: 8 row(s), 8 column(s)
2026-08-17 17:05:31,367  DEBUG     eds_loader.loader    customer_addresses: 1495 row(s), 13 column(s)
2026-08-17 17:05:31,367  DEBUG     eds_loader.loader    customer_loyalty: 1000 row(s), 7 column(s)
2026-08-17 17:05:31,367  DEBUG     eds_loader.loader    customer_personas: 1000 row(s), 14 column(s)
2026-08-17 17:05:31,367  DEBUG     eds_loader.loader    customer_preferences: 1000 row(s), 8 column(s)
2026-08-17 17:05:31,367  DEBUG     eds_loader.loader    customers: 1000 row(s), 22 column(s)
2026-08-17 17:05:31,367  DEBUG     eds_loader.loader    inventory: 3000 row(s), 8 column(s)
2026-08-17 17:05:31,367  DEBUG     eds_loader.loader    order_lines: 513 row(s), 7 column(s)
2026-08-17 17:05:31,367  DEBUG     eds_loader.loader    order_status_history: 879 row(s), 5 column(s)
2026-08-17 17:05:31,367  DEBUG     eds_loader.loader    orders: 311 row(s), 16 column(s)
2026-08-17 17:05:31,367  DEBUG     eds_loader.loader    payment_methods: 13 row(s), 7 column(s)
2026-08-17 17:05:31,367  DEBUG     eds_loader.loader    payment_status_history: 596 row(s), 5 column(s)
2026-08-17 17:05:31,367  DEBUG     eds_loader.loader    payments: 309 row(s), 12 column(s)
2026-08-17 17:05:31,367  DEBUG     eds_loader.loader    product_views: 88248 row(s), 12 column(s)
2026-08-17 17:05:31,367  DEBUG     eds_loader.loader    products: 1000 row(s), 17 column(s)
2026-08-17 17:05:31,367  DEBUG     eds_loader.loader    return_items: 42 row(s), 7 column(s)
2026-08-17 17:05:31,367  DEBUG     eds_loader.loader    return_reasons: 5 row(s), 6 column(s)
2026-08-17 17:05:31,367  DEBUG     eds_loader.loader    return_status_history: 168 row(s), 5 column(s)
2026-08-17 17:05:31,367  DEBUG     eds_loader.loader    returns: 35 row(s), 12 column(s)
2026-08-17 17:05:31,367  DEBUG     eds_loader.loader    reviews: 58 row(s), 12 column(s)
2026-08-17 17:05:31,367  DEBUG     eds_loader.loader    search_history: 11460 row(s), 11 column(s)
2026-08-17 17:05:31,367  DEBUG     eds_loader.loader    sessions: 5752 row(s), 19 column(s)
2026-08-17 17:05:31,367  DEBUG     eds_loader.loader    shipment_items: 469 row(s), 6 column(s)
2026-08-17 17:05:31,367  DEBUG     eds_loader.loader    shipment_status_history: 1379 row(s), 5 column(s)
2026-08-17 17:05:31,367  DEBUG     eds_loader.loader    shipments: 283 row(s), 13 column(s)
2026-08-17 17:05:31,367  DEBUG     eds_loader.loader    shipping_methods: 9 row(s), 10 column(s)
2026-08-17 17:05:31,367  DEBUG     eds_loader.loader    shopping_carts: 914 row(s), 7 column(s)
2026-08-17 17:05:31,367  DEBUG     eds_loader.loader    states: 51 row(s), 4 column(s)
2026-08-17 17:05:31,367  DEBUG     eds_loader.loader    suppliers: 25 row(s), 11 column(s)
2026-08-17 17:05:31,367  DEBUG     eds_loader.loader    tax_codes: 7 row(s), 6 column(s)
2026-08-17 17:05:31,367  DEBUG     eds_loader.loader    warehouses: 10 row(s), 10 column(s)
2026-08-17 17:05:31,367  DEBUG     eds_loader.loader    wishlists: 988 row(s), 7 column(s)
2026-08-17 17:05:31,367  DEBUG     eds_loader.loader  Constraint enforcement enabled — forwarding schema metadata to target
2026-08-17 17:05:31,367  INFO      eds_loader.loader  Writing 39 table(s) to target
2026-08-17 17:05:31,369  ERROR     eds_loader.loader  Load failed: Cannot connect to MSSQL at sa@192.168.1.14:1433/eds_db: ('IM002', '[IM002] [Microsoft][ODBC Driver Manager] Data source name not found and no default driver specified (0) (SQLDriverConnect)')
If this is a driver error, confirm 'ODBC Driver 18 for SQL Server' is installed (list installed drivers with `python -c "import pyodbc; print(pyodbc.drivers())"`).
2026-08-17 17:05:31,369  ERROR     eds_loader.cli.main  Load failed after 0.1s: Cannot connect to MSSQL at sa@192.168.1.14:1433/eds_db: ('IM002', '[IM002] [Microsoft][ODBC Driver Manager] Data source name not found and no default driver specified (0) (SQLDriverConnect)')
If this is a driver error, confirm 'ODBC Driver 18 for SQL Server' is installed (list installed drivers with `python -c "import pyodbc; print(pyodbc.drivers())"`).
2026-08-17 17:06:22,663  INFO      eds_loader.cli.main  eds-loader run invoked (config=loader.yaml, dry_run=False)
2026-08-17 17:06:22,665  INFO      eds_loader.cli.main  Config loaded: source=local_fs target=mssql tables=(all) enforce_constraints=True schema_required=True
2026-08-17 17:06:22,665  INFO      eds_loader.loader  Starting load: source=local_fs target=mssql schema_required=True enforce_constraints=True
2026-08-17 17:06:22,665  DEBUG     eds_loader.loader  Source connector instantiated: LocalFSConnector
2026-08-17 17:06:22,665  DEBUG     eds_loader.loader  Target connector instantiated: MSSQLConnector
2026-08-17 17:06:22,665  INFO      eds_loader.loader  Reading schema.json from source
2026-08-17 17:06:22,665  DEBUG     eds_loader.connectors.local_fs  Reading schema.json from C:\Users\Mohit Patel\Downloads\EDS\EDS\output\schema.json
2026-08-17 17:06:22,666  DEBUG     eds_loader.connectors.local_fs  schema.json parsed: 39 dataset(s)
2026-08-17 17:06:22,666  DEBUG     eds_loader.loader  schema.json contains 39 dataset definition(s)
2026-08-17 17:06:22,666  INFO      eds_loader.loader  Loading 39 table(s): brands, cart_items, categories, category_views, checkout, cities, countries, coupon_types, customer_addresses, customer_loyalty, customer_personas, customer_preferences, customers, inventory, order_lines, order_status_history, orders, payment_methods, payment_status_history, payments, product_views, products, return_items, return_reasons, return_status_history, returns, reviews, search_history, sessions, shipment_items, shipment_status_history, shipments, shipping_methods, shopping_carts, states, suppliers, tax_codes, warehouses, wishlists
2026-08-17 17:06:22,670  INFO      eds_loader.connectors.local_fs  Read brands: 50 row(s) from C:\Users\Mohit Patel\Downloads\EDS\EDS\output\brands.parquet
2026-08-17 17:06:22,671  INFO      eds_loader.connectors.local_fs  Read cart_items: 1703 row(s) from C:\Users\Mohit Patel\Downloads\EDS\EDS\output\cart_items.parquet
2026-08-17 17:06:22,672  INFO      eds_loader.connectors.local_fs  Read categories: 168 row(s) from C:\Users\Mohit Patel\Downloads\EDS\EDS\output\categories.parquet
2026-08-17 17:06:22,676  INFO      eds_loader.connectors.local_fs  Read category_views: 28310 row(s) from C:\Users\Mohit Patel\Downloads\EDS\EDS\output\category_views.parquet
2026-08-17 17:06:22,677  INFO      eds_loader.connectors.local_fs  Read checkout: 376 row(s) from C:\Users\Mohit Patel\Downloads\EDS\EDS\output\checkout.parquet
2026-08-17 17:06:22,678  INFO      eds_loader.connectors.local_fs  Read cities: 255 row(s) from C:\Users\Mohit Patel\Downloads\EDS\EDS\output\cities.parquet
2026-08-17 17:06:22,679  INFO      eds_loader.connectors.local_fs  Read countries: 1 row(s) from C:\Users\Mohit Patel\Downloads\EDS\EDS\output\countries.parquet
2026-08-17 17:06:22,680  INFO      eds_loader.connectors.local_fs  Read coupon_types: 8 row(s) from C:\Users\Mohit Patel\Downloads\EDS\EDS\output\coupon_types.parquet
2026-08-17 17:06:22,682  INFO      eds_loader.connectors.local_fs  Read customer_addresses: 1495 row(s) from C:\Users\Mohit Patel\Downloads\EDS\EDS\output\customer_addresses.parquet
2026-08-17 17:06:22,683  INFO      eds_loader.connectors.local_fs  Read customer_loyalty: 1000 row(s) from C:\Users\Mohit Patel\Downloads\EDS\EDS\output\customer_loyalty.parquet
2026-08-17 17:06:22,685  INFO      eds_loader.connectors.local_fs  Read customer_personas: 1000 row(s) from C:\Users\Mohit Patel\Downloads\EDS\EDS\output\customer_personas.parquet
2026-08-17 17:06:22,686  INFO      eds_loader.connectors.local_fs  Read customer_preferences: 1000 row(s) from C:\Users\Mohit Patel\Downloads\EDS\EDS\output\customer_preferences.parquet
2026-08-17 17:06:22,688  INFO      eds_loader.connectors.local_fs  Read customers: 1000 row(s) from C:\Users\Mohit Patel\Downloads\EDS\EDS\output\customers.parquet
2026-08-17 17:06:22,689  INFO      eds_loader.connectors.local_fs  Read inventory: 3000 row(s) from C:\Users\Mohit Patel\Downloads\EDS\EDS\output\inventory.parquet
2026-08-17 17:06:22,691  INFO      eds_loader.connectors.local_fs  Read order_lines: 513 row(s) from C:\Users\Mohit Patel\Downloads\EDS\EDS\output\order_lines.parquet
2026-08-17 17:06:22,692  INFO      eds_loader.connectors.local_fs  Read order_status_history: 879 row(s) from C:\Users\Mohit Patel\Downloads\EDS\EDS\output\order_status_history.parquet
2026-08-17 17:06:22,694  INFO      eds_loader.connectors.local_fs  Read orders: 311 row(s) from C:\Users\Mohit Patel\Downloads\EDS\EDS\output\orders.parquet
2026-08-17 17:06:22,695  INFO      eds_loader.connectors.local_fs  Read payment_methods: 13 row(s) from C:\Users\Mohit Patel\Downloads\EDS\EDS\output\payment_methods.parquet
2026-08-17 17:06:22,696  INFO      eds_loader.connectors.local_fs  Read payment_status_history: 596 row(s) from C:\Users\Mohit Patel\Downloads\EDS\EDS\output\payment_status_history.parquet
2026-08-17 17:06:22,697  INFO      eds_loader.connectors.local_fs  Read payments: 309 row(s) from C:\Users\Mohit Patel\Downloads\EDS\EDS\output\payments.parquet
2026-08-17 17:06:22,704  INFO      eds_loader.connectors.local_fs  Read product_views: 88248 row(s) from C:\Users\Mohit Patel\Downloads\EDS\EDS\output\product_views.parquet
2026-08-17 17:06:22,706  INFO      eds_loader.connectors.local_fs  Read products: 1000 row(s) from C:\Users\Mohit Patel\Downloads\EDS\EDS\output\products.parquet
2026-08-17 17:06:22,707  INFO      eds_loader.connectors.local_fs  Read return_items: 42 row(s) from C:\Users\Mohit Patel\Downloads\EDS\EDS\output\return_items.parquet
2026-08-17 17:06:22,708  INFO      eds_loader.connectors.local_fs  Read return_reasons: 5 row(s) from C:\Users\Mohit Patel\Downloads\EDS\EDS\output\return_reasons.parquet
2026-08-17 17:06:22,709  INFO      eds_loader.connectors.local_fs  Read return_status_history: 168 row(s) from C:\Users\Mohit Patel\Downloads\EDS\EDS\output\return_status_history.parquet
2026-08-17 17:06:22,710  INFO      eds_loader.connectors.local_fs  Read returns: 35 row(s) from C:\Users\Mohit Patel\Downloads\EDS\EDS\output\returns.parquet
2026-08-17 17:06:22,712  INFO      eds_loader.connectors.local_fs  Read reviews: 58 row(s) from C:\Users\Mohit Patel\Downloads\EDS\EDS\output\reviews.parquet
2026-08-17 17:06:22,714  INFO      eds_loader.connectors.local_fs  Read search_history: 11460 row(s) from C:\Users\Mohit Patel\Downloads\EDS\EDS\output\search_history.parquet
2026-08-17 17:06:22,717  INFO      eds_loader.connectors.local_fs  Read sessions: 5752 row(s) from C:\Users\Mohit Patel\Downloads\EDS\EDS\output\sessions.parquet
2026-08-17 17:06:22,718  INFO      eds_loader.connectors.local_fs  Read shipment_items: 469 row(s) from C:\Users\Mohit Patel\Downloads\EDS\EDS\output\shipment_items.parquet
2026-08-17 17:06:22,719  INFO      eds_loader.connectors.local_fs  Read shipment_status_history: 1379 row(s) from C:\Users\Mohit Patel\Downloads\EDS\EDS\output\shipment_status_history.parquet
2026-08-17 17:06:22,720  INFO      eds_loader.connectors.local_fs  Read shipments: 283 row(s) from C:\Users\Mohit Patel\Downloads\EDS\EDS\output\shipments.parquet
2026-08-17 17:06:22,721  INFO      eds_loader.connectors.local_fs  Read shipping_methods: 9 row(s) from C:\Users\Mohit Patel\Downloads\EDS\EDS\output\shipping_methods.parquet
2026-08-17 17:06:22,722  INFO      eds_loader.connectors.local_fs  Read shopping_carts: 914 row(s) from C:\Users\Mohit Patel\Downloads\EDS\EDS\output\shopping_carts.parquet
2026-08-17 17:06:22,723  INFO      eds_loader.connectors.local_fs  Read states: 51 row(s) from C:\Users\Mohit Patel\Downloads\EDS\EDS\output\states.parquet
2026-08-17 17:06:22,724  INFO      eds_loader.connectors.local_fs  Read suppliers: 25 row(s) from C:\Users\Mohit Patel\Downloads\EDS\EDS\output\suppliers.parquet
2026-08-17 17:06:22,726  INFO      eds_loader.connectors.local_fs  Read tax_codes: 7 row(s) from C:\Users\Mohit Patel\Downloads\EDS\EDS\output\tax_codes.parquet
2026-08-17 17:06:22,727  INFO      eds_loader.connectors.local_fs  Read warehouses: 10 row(s) from C:\Users\Mohit Patel\Downloads\EDS\EDS\output\warehouses.parquet
2026-08-17 17:06:22,728  INFO      eds_loader.connectors.local_fs  Read wishlists: 988 row(s) from C:\Users\Mohit Patel\Downloads\EDS\EDS\output\wishlists.parquet
2026-08-17 17:06:22,728  INFO      eds_loader.loader  Read 39 dataset(s) from source, 152890 total row(s)
2026-08-17 17:06:22,728  DEBUG     eds_loader.loader    brands: 50 row(s), 5 column(s)
2026-08-17 17:06:22,728  DEBUG     eds_loader.loader    cart_items: 1703 row(s), 11 column(s)
2026-08-17 17:06:22,728  DEBUG     eds_loader.loader    categories: 168 row(s), 7 column(s)
2026-08-17 17:06:22,728  DEBUG     eds_loader.loader    category_views: 28310 row(s), 9 column(s)
2026-08-17 17:06:22,728  DEBUG     eds_loader.loader    checkout: 376 row(s), 17 column(s)
2026-08-17 17:06:22,728  DEBUG     eds_loader.loader    cities: 255 row(s), 8 column(s)
2026-08-17 17:06:22,728  DEBUG     eds_loader.loader    countries: 1 row(s), 7 column(s)
2026-08-17 17:06:22,728  DEBUG     eds_loader.loader    coupon_types: 8 row(s), 8 column(s)
2026-08-17 17:06:22,728  DEBUG     eds_loader.loader    customer_addresses: 1495 row(s), 13 column(s)
2026-08-17 17:06:22,728  DEBUG     eds_loader.loader    customer_loyalty: 1000 row(s), 7 column(s)
2026-08-17 17:06:22,728  DEBUG     eds_loader.loader    customer_personas: 1000 row(s), 14 column(s)
2026-08-17 17:06:22,729  DEBUG     eds_loader.loader    customer_preferences: 1000 row(s), 8 column(s)
2026-08-17 17:06:22,729  DEBUG     eds_loader.loader    customers: 1000 row(s), 22 column(s)
2026-08-17 17:06:22,729  DEBUG     eds_loader.loader    inventory: 3000 row(s), 8 column(s)
2026-08-17 17:06:22,729  DEBUG     eds_loader.loader    order_lines: 513 row(s), 7 column(s)
2026-08-17 17:06:22,729  DEBUG     eds_loader.loader    order_status_history: 879 row(s), 5 column(s)
2026-08-17 17:06:22,729  DEBUG     eds_loader.loader    orders: 311 row(s), 16 column(s)
2026-08-17 17:06:22,729  DEBUG     eds_loader.loader    payment_methods: 13 row(s), 7 column(s)
2026-08-17 17:06:22,729  DEBUG     eds_loader.loader    payment_status_history: 596 row(s), 5 column(s)
2026-08-17 17:06:22,729  DEBUG     eds_loader.loader    payments: 309 row(s), 12 column(s)
2026-08-17 17:06:22,729  DEBUG     eds_loader.loader    product_views: 88248 row(s), 12 column(s)
2026-08-17 17:06:22,729  DEBUG     eds_loader.loader    products: 1000 row(s), 17 column(s)
2026-08-17 17:06:22,729  DEBUG     eds_loader.loader    return_items: 42 row(s), 7 column(s)
2026-08-17 17:06:22,729  DEBUG     eds_loader.loader    return_reasons: 5 row(s), 6 column(s)
2026-08-17 17:06:22,729  DEBUG     eds_loader.loader    return_status_history: 168 row(s), 5 column(s)
2026-08-17 17:06:22,729  DEBUG     eds_loader.loader    returns: 35 row(s), 12 column(s)
2026-08-17 17:06:22,729  DEBUG     eds_loader.loader    reviews: 58 row(s), 12 column(s)
2026-08-17 17:06:22,729  DEBUG     eds_loader.loader    search_history: 11460 row(s), 11 column(s)
2026-08-17 17:06:22,729  DEBUG     eds_loader.loader    sessions: 5752 row(s), 19 column(s)
2026-08-17 17:06:22,729  DEBUG     eds_loader.loader    shipment_items: 469 row(s), 6 column(s)
2026-08-17 17:06:22,729  DEBUG     eds_loader.loader    shipment_status_history: 1379 row(s), 5 column(s)
2026-08-17 17:06:22,729  DEBUG     eds_loader.loader    shipments: 283 row(s), 13 column(s)
2026-08-17 17:06:22,729  DEBUG     eds_loader.loader    shipping_methods: 9 row(s), 10 column(s)
2026-08-17 17:06:22,730  DEBUG     eds_loader.loader    shopping_carts: 914 row(s), 7 column(s)
2026-08-17 17:06:22,730  DEBUG     eds_loader.loader    states: 51 row(s), 4 column(s)
2026-08-17 17:06:22,730  DEBUG     eds_loader.loader    suppliers: 25 row(s), 11 column(s)
2026-08-17 17:06:22,730  DEBUG     eds_loader.loader    tax_codes: 7 row(s), 6 column(s)
2026-08-17 17:06:22,730  DEBUG     eds_loader.loader    warehouses: 10 row(s), 10 column(s)
2026-08-17 17:06:22,730  DEBUG     eds_loader.loader    wishlists: 988 row(s), 7 column(s)
2026-08-17 17:06:22,730  DEBUG     eds_loader.loader  Constraint enforcement enabled — forwarding schema metadata to target
2026-08-17 17:06:22,730  INFO      eds_loader.loader  Writing 39 table(s) to target
2026-08-17 17:06:22,917  ERROR     eds_loader.loader  Load failed: Cannot connect to MSSQL at sa@192.168.1.14:1433/eds_db: ('28000', '[28000] [Microsoft][ODBC Driver 17 for SQL Server][SQL Server]Login failed for user \'sa\'. (18456) (SQLDriverConnect); [28000] [Microsoft][ODBC Driver 17 for SQL Server][SQL Server]Cannot open database "eds_db" requested by the login. The login failed. (4060); [28000] [Microsoft][ODBC Driver 17 for SQL Server]Invalid connection string attribute (0); [28000] [Microsoft][ODBC Driver 17 for SQL Server][SQL Server]Login failed for user \'sa\'. (18456); [28000] [Microsoft][ODBC Driver 17 for SQL Server][SQL Server]Cannot open database "eds_db" requested by the login. The login failed. (4060); [28000] [Microsoft][ODBC Driver 17 for SQL Server]Invalid connection string attribute (0)')
If this is a driver error, confirm 'ODBC Driver 17 for SQL Server' is installed (list installed drivers with `python -c "import pyodbc; print(pyodbc.drivers())"`).
2026-08-17 17:06:22,917  ERROR     eds_loader.cli.main  Load failed after 0.3s: Cannot connect to MSSQL at sa@192.168.1.14:1433/eds_db: ('28000', '[28000] [Microsoft][ODBC Driver 17 for SQL Server][SQL Server]Login failed for user \'sa\'. (18456) (SQLDriverConnect); [28000] [Microsoft][ODBC Driver 17 for SQL Server][SQL Server]Cannot open database "eds_db" requested by the login. The login failed. (4060); [28000] [Microsoft][ODBC Driver 17 for SQL Server]Invalid connection string attribute (0); [28000] [Microsoft][ODBC Driver 17 for SQL Server][SQL Server]Login failed for user \'sa\'. (18456); [28000] [Microsoft][ODBC Driver 17 for SQL Server][SQL Server]Cannot open database "eds_db" requested by the login. The login failed. (4060); [28000] [Microsoft][ODBC Driver 17 for SQL Server]Invalid connection string attribute (0)')
If this is a driver error, confirm 'ODBC Driver 17 for SQL Server' is installed (list installed drivers with `python -c "import pyodbc; print(pyodbc.drivers())"`).
2026-08-17 17:06:53,801  INFO      eds_loader.cli.main  eds-loader run invoked (config=loader.yaml, dry_run=False)
2026-08-17 17:06:53,802  INFO      eds_loader.cli.main  Config loaded: source=local_fs target=mssql tables=(all) enforce_constraints=True schema_required=True
2026-08-17 17:06:53,802  INFO      eds_loader.loader  Starting load: source=local_fs target=mssql schema_required=True enforce_constraints=True
2026-08-17 17:06:53,802  DEBUG     eds_loader.loader  Source connector instantiated: LocalFSConnector
2026-08-17 17:06:53,802  DEBUG     eds_loader.loader  Target connector instantiated: MSSQLConnector
2026-08-17 17:06:53,803  INFO      eds_loader.loader  Reading schema.json from source
2026-08-17 17:06:53,803  DEBUG     eds_loader.connectors.local_fs  Reading schema.json from C:\Users\Mohit Patel\Downloads\EDS\EDS\output\schema.json
2026-08-17 17:06:53,803  DEBUG     eds_loader.connectors.local_fs  schema.json parsed: 39 dataset(s)
2026-08-17 17:06:53,803  DEBUG     eds_loader.loader  schema.json contains 39 dataset definition(s)
2026-08-17 17:06:53,803  INFO      eds_loader.loader  Loading 39 table(s): brands, cart_items, categories, category_views, checkout, cities, countries, coupon_types, customer_addresses, customer_loyalty, customer_personas, customer_preferences, customers, inventory, order_lines, order_status_history, orders, payment_methods, payment_status_history, payments, product_views, products, return_items, return_reasons, return_status_history, returns, reviews, search_history, sessions, shipment_items, shipment_status_history, shipments, shipping_methods, shopping_carts, states, suppliers, tax_codes, warehouses, wishlists
2026-08-17 17:06:53,807  INFO      eds_loader.connectors.local_fs  Read brands: 50 row(s) from C:\Users\Mohit Patel\Downloads\EDS\EDS\output\brands.parquet
2026-08-17 17:06:53,809  INFO      eds_loader.connectors.local_fs  Read cart_items: 1703 row(s) from C:\Users\Mohit Patel\Downloads\EDS\EDS\output\cart_items.parquet
2026-08-17 17:06:53,810  INFO      eds_loader.connectors.local_fs  Read categories: 168 row(s) from C:\Users\Mohit Patel\Downloads\EDS\EDS\output\categories.parquet
2026-08-17 17:06:53,813  INFO      eds_loader.connectors.local_fs  Read category_views: 28310 row(s) from C:\Users\Mohit Patel\Downloads\EDS\EDS\output\category_views.parquet
2026-08-17 17:06:53,814  INFO      eds_loader.connectors.local_fs  Read checkout: 376 row(s) from C:\Users\Mohit Patel\Downloads\EDS\EDS\output\checkout.parquet
2026-08-17 17:06:53,815  INFO      eds_loader.connectors.local_fs  Read cities: 255 row(s) from C:\Users\Mohit Patel\Downloads\EDS\EDS\output\cities.parquet
2026-08-17 17:06:53,816  INFO      eds_loader.connectors.local_fs  Read countries: 1 row(s) from C:\Users\Mohit Patel\Downloads\EDS\EDS\output\countries.parquet
2026-08-17 17:06:53,817  INFO      eds_loader.connectors.local_fs  Read coupon_types: 8 row(s) from C:\Users\Mohit Patel\Downloads\EDS\EDS\output\coupon_types.parquet
2026-08-17 17:06:53,819  INFO      eds_loader.connectors.local_fs  Read customer_addresses: 1495 row(s) from C:\Users\Mohit Patel\Downloads\EDS\EDS\output\customer_addresses.parquet
2026-08-17 17:06:53,821  INFO      eds_loader.connectors.local_fs  Read customer_loyalty: 1000 row(s) from C:\Users\Mohit Patel\Downloads\EDS\EDS\output\customer_loyalty.parquet
2026-08-17 17:06:53,824  INFO      eds_loader.connectors.local_fs  Read customer_personas: 1000 row(s) from C:\Users\Mohit Patel\Downloads\EDS\EDS\output\customer_personas.parquet
2026-08-17 17:06:53,825  INFO      eds_loader.connectors.local_fs  Read customer_preferences: 1000 row(s) from C:\Users\Mohit Patel\Downloads\EDS\EDS\output\customer_preferences.parquet
2026-08-17 17:06:53,827  INFO      eds_loader.connectors.local_fs  Read customers: 1000 row(s) from C:\Users\Mohit Patel\Downloads\EDS\EDS\output\customers.parquet
2026-08-17 17:06:53,828  INFO      eds_loader.connectors.local_fs  Read inventory: 3000 row(s) from C:\Users\Mohit Patel\Downloads\EDS\EDS\output\inventory.parquet
2026-08-17 17:06:53,829  INFO      eds_loader.connectors.local_fs  Read order_lines: 513 row(s) from C:\Users\Mohit Patel\Downloads\EDS\EDS\output\order_lines.parquet
2026-08-17 17:06:53,830  INFO      eds_loader.connectors.local_fs  Read order_status_history: 879 row(s) from C:\Users\Mohit Patel\Downloads\EDS\EDS\output\order_status_history.parquet
2026-08-17 17:06:53,831  INFO      eds_loader.connectors.local_fs  Read orders: 311 row(s) from C:\Users\Mohit Patel\Downloads\EDS\EDS\output\orders.parquet
2026-08-17 17:06:53,832  INFO      eds_loader.connectors.local_fs  Read payment_methods: 13 row(s) from C:\Users\Mohit Patel\Downloads\EDS\EDS\output\payment_methods.parquet
2026-08-17 17:06:53,833  INFO      eds_loader.connectors.local_fs  Read payment_status_history: 596 row(s) from C:\Users\Mohit Patel\Downloads\EDS\EDS\output\payment_status_history.parquet
2026-08-17 17:06:53,834  INFO      eds_loader.connectors.local_fs  Read payments: 309 row(s) from C:\Users\Mohit Patel\Downloads\EDS\EDS\output\payments.parquet
2026-08-17 17:06:53,843  INFO      eds_loader.connectors.local_fs  Read product_views: 88248 row(s) from C:\Users\Mohit Patel\Downloads\EDS\EDS\output\product_views.parquet
2026-08-17 17:06:53,844  INFO      eds_loader.connectors.local_fs  Read products: 1000 row(s) from C:\Users\Mohit Patel\Downloads\EDS\EDS\output\products.parquet
2026-08-17 17:06:53,845  INFO      eds_loader.connectors.local_fs  Read return_items: 42 row(s) from C:\Users\Mohit Patel\Downloads\EDS\EDS\output\return_items.parquet
2026-08-17 17:06:53,846  INFO      eds_loader.connectors.local_fs  Read return_reasons: 5 row(s) from C:\Users\Mohit Patel\Downloads\EDS\EDS\output\return_reasons.parquet
2026-08-17 17:06:53,847  INFO      eds_loader.connectors.local_fs  Read return_status_history: 168 row(s) from C:\Users\Mohit Patel\Downloads\EDS\EDS\output\return_status_history.parquet
2026-08-17 17:06:53,848  INFO      eds_loader.connectors.local_fs  Read returns: 35 row(s) from C:\Users\Mohit Patel\Downloads\EDS\EDS\output\returns.parquet
2026-08-17 17:06:53,849  INFO      eds_loader.connectors.local_fs  Read reviews: 58 row(s) from C:\Users\Mohit Patel\Downloads\EDS\EDS\output\reviews.parquet
2026-08-17 17:06:53,851  INFO      eds_loader.connectors.local_fs  Read search_history: 11460 row(s) from C:\Users\Mohit Patel\Downloads\EDS\EDS\output\search_history.parquet
2026-08-17 17:06:53,854  INFO      eds_loader.connectors.local_fs  Read sessions: 5752 row(s) from C:\Users\Mohit Patel\Downloads\EDS\EDS\output\sessions.parquet
2026-08-17 17:06:53,856  INFO      eds_loader.connectors.local_fs  Read shipment_items: 469 row(s) from C:\Users\Mohit Patel\Downloads\EDS\EDS\output\shipment_items.parquet
2026-08-17 17:06:53,858  INFO      eds_loader.connectors.local_fs  Read shipment_status_history: 1379 row(s) from C:\Users\Mohit Patel\Downloads\EDS\EDS\output\shipment_status_history.parquet
2026-08-17 17:06:53,859  INFO      eds_loader.connectors.local_fs  Read shipments: 283 row(s) from C:\Users\Mohit Patel\Downloads\EDS\EDS\output\shipments.parquet
2026-08-17 17:06:53,860  INFO      eds_loader.connectors.local_fs  Read shipping_methods: 9 row(s) from C:\Users\Mohit Patel\Downloads\EDS\EDS\output\shipping_methods.parquet
2026-08-17 17:06:53,861  INFO      eds_loader.connectors.local_fs  Read shopping_carts: 914 row(s) from C:\Users\Mohit Patel\Downloads\EDS\EDS\output\shopping_carts.parquet
2026-08-17 17:06:53,862  INFO      eds_loader.connectors.local_fs  Read states: 51 row(s) from C:\Users\Mohit Patel\Downloads\EDS\EDS\output\states.parquet
2026-08-17 17:06:53,863  INFO      eds_loader.connectors.local_fs  Read suppliers: 25 row(s) from C:\Users\Mohit Patel\Downloads\EDS\EDS\output\suppliers.parquet
2026-08-17 17:06:53,864  INFO      eds_loader.connectors.local_fs  Read tax_codes: 7 row(s) from C:\Users\Mohit Patel\Downloads\EDS\EDS\output\tax_codes.parquet
2026-08-17 17:06:53,865  INFO      eds_loader.connectors.local_fs  Read warehouses: 10 row(s) from C:\Users\Mohit Patel\Downloads\EDS\EDS\output\warehouses.parquet
2026-08-17 17:06:53,866  INFO      eds_loader.connectors.local_fs  Read wishlists: 988 row(s) from C:\Users\Mohit Patel\Downloads\EDS\EDS\output\wishlists.parquet
2026-08-17 17:06:53,866  INFO      eds_loader.loader  Read 39 dataset(s) from source, 152890 total row(s)
2026-08-17 17:06:53,866  DEBUG     eds_loader.loader    brands: 50 row(s), 5 column(s)
2026-08-17 17:06:53,866  DEBUG     eds_loader.loader    cart_items: 1703 row(s), 11 column(s)
2026-08-17 17:06:53,866  DEBUG     eds_loader.loader    categories: 168 row(s), 7 column(s)
2026-08-17 17:06:53,866  DEBUG     eds_loader.loader    category_views: 28310 row(s), 9 column(s)
2026-08-17 17:06:53,866  DEBUG     eds_loader.loader    checkout: 376 row(s), 17 column(s)
2026-08-17 17:06:53,866  DEBUG     eds_loader.loader    cities: 255 row(s), 8 column(s)
2026-08-17 17:06:53,866  DEBUG     eds_loader.loader    countries: 1 row(s), 7 column(s)
2026-08-17 17:06:53,866  DEBUG     eds_loader.loader    coupon_types: 8 row(s), 8 column(s)
2026-08-17 17:06:53,866  DEBUG     eds_loader.loader    customer_addresses: 1495 row(s), 13 column(s)
2026-08-17 17:06:53,866  DEBUG     eds_loader.loader    customer_loyalty: 1000 row(s), 7 column(s)
2026-08-17 17:06:53,866  DEBUG     eds_loader.loader    customer_personas: 1000 row(s), 14 column(s)
2026-08-17 17:06:53,866  DEBUG     eds_loader.loader    customer_preferences: 1000 row(s), 8 column(s)
2026-08-17 17:06:53,867  DEBUG     eds_loader.loader    customers: 1000 row(s), 22 column(s)
2026-08-17 17:06:53,867  DEBUG     eds_loader.loader    inventory: 3000 row(s), 8 column(s)
2026-08-17 17:06:53,867  DEBUG     eds_loader.loader    order_lines: 513 row(s), 7 column(s)
2026-08-17 17:06:53,867  DEBUG     eds_loader.loader    order_status_history: 879 row(s), 5 column(s)
2026-08-17 17:06:53,867  DEBUG     eds_loader.loader    orders: 311 row(s), 16 column(s)
2026-08-17 17:06:53,867  DEBUG     eds_loader.loader    payment_methods: 13 row(s), 7 column(s)
2026-08-17 17:06:53,867  DEBUG     eds_loader.loader    payment_status_history: 596 row(s), 5 column(s)
2026-08-17 17:06:53,867  DEBUG     eds_loader.loader    payments: 309 row(s), 12 column(s)
2026-08-17 17:06:53,867  DEBUG     eds_loader.loader    product_views: 88248 row(s), 12 column(s)
2026-08-17 17:06:53,867  DEBUG     eds_loader.loader    products: 1000 row(s), 17 column(s)
2026-08-17 17:06:53,867  DEBUG     eds_loader.loader    return_items: 42 row(s), 7 column(s)
2026-08-17 17:06:53,867  DEBUG     eds_loader.loader    return_reasons: 5 row(s), 6 column(s)
2026-08-17 17:06:53,867  DEBUG     eds_loader.loader    return_status_history: 168 row(s), 5 column(s)
2026-08-17 17:06:53,867  DEBUG     eds_loader.loader    returns: 35 row(s), 12 column(s)
2026-08-17 17:06:53,867  DEBUG     eds_loader.loader    reviews: 58 row(s), 12 column(s)
2026-08-17 17:06:53,867  DEBUG     eds_loader.loader    search_history: 11460 row(s), 11 column(s)
2026-08-17 17:06:53,867  DEBUG     eds_loader.loader    sessions: 5752 row(s), 19 column(s)
2026-08-17 17:06:53,867  DEBUG     eds_loader.loader    shipment_items: 469 row(s), 6 column(s)
2026-08-17 17:06:53,867  DEBUG     eds_loader.loader    shipment_status_history: 1379 row(s), 5 column(s)
2026-08-17 17:06:53,867  DEBUG     eds_loader.loader    shipments: 283 row(s), 13 column(s)
2026-08-17 17:06:53,867  DEBUG     eds_loader.loader    shipping_methods: 9 row(s), 10 column(s)
2026-08-17 17:06:53,867  DEBUG     eds_loader.loader    shopping_carts: 914 row(s), 7 column(s)
2026-08-17 17:06:53,867  DEBUG     eds_loader.loader    states: 51 row(s), 4 column(s)
2026-08-17 17:06:53,867  DEBUG     eds_loader.loader    suppliers: 25 row(s), 11 column(s)
2026-08-17 17:06:53,867  DEBUG     eds_loader.loader    tax_codes: 7 row(s), 6 column(s)
2026-08-17 17:06:53,867  DEBUG     eds_loader.loader    warehouses: 10 row(s), 10 column(s)
2026-08-17 17:06:53,867  DEBUG     eds_loader.loader    wishlists: 988 row(s), 7 column(s)
2026-08-17 17:06:53,867  DEBUG     eds_loader.loader  Constraint enforcement enabled — forwarding schema metadata to target
2026-08-17 17:06:53,867  INFO      eds_loader.loader  Writing 39 table(s) to target
2026-08-17 17:06:54,067  ERROR     eds_loader.loader  Load failed: Cannot connect to MSSQL at sa@192.168.1.14:1433/eds_db: ('28000', '[28000] [Microsoft][ODBC Driver 17 for SQL Server][SQL Server]Login failed for user \'sa\'. (18456) (SQLDriverConnect); [28000] [Microsoft][ODBC Driver 17 for SQL Server][SQL Server]Cannot open database "eds_db" requested by the login. The login failed. (4060); [28000] [Microsoft][ODBC Driver 17 for SQL Server]Invalid connection string attribute (0); [28000] [Microsoft][ODBC Driver 17 for SQL Server][SQL Server]Login failed for user \'sa\'. (18456); [28000] [Microsoft][ODBC Driver 17 for SQL Server][SQL Server]Cannot open database "eds_db" requested by the login. The login failed. (4060); [28000] [Microsoft][ODBC Driver 17 for SQL Server]Invalid connection string attribute (0)')
If this is a driver error, confirm 'ODBC Driver 17 for SQL Server' is installed (list installed drivers with `python -c "import pyodbc; print(pyodbc.drivers())"`).
2026-08-17 17:06:54,068  ERROR     eds_loader.cli.main  Load failed after 0.3s: Cannot connect to MSSQL at sa@192.168.1.14:1433/eds_db: ('28000', '[28000] [Microsoft][ODBC Driver 17 for SQL Server][SQL Server]Login failed for user \'sa\'. (18456) (SQLDriverConnect); [28000] [Microsoft][ODBC Driver 17 for SQL Server][SQL Server]Cannot open database "eds_db" requested by the login. The login failed. (4060); [28000] [Microsoft][ODBC Driver 17 for SQL Server]Invalid connection string attribute (0); [28000] [Microsoft][ODBC Driver 17 for SQL Server][SQL Server]Login failed for user \'sa\'. (18456); [28000] [Microsoft][ODBC Driver 17 for SQL Server][SQL Server]Cannot open database "eds_db" requested by the login. The login failed. (4060); [28000] [Microsoft][ODBC Driver 17 for SQL Server]Invalid connection string attribute (0)')
If this is a driver error, confirm 'ODBC Driver 17 for SQL Server' is installed (list installed drivers with `python -c "import pyodbc; print(pyodbc.drivers())"`).
2026-08-17 17:38:54,476  INFO      eds_loader.cli.main  eds-loader run invoked (config=loader.yaml, dry_run=False)
2026-08-17 17:38:54,478  INFO      eds_loader.cli.main  Config loaded: source=local_fs target=mssql tables=(all) enforce_constraints=True schema_required=True
2026-08-17 17:38:54,478  INFO      eds_loader.loader  Starting load: source=local_fs target=mssql schema_required=True enforce_constraints=True
2026-08-17 17:38:54,478  DEBUG     eds_loader.loader  Source connector instantiated: LocalFSConnector
2026-08-17 17:38:54,478  DEBUG     eds_loader.loader  Target connector instantiated: MSSQLConnector
2026-08-17 17:38:54,478  INFO      eds_loader.loader  Reading schema.json from source
2026-08-17 17:38:54,478  DEBUG     eds_loader.connectors.local_fs  Reading schema.json from C:\Users\Mohit Patel\Downloads\EDS\EDS\output\schema.json
2026-08-17 17:38:54,479  DEBUG     eds_loader.connectors.local_fs  schema.json parsed: 39 dataset(s)
2026-08-17 17:38:54,479  DEBUG     eds_loader.loader  schema.json contains 39 dataset definition(s)
2026-08-17 17:38:54,479  INFO      eds_loader.loader  Loading 39 table(s): brands, cart_items, categories, category_views, checkout, cities, countries, coupon_types, customer_addresses, customer_loyalty, customer_personas, customer_preferences, customers, inventory, order_lines, order_status_history, orders, payment_methods, payment_status_history, payments, product_views, products, return_items, return_reasons, return_status_history, returns, reviews, search_history, sessions, shipment_items, shipment_status_history, shipments, shipping_methods, shopping_carts, states, suppliers, tax_codes, warehouses, wishlists
2026-08-17 17:38:54,483  INFO      eds_loader.connectors.local_fs  Read brands: 50 row(s) from C:\Users\Mohit Patel\Downloads\EDS\EDS\output\brands.parquet
2026-08-17 17:38:54,484  INFO      eds_loader.connectors.local_fs  Read cart_items: 1703 row(s) from C:\Users\Mohit Patel\Downloads\EDS\EDS\output\cart_items.parquet
2026-08-17 17:38:54,485  INFO      eds_loader.connectors.local_fs  Read categories: 168 row(s) from C:\Users\Mohit Patel\Downloads\EDS\EDS\output\categories.parquet
2026-08-17 17:38:54,488  INFO      eds_loader.connectors.local_fs  Read category_views: 28310 row(s) from C:\Users\Mohit Patel\Downloads\EDS\EDS\output\category_views.parquet
2026-08-17 17:38:54,490  INFO      eds_loader.connectors.local_fs  Read checkout: 376 row(s) from C:\Users\Mohit Patel\Downloads\EDS\EDS\output\checkout.parquet
2026-08-17 17:38:54,491  INFO      eds_loader.connectors.local_fs  Read cities: 255 row(s) from C:\Users\Mohit Patel\Downloads\EDS\EDS\output\cities.parquet
2026-08-17 17:38:54,493  INFO      eds_loader.connectors.local_fs  Read countries: 1 row(s) from C:\Users\Mohit Patel\Downloads\EDS\EDS\output\countries.parquet
2026-08-17 17:38:54,495  INFO      eds_loader.connectors.local_fs  Read coupon_types: 8 row(s) from C:\Users\Mohit Patel\Downloads\EDS\EDS\output\coupon_types.parquet
2026-08-17 17:38:54,496  INFO      eds_loader.connectors.local_fs  Read customer_addresses: 1495 row(s) from C:\Users\Mohit Patel\Downloads\EDS\EDS\output\customer_addresses.parquet
2026-08-17 17:38:54,499  INFO      eds_loader.connectors.local_fs  Read customer_loyalty: 1000 row(s) from C:\Users\Mohit Patel\Downloads\EDS\EDS\output\customer_loyalty.parquet
2026-08-17 17:38:54,501  INFO      eds_loader.connectors.local_fs  Read customer_personas: 1000 row(s) from C:\Users\Mohit Patel\Downloads\EDS\EDS\output\customer_personas.parquet
2026-08-17 17:38:54,502  INFO      eds_loader.connectors.local_fs  Read customer_preferences: 1000 row(s) from C:\Users\Mohit Patel\Downloads\EDS\EDS\output\customer_preferences.parquet
2026-08-17 17:38:54,504  INFO      eds_loader.connectors.local_fs  Read customers: 1000 row(s) from C:\Users\Mohit Patel\Downloads\EDS\EDS\output\customers.parquet
2026-08-17 17:38:54,506  INFO      eds_loader.connectors.local_fs  Read inventory: 3000 row(s) from C:\Users\Mohit Patel\Downloads\EDS\EDS\output\inventory.parquet
2026-08-17 17:38:54,507  INFO      eds_loader.connectors.local_fs  Read order_lines: 513 row(s) from C:\Users\Mohit Patel\Downloads\EDS\EDS\output\order_lines.parquet
2026-08-17 17:38:54,508  INFO      eds_loader.connectors.local_fs  Read order_status_history: 879 row(s) from C:\Users\Mohit Patel\Downloads\EDS\EDS\output\order_status_history.parquet
2026-08-17 17:38:54,510  INFO      eds_loader.connectors.local_fs  Read orders: 311 row(s) from C:\Users\Mohit Patel\Downloads\EDS\EDS\output\orders.parquet
2026-08-17 17:38:54,511  INFO      eds_loader.connectors.local_fs  Read payment_methods: 13 row(s) from C:\Users\Mohit Patel\Downloads\EDS\EDS\output\payment_methods.parquet
2026-08-17 17:38:54,513  INFO      eds_loader.connectors.local_fs  Read payment_status_history: 596 row(s) from C:\Users\Mohit Patel\Downloads\EDS\EDS\output\payment_status_history.parquet
2026-08-17 17:38:54,515  INFO      eds_loader.connectors.local_fs  Read payments: 309 row(s) from C:\Users\Mohit Patel\Downloads\EDS\EDS\output\payments.parquet
2026-08-17 17:38:54,521  INFO      eds_loader.connectors.local_fs  Read product_views: 88248 row(s) from C:\Users\Mohit Patel\Downloads\EDS\EDS\output\product_views.parquet
2026-08-17 17:38:54,523  INFO      eds_loader.connectors.local_fs  Read products: 1000 row(s) from C:\Users\Mohit Patel\Downloads\EDS\EDS\output\products.parquet
2026-08-17 17:38:54,524  INFO      eds_loader.connectors.local_fs  Read return_items: 42 row(s) from C:\Users\Mohit Patel\Downloads\EDS\EDS\output\return_items.parquet
2026-08-17 17:38:54,524  INFO      eds_loader.connectors.local_fs  Read return_reasons: 5 row(s) from C:\Users\Mohit Patel\Downloads\EDS\EDS\output\return_reasons.parquet
2026-08-17 17:38:54,525  INFO      eds_loader.connectors.local_fs  Read return_status_history: 168 row(s) from C:\Users\Mohit Patel\Downloads\EDS\EDS\output\return_status_history.parquet
2026-08-17 17:38:54,526  INFO      eds_loader.connectors.local_fs  Read returns: 35 row(s) from C:\Users\Mohit Patel\Downloads\EDS\EDS\output\returns.parquet
2026-08-17 17:38:54,527  INFO      eds_loader.connectors.local_fs  Read reviews: 58 row(s) from C:\Users\Mohit Patel\Downloads\EDS\EDS\output\reviews.parquet
2026-08-17 17:38:54,529  INFO      eds_loader.connectors.local_fs  Read search_history: 11460 row(s) from C:\Users\Mohit Patel\Downloads\EDS\EDS\output\search_history.parquet
2026-08-17 17:38:54,531  INFO      eds_loader.connectors.local_fs  Read sessions: 5752 row(s) from C:\Users\Mohit Patel\Downloads\EDS\EDS\output\sessions.parquet
2026-08-17 17:38:54,532  INFO      eds_loader.connectors.local_fs  Read shipment_items: 469 row(s) from C:\Users\Mohit Patel\Downloads\EDS\EDS\output\shipment_items.parquet
2026-08-17 17:38:54,533  INFO      eds_loader.connectors.local_fs  Read shipment_status_history: 1379 row(s) from C:\Users\Mohit Patel\Downloads\EDS\EDS\output\shipment_status_history.parquet
2026-08-17 17:38:54,535  INFO      eds_loader.connectors.local_fs  Read shipments: 283 row(s) from C:\Users\Mohit Patel\Downloads\EDS\EDS\output\shipments.parquet
2026-08-17 17:38:54,536  INFO      eds_loader.connectors.local_fs  Read shipping_methods: 9 row(s) from C:\Users\Mohit Patel\Downloads\EDS\EDS\output\shipping_methods.parquet
2026-08-17 17:38:54,537  INFO      eds_loader.connectors.local_fs  Read shopping_carts: 914 row(s) from C:\Users\Mohit Patel\Downloads\EDS\EDS\output\shopping_carts.parquet
2026-08-17 17:38:54,538  INFO      eds_loader.connectors.local_fs  Read states: 51 row(s) from C:\Users\Mohit Patel\Downloads\EDS\EDS\output\states.parquet
2026-08-17 17:38:54,539  INFO      eds_loader.connectors.local_fs  Read suppliers: 25 row(s) from C:\Users\Mohit Patel\Downloads\EDS\EDS\output\suppliers.parquet
2026-08-17 17:38:54,540  INFO      eds_loader.connectors.local_fs  Read tax_codes: 7 row(s) from C:\Users\Mohit Patel\Downloads\EDS\EDS\output\tax_codes.parquet
2026-08-17 17:38:54,542  INFO      eds_loader.connectors.local_fs  Read warehouses: 10 row(s) from C:\Users\Mohit Patel\Downloads\EDS\EDS\output\warehouses.parquet
2026-08-17 17:38:54,543  INFO      eds_loader.connectors.local_fs  Read wishlists: 988 row(s) from C:\Users\Mohit Patel\Downloads\EDS\EDS\output\wishlists.parquet
2026-08-17 17:38:54,544  INFO      eds_loader.loader  Read 39 dataset(s) from source, 152890 total row(s)
2026-08-17 17:38:54,544  DEBUG     eds_loader.loader    brands: 50 row(s), 5 column(s)
2026-08-17 17:38:54,544  DEBUG     eds_loader.loader    cart_items: 1703 row(s), 11 column(s)
2026-08-17 17:38:54,544  DEBUG     eds_loader.loader    categories: 168 row(s), 7 column(s)
2026-08-17 17:38:54,544  DEBUG     eds_loader.loader    category_views: 28310 row(s), 9 column(s)
2026-08-17 17:38:54,544  DEBUG     eds_loader.loader    checkout: 376 row(s), 17 column(s)
2026-08-17 17:38:54,544  DEBUG     eds_loader.loader    cities: 255 row(s), 8 column(s)
2026-08-17 17:38:54,544  DEBUG     eds_loader.loader    countries: 1 row(s), 7 column(s)
2026-08-17 17:38:54,544  DEBUG     eds_loader.loader    coupon_types: 8 row(s), 8 column(s)
2026-08-17 17:38:54,544  DEBUG     eds_loader.loader    customer_addresses: 1495 row(s), 13 column(s)
2026-08-17 17:38:54,544  DEBUG     eds_loader.loader    customer_loyalty: 1000 row(s), 7 column(s)
2026-08-17 17:38:54,544  DEBUG     eds_loader.loader    customer_personas: 1000 row(s), 14 column(s)
2026-08-17 17:38:54,544  DEBUG     eds_loader.loader    customer_preferences: 1000 row(s), 8 column(s)
2026-08-17 17:38:54,544  DEBUG     eds_loader.loader    customers: 1000 row(s), 22 column(s)
2026-08-17 17:38:54,544  DEBUG     eds_loader.loader    inventory: 3000 row(s), 8 column(s)
2026-08-17 17:38:54,544  DEBUG     eds_loader.loader    order_lines: 513 row(s), 7 column(s)
2026-08-17 17:38:54,544  DEBUG     eds_loader.loader    order_status_history: 879 row(s), 5 column(s)
2026-08-17 17:38:54,544  DEBUG     eds_loader.loader    orders: 311 row(s), 16 column(s)
2026-08-17 17:38:54,544  DEBUG     eds_loader.loader    payment_methods: 13 row(s), 7 column(s)
2026-08-17 17:38:54,544  DEBUG     eds_loader.loader    payment_status_history: 596 row(s), 5 column(s)
2026-08-17 17:38:54,544  DEBUG     eds_loader.loader    payments: 309 row(s), 12 column(s)
2026-08-17 17:38:54,544  DEBUG     eds_loader.loader    product_views: 88248 row(s), 12 column(s)
2026-08-17 17:38:54,544  DEBUG     eds_loader.loader    products: 1000 row(s), 17 column(s)
2026-08-17 17:38:54,544  DEBUG     eds_loader.loader    return_items: 42 row(s), 7 column(s)
2026-08-17 17:38:54,544  DEBUG     eds_loader.loader    return_reasons: 5 row(s), 6 column(s)
2026-08-17 17:38:54,545  DEBUG     eds_loader.loader    return_status_history: 168 row(s), 5 column(s)
2026-08-17 17:38:54,545  DEBUG     eds_loader.loader    returns: 35 row(s), 12 column(s)
2026-08-17 17:38:54,545  DEBUG     eds_loader.loader    reviews: 58 row(s), 12 column(s)
2026-08-17 17:38:54,545  DEBUG     eds_loader.loader    search_history: 11460 row(s), 11 column(s)
2026-08-17 17:38:54,545  DEBUG     eds_loader.loader    sessions: 5752 row(s), 19 column(s)
2026-08-17 17:38:54,545  DEBUG     eds_loader.loader    shipment_items: 469 row(s), 6 column(s)
2026-08-17 17:38:54,545  DEBUG     eds_loader.loader    shipment_status_history: 1379 row(s), 5 column(s)
2026-08-17 17:38:54,545  DEBUG     eds_loader.loader    shipments: 283 row(s), 13 column(s)
2026-08-17 17:38:54,545  DEBUG     eds_loader.loader    shipping_methods: 9 row(s), 10 column(s)
2026-08-17 17:38:54,545  DEBUG     eds_loader.loader    shopping_carts: 914 row(s), 7 column(s)
2026-08-17 17:38:54,545  DEBUG     eds_loader.loader    states: 51 row(s), 4 column(s)
2026-08-17 17:38:54,545  DEBUG     eds_loader.loader    suppliers: 25 row(s), 11 column(s)
2026-08-17 17:38:54,545  DEBUG     eds_loader.loader    tax_codes: 7 row(s), 6 column(s)
2026-08-17 17:38:54,545  DEBUG     eds_loader.loader    warehouses: 10 row(s), 10 column(s)
2026-08-17 17:38:54,545  DEBUG     eds_loader.loader    wishlists: 988 row(s), 7 column(s)
2026-08-17 17:38:54,545  DEBUG     eds_loader.loader  Constraint enforcement enabled — forwarding schema metadata to target
2026-08-17 17:38:54,545  INFO      eds_loader.loader  Writing 39 table(s) to target
2026-08-17 17:38:55,388  INFO      eds_loader.connectors._sql_base  Connected to eds_user@192.168.1.4:1533/eds_db
2026-08-17 17:38:55,388  DEBUG     eds_loader.connectors._sql_base  Table write order (FK-sorted): categories, countries, coupon_types, customers, payment_methods, return_reasons, shipping_methods, brands, customer_loyalty, customer_personas, customer_preferences, states, tax_codes, cities, customer_addresses, sessions, suppliers, warehouses, category_views, products, shopping_carts, checkout, inventory, search_history, orders, product_views, order_lines, order_status_history, payments, wishlists, cart_items, payment_status_history, shipments, returns, shipment_items, shipment_status_history, return_items, return_status_history, reviews
2026-08-17 17:38:55,388  DEBUG     eds_loader.connectors._sql_base  Ensuring namespace exists: IF NOT EXISTS (SELECT 1 FROM sys.schemas WHERE name = N'dbo') EXEC('CREATE SCHEMA [dbo]')
2026-08-17 17:38:55,755  DEBUG     eds_loader.connectors._sql_base  [categories] DROP TABLE IF EXISTS [dbo].[categories]
2026-08-17 17:38:55,789  DEBUG     eds_loader.connectors._sql_base  [categories] CREATE TABLE [dbo].[categories] (
    [category_id] BIGINT PRIMARY KEY,
    [parent_category_id] BIGINT REFERENCES [dbo].[categories]([category_id]),
    [category_code] NVARCHAR(255) UNIQUE,
    [category_name] NVARCHAR(MAX),
    [category_path] NVARCHAR(255) UNIQUE,
    [level] BIGINT,
    [is_leaf] BIT
)
2026-08-17 17:38:55,843  DEBUG     eds_loader.connectors._sql_base  [categories] inserting 168 row(s)
2026-08-17 17:38:56,230  INFO      eds_loader.connectors._sql_base  [categories] wrote 168 row(s) in 0.50s
2026-08-17 17:38:56,257  DEBUG     eds_loader.connectors._sql_base  [countries] DROP TABLE IF EXISTS [dbo].[countries]
2026-08-17 17:38:56,290  DEBUG     eds_loader.connectors._sql_base  [countries] CREATE TABLE [dbo].[countries] (
    [country_id] BIGINT PRIMARY KEY,
    [country_code] NVARCHAR(255) UNIQUE,
    [country_code_3] NVARCHAR(255) UNIQUE,
    [country_name] NVARCHAR(255) UNIQUE,
    [currency_code] NVARCHAR(MAX),
    [phone_code] NVARCHAR(MAX),
    [region] NVARCHAR(MAX)
)
2026-08-17 17:38:56,325  DEBUG     eds_loader.connectors._sql_base  [countries] inserting 1 row(s)
2026-08-17 17:38:56,686  INFO      eds_loader.connectors._sql_base  [countries] wrote 1 row(s) in 0.46s
2026-08-17 17:38:56,704  DEBUG     eds_loader.connectors._sql_base  [coupon_types] DROP TABLE IF EXISTS [dbo].[coupon_types]
2026-08-17 17:38:56,725  DEBUG     eds_loader.connectors._sql_base  [coupon_types] CREATE TABLE [dbo].[coupon_types] (
    [coupon_type_id] BIGINT PRIMARY KEY,
    [coupon_code_prefix] NVARCHAR(255) UNIQUE,
    [coupon_name] NVARCHAR(MAX),
    [discount_type] NVARCHAR(MAX),
    [discount_value] FLOAT,
    [min_order_value] FLOAT,
    [max_discount_value] FLOAT,
    [is_active] BIT
)
2026-08-17 17:38:56,748  DEBUG     eds_loader.connectors._sql_base  [coupon_types] inserting 8 row(s)
2026-08-17 17:38:56,858  INFO      eds_loader.connectors._sql_base  [coupon_types] wrote 8 row(s) in 0.17s
2026-08-17 17:38:56,879  DEBUG     eds_loader.connectors._sql_base  [customers] DROP TABLE IF EXISTS [dbo].[customers]
2026-08-17 17:38:56,902  DEBUG     eds_loader.connectors._sql_base  [customers] CREATE TABLE [dbo].[customers] (
    [customer_id] BIGINT PRIMARY KEY,
    [customer_number] NVARCHAR(255) UNIQUE,
    [first_name] NVARCHAR(MAX),
    [last_name] NVARCHAR(MAX),
    [full_name] NVARCHAR(MAX),
    [gender] NVARCHAR(MAX),
    [date_of_birth] DATE,
    [email] NVARCHAR(255) UNIQUE,
    [phone] NVARCHAR(255) UNIQUE,
    [registration_date] DATE,
    [status] NVARCHAR(MAX),
    [email_verified] BIT,
    [mobile_verified] BIT,
    [preferred_language] NVARCHAR(MAX),
    [preferred_currency] NVARCHAR(MAX),
    [customer_segment] NVARCHAR(MAX),
    [registration_source] NVARCHAR(MAX),
    [acquisition_channel] NVARCHAR(MAX),
    [risk_score] FLOAT,
    [lifecycle_stage] NVARCHAR(MAX),
    [created_at] DATETIME2,
    [updated_at] DATETIME2
)
2026-08-17 17:38:56,928  DEBUG     eds_loader.connectors._sql_base  [customers] inserting 1000 row(s)
2026-08-17 17:38:57,268  INFO      eds_loader.connectors._sql_base  [customers] wrote 1000 row(s) in 0.41s
2026-08-17 17:38:57,285  DEBUG     eds_loader.connectors._sql_base  [payment_methods] DROP TABLE IF EXISTS [dbo].[payment_methods]
2026-08-17 17:38:57,304  DEBUG     eds_loader.connectors._sql_base  [payment_methods] CREATE TABLE [dbo].[payment_methods] (
    [payment_method_id] BIGINT PRIMARY KEY,
    [method_code] NVARCHAR(255) UNIQUE,
    [method_name] NVARCHAR(MAX),
    [method_type] NVARCHAR(MAX),
    [processing_fee_pct] FLOAT,
    [requires_authorization] BIT,
    [is_active] BIT
)
2026-08-17 17:38:57,327  DEBUG     eds_loader.connectors._sql_base  [payment_methods] inserting 13 row(s)
2026-08-17 17:38:57,402  INFO      eds_loader.connectors._sql_base  [payment_methods] wrote 13 row(s) in 0.13s
2026-08-17 17:38:57,419  DEBUG     eds_loader.connectors._sql_base  [return_reasons] DROP TABLE IF EXISTS [dbo].[return_reasons]
2026-08-17 17:38:57,446  DEBUG     eds_loader.connectors._sql_base  [return_reasons] CREATE TABLE [dbo].[return_reasons] (
    [return_reason_id] BIGINT PRIMARY KEY,
    [reason_code] NVARCHAR(255) UNIQUE,
    [reason_name] NVARCHAR(255) UNIQUE,
    [is_customer_fault] BIT,
    [requires_inspection] BIT,
    [is_active] BIT
)
2026-08-17 17:38:57,471  DEBUG     eds_loader.connectors._sql_base  [return_reasons] inserting 5 row(s)
2026-08-17 17:38:57,625  INFO      eds_loader.connectors._sql_base  [return_reasons] wrote 5 row(s) in 0.22s
2026-08-17 17:38:57,669  DEBUG     eds_loader.connectors._sql_base  [shipping_methods] DROP TABLE IF EXISTS [dbo].[shipping_methods]
2026-08-17 17:38:57,711  DEBUG     eds_loader.connectors._sql_base  [shipping_methods] CREATE TABLE [dbo].[shipping_methods] (
    [shipping_method_id] BIGINT PRIMARY KEY,
    [method_code] NVARCHAR(255) UNIQUE,
    [method_name] NVARCHAR(MAX),
    [carrier_name] NVARCHAR(MAX),
    [service_level] NVARCHAR(MAX),
    [min_transit_days] BIGINT,
    [max_transit_days] BIGINT,
    [base_cost] FLOAT,
    [cost_per_kg] FLOAT,
    [is_active] BIT
)
2026-08-17 17:38:57,739  DEBUG     eds_loader.connectors._sql_base  [shipping_methods] inserting 9 row(s)
2026-08-17 17:38:57,851  INFO      eds_loader.connectors._sql_base  [shipping_methods] wrote 9 row(s) in 0.23s
2026-08-17 17:38:57,886  DEBUG     eds_loader.connectors._sql_base  [brands] DROP TABLE IF EXISTS [dbo].[brands]
2026-08-17 17:38:57,909  DEBUG     eds_loader.connectors._sql_base  [brands] CREATE TABLE [dbo].[brands] (
    [brand_id] BIGINT PRIMARY KEY,
    [brand_code] NVARCHAR(255) UNIQUE,
    [brand_name] NVARCHAR(255) UNIQUE,
    [country_id] BIGINT NOT NULL REFERENCES [dbo].[countries]([country_id]),
    [is_premium] BIT
)
2026-08-17 17:38:57,938  DEBUG     eds_loader.connectors._sql_base  [brands] inserting 50 row(s)
2026-08-17 17:38:58,087  INFO      eds_loader.connectors._sql_base  [brands] wrote 50 row(s) in 0.24s
2026-08-17 17:38:58,116  DEBUG     eds_loader.connectors._sql_base  [customer_loyalty] DROP TABLE IF EXISTS [dbo].[customer_loyalty]
2026-08-17 17:38:58,134  DEBUG     eds_loader.connectors._sql_base  [customer_loyalty] CREATE TABLE [dbo].[customer_loyalty] (
    [loyalty_id] BIGINT PRIMARY KEY,
    [customer_id] BIGINT NOT NULL UNIQUE REFERENCES [dbo].[customers]([customer_id]),
    [loyalty_number] NVARCHAR(255) UNIQUE,
    [tier] NVARCHAR(MAX),
    [points_balance] BIGINT,
    [enrollment_date] DATE,
    [status] NVARCHAR(MAX)
)
2026-08-17 17:38:58,159  DEBUG     eds_loader.connectors._sql_base  [customer_loyalty] inserting 1000 row(s)
2026-08-17 17:38:58,360  INFO      eds_loader.connectors._sql_base  [customer_loyalty] wrote 1000 row(s) in 0.27s
2026-08-17 17:38:58,388  DEBUG     eds_loader.connectors._sql_base  [customer_personas] DROP TABLE IF EXISTS [dbo].[customer_personas]
2026-08-17 17:38:58,411  DEBUG     eds_loader.connectors._sql_base  [customer_personas] CREATE TABLE [dbo].[customer_personas] (
    [persona_id] BIGINT PRIMARY KEY,
    [customer_id] BIGINT NOT NULL UNIQUE REFERENCES [dbo].[customers]([customer_id]),
    [persona_name] NVARCHAR(MAX),
    [purchase_intent] FLOAT,
    [price_sensitivity] FLOAT,
    [brand_loyalty] FLOAT,
    [research_depth] FLOAT,
    [session_frequency] BIGINT,
    [average_session_minutes] FLOAT,
    [wishlist_probability] FLOAT,
    [cart_probability] FLOAT,
    [purchase_probability] FLOAT,
    [description] NVARCHAR(MAX),
    [created_at] DATETIME2
)
2026-08-17 17:38:58,443  DEBUG     eds_loader.connectors._sql_base  [customer_personas] inserting 1000 row(s)
2026-08-17 17:38:58,808  INFO      eds_loader.connectors._sql_base  [customer_personas] wrote 1000 row(s) in 0.45s
2026-08-17 17:38:58,827  DEBUG     eds_loader.connectors._sql_base  [customer_preferences] DROP TABLE IF EXISTS [dbo].[customer_preferences]
2026-08-17 17:38:58,845  DEBUG     eds_loader.connectors._sql_base  [customer_preferences] CREATE TABLE [dbo].[customer_preferences] (
    [preference_id] BIGINT PRIMARY KEY,
    [customer_id] BIGINT NOT NULL UNIQUE REFERENCES [dbo].[customers]([customer_id]),
    [email_opt_in] BIT,
    [sms_opt_in] BIT,
    [push_opt_in] BIT,
    [preferred_language] NVARCHAR(MAX),
    [preferred_currency] NVARCHAR(MAX),
    [timezone] NVARCHAR(MAX)
)
2026-08-17 17:38:58,873  DEBUG     eds_loader.connectors._sql_base  [customer_preferences] inserting 1000 row(s)
2026-08-17 17:38:59,193  INFO      eds_loader.connectors._sql_base  [customer_preferences] wrote 1000 row(s) in 0.38s
2026-08-17 17:38:59,211  DEBUG     eds_loader.connectors._sql_base  [states] DROP TABLE IF EXISTS [dbo].[states]
2026-08-17 17:38:59,243  DEBUG     eds_loader.connectors._sql_base  [states] CREATE TABLE [dbo].[states] (
    [state_id] BIGINT PRIMARY KEY,
    [country_id] BIGINT NOT NULL REFERENCES [dbo].[countries]([country_id]),
    [state_code] NVARCHAR(MAX),
    [state_name] NVARCHAR(MAX)
)
2026-08-17 17:38:59,263  DEBUG     eds_loader.connectors._sql_base  [states] inserting 51 row(s)
2026-08-17 17:38:59,345  INFO      eds_loader.connectors._sql_base  [states] wrote 51 row(s) in 0.15s
2026-08-17 17:38:59,363  DEBUG     eds_loader.connectors._sql_base  [tax_codes] DROP TABLE IF EXISTS [dbo].[tax_codes]
2026-08-17 17:38:59,384  DEBUG     eds_loader.connectors._sql_base  [tax_codes] CREATE TABLE [dbo].[tax_codes] (
    [tax_code_id] BIGINT PRIMARY KEY,
    [tax_code] NVARCHAR(MAX),
    [tax_description] NVARCHAR(MAX),
    [tax_rate_pct] FLOAT,
    [country_id] BIGINT NOT NULL REFERENCES [dbo].[countries]([country_id]),
    [is_active] BIT
)
2026-08-17 17:38:59,408  DEBUG     eds_loader.connectors._sql_base  [tax_codes] inserting 7 row(s)
2026-08-17 17:38:59,519  INFO      eds_loader.connectors._sql_base  [tax_codes] wrote 7 row(s) in 0.17s
2026-08-17 17:38:59,535  DEBUG     eds_loader.connectors._sql_base  [cities] DROP TABLE IF EXISTS [dbo].[cities]
2026-08-17 17:38:59,549  DEBUG     eds_loader.connectors._sql_base  [cities] CREATE TABLE [dbo].[cities] (
    [city_id] BIGINT PRIMARY KEY,
    [state_id] BIGINT NOT NULL REFERENCES [dbo].[states]([state_id]),
    [country_id] BIGINT NOT NULL REFERENCES [dbo].[countries]([country_id]),
    [city_name] NVARCHAR(MAX),
    [postal_code] NVARCHAR(MAX),
    [latitude] FLOAT,
    [longitude] FLOAT,
    [timezone] NVARCHAR(MAX)
)
2026-08-17 17:38:59,565  DEBUG     eds_loader.connectors._sql_base  [cities] inserting 255 row(s)
2026-08-17 17:38:59,701  INFO      eds_loader.connectors._sql_base  [cities] wrote 255 row(s) in 0.18s
2026-08-17 17:38:59,710  DEBUG     eds_loader.connectors._sql_base  [customer_addresses] DROP TABLE IF EXISTS [dbo].[customer_addresses]
2026-08-17 17:38:59,744  DEBUG     eds_loader.connectors._sql_base  [customer_addresses] CREATE TABLE [dbo].[customer_addresses] (
    [address_id] BIGINT PRIMARY KEY,
    [customer_id] BIGINT NOT NULL REFERENCES [dbo].[customers]([customer_id]),
    [address_type] NVARCHAR(MAX),
    [line1] NVARCHAR(MAX),
    [line2] NVARCHAR(MAX),
    [city_id] BIGINT NOT NULL REFERENCES [dbo].[cities]([city_id]),
    [state_id] BIGINT NOT NULL REFERENCES [dbo].[states]([state_id]),
    [country_id] BIGINT NOT NULL REFERENCES [dbo].[countries]([country_id]),
    [postal_code] NVARCHAR(MAX),
    [is_primary] BIT,
    [latitude] FLOAT,
    [longitude] FLOAT,
    [created_at] DATETIME2
)
2026-08-17 17:38:59,784  DEBUG     eds_loader.connectors._sql_base  [customer_addresses] inserting 1495 row(s)
2026-08-17 17:39:00,114  INFO      eds_loader.connectors._sql_base  [customer_addresses] wrote 1495 row(s) in 0.41s
2026-08-17 17:39:00,141  DEBUG     eds_loader.connectors._sql_base  [sessions] DROP TABLE IF EXISTS [dbo].[sessions]
2026-08-17 17:39:00,172  DEBUG     eds_loader.connectors._sql_base  [sessions] CREATE TABLE [dbo].[sessions] (
    [session_id] BIGINT PRIMARY KEY,
    [customer_id] BIGINT NOT NULL REFERENCES [dbo].[customers]([customer_id]),
    [persona_name] NVARCHAR(MAX),
    [device_type] NVARCHAR(MAX),
    [browser] NVARCHAR(MAX),
    [operating_system] NVARCHAR(MAX),
    [traffic_source] NVARCHAR(MAX),
    [landing_page] NVARCHAR(MAX),
    [exit_page] NVARCHAR(MAX),
    [country_id] BIGINT NOT NULL REFERENCES [dbo].[countries]([country_id]),
    [state_id] BIGINT NOT NULL REFERENCES [dbo].[states]([state_id]),
    [city_id] BIGINT NOT NULL REFERENCES [dbo].[cities]([city_id]),
    [ip_address] NVARCHAR(MAX),
    [start_time] DATETIME2,
    [end_time] DATETIME2,
    [duration_seconds] BIGINT,
    [pages_viewed] BIGINT,
    [bounce] BIT,
    [created_at] DATETIME2
)
2026-08-17 17:39:00,220  DEBUG     eds_loader.connectors._sql_base  [sessions] inserting 5752 row(s)
2026-08-17 17:39:01,414  INFO      eds_loader.connectors._sql_base  [sessions] wrote 5752 row(s) in 1.30s
2026-08-17 17:39:01,440  DEBUG     eds_loader.connectors._sql_base  [suppliers] DROP TABLE IF EXISTS [dbo].[suppliers]
2026-08-17 17:39:01,468  DEBUG     eds_loader.connectors._sql_base  [suppliers] CREATE TABLE [dbo].[suppliers] (
    [supplier_id] BIGINT PRIMARY KEY,
    [supplier_code] NVARCHAR(255) UNIQUE,
    [supplier_name] NVARCHAR(MAX),
    [country_id] BIGINT NOT NULL REFERENCES [dbo].[countries]([country_id]),
    [city_id] BIGINT NOT NULL REFERENCES [dbo].[cities]([city_id]),
    [tier] NVARCHAR(MAX),
    [contact_email] NVARCHAR(MAX),
    [contact_phone] NVARCHAR(MAX),
    [lead_time_days] BIGINT,
    [reliability_score] FLOAT,
    [is_active] BIT
)
2026-08-17 17:39:01,498  DEBUG     eds_loader.connectors._sql_base  [suppliers] inserting 25 row(s)
2026-08-17 17:39:01,645  INFO      eds_loader.connectors._sql_base  [suppliers] wrote 25 row(s) in 0.23s
2026-08-17 17:39:01,682  DEBUG     eds_loader.connectors._sql_base  [warehouses] DROP TABLE IF EXISTS [dbo].[warehouses]
2026-08-17 17:39:01,711  DEBUG     eds_loader.connectors._sql_base  [warehouses] CREATE TABLE [dbo].[warehouses] (
    [warehouse_id] BIGINT PRIMARY KEY,
    [warehouse_code] NVARCHAR(255) UNIQUE,
    [warehouse_name] NVARCHAR(MAX),
    [city_id] BIGINT NOT NULL REFERENCES [dbo].[cities]([city_id]),
    [state_id] BIGINT NOT NULL REFERENCES [dbo].[states]([state_id]),
    [country_id] BIGINT NOT NULL REFERENCES [dbo].[countries]([country_id]),
    [capacity_units] BIGINT,
    [status] NVARCHAR(MAX),
    [latitude] FLOAT,
    [longitude] FLOAT
)
2026-08-17 17:39:01,750  DEBUG     eds_loader.connectors._sql_base  [warehouses] inserting 10 row(s)
2026-08-17 17:39:01,878  INFO      eds_loader.connectors._sql_base  [warehouses] wrote 10 row(s) in 0.23s
2026-08-17 17:39:01,907  DEBUG     eds_loader.connectors._sql_base  [category_views] DROP TABLE IF EXISTS [dbo].[category_views]
2026-08-17 17:39:01,928  DEBUG     eds_loader.connectors._sql_base  [category_views] CREATE TABLE [dbo].[category_views] (
    [category_view_id] BIGINT PRIMARY KEY,
    [session_id] BIGINT NOT NULL REFERENCES [dbo].[sessions]([session_id]),
    [customer_id] BIGINT NOT NULL REFERENCES [dbo].[customers]([customer_id]),
    [category_id] BIGINT NOT NULL REFERENCES [dbo].[categories]([category_id]),
    [view_sequence] BIGINT,
    [entry_method] NVARCHAR(MAX),
    [timestamp] DATETIME2,
    [duration_seconds] BIGINT,
    [created_at] DATETIME2
)
2026-08-17 17:39:01,973  DEBUG     eds_loader.connectors._sql_base  [category_views] inserting 28310 row(s)
2026-08-17 17:39:05,310  INFO      eds_loader.connectors._sql_base  [category_views] wrote 28310 row(s) in 3.43s
2026-08-17 17:39:05,331  DEBUG     eds_loader.connectors._sql_base  [products] DROP TABLE IF EXISTS [dbo].[products]
2026-08-17 17:39:05,373  DEBUG     eds_loader.connectors._sql_base  [products] CREATE TABLE [dbo].[products] (
    [product_id] BIGINT PRIMARY KEY,
    [sku] NVARCHAR(255) UNIQUE,
    [product_name] NVARCHAR(MAX),
    [category_id] BIGINT NOT NULL REFERENCES [dbo].[categories]([category_id]),
    [brand_id] BIGINT NOT NULL REFERENCES [dbo].[brands]([brand_id]),
    [supplier_id] BIGINT NOT NULL REFERENCES [dbo].[suppliers]([supplier_id]),
    [tax_code_id] BIGINT NOT NULL REFERENCES [dbo].[tax_codes]([tax_code_id]),
    [unit_of_measure] NVARCHAR(MAX),
    [unit_cost] FLOAT,
    [list_price] FLOAT,
    [currency_code] NVARCHAR(MAX),
    [weight_kg] FLOAT,
    [length_cm] FLOAT,
    [width_cm] FLOAT,
    [height_cm] FLOAT,
    [status] NVARCHAR(MAX),
    [is_returnable] BIT
)
2026-08-17 17:39:05,404  DEBUG     eds_loader.connectors._sql_base  [products] inserting 1000 row(s)
2026-08-17 17:39:05,675  INFO      eds_loader.connectors._sql_base  [products] wrote 1000 row(s) in 0.36s
2026-08-17 17:39:05,694  DEBUG     eds_loader.connectors._sql_base  [shopping_carts] DROP TABLE IF EXISTS [dbo].[shopping_carts]
2026-08-17 17:39:05,718  DEBUG     eds_loader.connectors._sql_base  [shopping_carts] CREATE TABLE [dbo].[shopping_carts] (
    [cart_id] BIGINT PRIMARY KEY,
    [customer_id] BIGINT NOT NULL REFERENCES [dbo].[customers]([customer_id]),
    [session_id] BIGINT NOT NULL UNIQUE REFERENCES [dbo].[sessions]([session_id]),
    [cart_status] NVARCHAR(MAX),
    [item_count] BIGINT,
    [created_at] DATETIME2,
    [updated_at] DATETIME2
)
2026-08-17 17:39:05,762  DEBUG     eds_loader.connectors._sql_base  [shopping_carts] inserting 914 row(s)
2026-08-17 17:39:06,001  INFO      eds_loader.connectors._sql_base  [shopping_carts] wrote 914 row(s) in 0.33s
2026-08-17 17:39:06,018  DEBUG     eds_loader.connectors._sql_base  [checkout] DROP TABLE IF EXISTS [dbo].[checkout]
2026-08-17 17:39:06,035  DEBUG     eds_loader.connectors._sql_base  [checkout] CREATE TABLE [dbo].[checkout] (
    [checkout_id] BIGINT PRIMARY KEY,
    [cart_id] BIGINT NOT NULL UNIQUE REFERENCES [dbo].[shopping_carts]([cart_id]),
    [customer_id] BIGINT NOT NULL REFERENCES [dbo].[customers]([customer_id]),
    [session_id] BIGINT NOT NULL REFERENCES [dbo].[sessions]([session_id]),
    [shipping_address_id] BIGINT NOT NULL REFERENCES [dbo].[customer_addresses]([address_id]),
    [billing_address_id] BIGINT NOT NULL REFERENCES [dbo].[customer_addresses]([address_id]),
    [shipping_method] NVARCHAR(MAX),
    [payment_method] NVARCHAR(MAX),
    [checkout_status] NVARCHAR(MAX),
    [subtotal] FLOAT,
    [shipping_cost] FLOAT,
    [tax_amount] FLOAT,
    [discount_amount] FLOAT,
    [total_amount] FLOAT,
    [started_at] DATETIME2,
    [completed_at] DATETIME2,
    [created_at] DATETIME2
)
2026-08-17 17:39:06,092  DEBUG     eds_loader.connectors._sql_base  [checkout] inserting 376 row(s)
2026-08-17 17:39:06,234  INFO      eds_loader.connectors._sql_base  [checkout] wrote 376 row(s) in 0.23s
2026-08-17 17:39:06,250  DEBUG     eds_loader.connectors._sql_base  [inventory] DROP TABLE IF EXISTS [dbo].[inventory]
2026-08-17 17:39:06,271  DEBUG     eds_loader.connectors._sql_base  [inventory] CREATE TABLE [dbo].[inventory] (
    [inventory_id] BIGINT PRIMARY KEY,
    [product_id] BIGINT NOT NULL REFERENCES [dbo].[products]([product_id]),
    [warehouse_id] BIGINT NOT NULL REFERENCES [dbo].[warehouses]([warehouse_id]),
    [quantity_on_hand] BIGINT,
    [quantity_reserved] BIGINT,
    [reorder_point] BIGINT,
    [reorder_quantity] BIGINT,
    [unit_cost] FLOAT
)
2026-08-17 17:39:06,301  DEBUG     eds_loader.connectors._sql_base  [inventory] inserting 3000 row(s)
2026-08-17 17:39:06,654  INFO      eds_loader.connectors._sql_base  [inventory] wrote 3000 row(s) in 0.42s
2026-08-17 17:39:06,674  DEBUG     eds_loader.connectors._sql_base  [search_history] DROP TABLE IF EXISTS [dbo].[search_history]
2026-08-17 17:39:06,690  DEBUG     eds_loader.connectors._sql_base  [search_history] CREATE TABLE [dbo].[search_history] (
    [search_id] BIGINT PRIMARY KEY,
    [session_id] BIGINT NOT NULL REFERENCES [dbo].[sessions]([session_id]),
    [customer_id] BIGINT NOT NULL REFERENCES [dbo].[customers]([customer_id]),
    [category_view_id] BIGINT NOT NULL REFERENCES [dbo].[category_views]([category_view_id]),
    [category_id] BIGINT NOT NULL REFERENCES [dbo].[categories]([category_id]),
    [search_sequence] BIGINT,
    [search_text] NVARCHAR(MAX),
    [results_count] BIGINT,
    [clicked_result] BIT,
    [timestamp] DATETIME2,
    [created_at] DATETIME2
)
2026-08-17 17:39:06,720  DEBUG     eds_loader.connectors._sql_base  [search_history] inserting 11460 row(s)
2026-08-17 17:39:08,005  INFO      eds_loader.connectors._sql_base  [search_history] wrote 11460 row(s) in 1.35s
2026-08-17 17:39:08,022  DEBUG     eds_loader.connectors._sql_base  [orders] DROP TABLE IF EXISTS [dbo].[orders]
2026-08-17 17:39:08,059  DEBUG     eds_loader.connectors._sql_base  [orders] CREATE TABLE [dbo].[orders] (
    [order_id] BIGINT PRIMARY KEY,
    [order_number] NVARCHAR(255) UNIQUE,
    [checkout_id] BIGINT NOT NULL UNIQUE REFERENCES [dbo].[checkout]([checkout_id]),
    [cart_id] BIGINT NOT NULL UNIQUE REFERENCES [dbo].[shopping_carts]([cart_id]),
    [customer_id] BIGINT NOT NULL REFERENCES [dbo].[customers]([customer_id]),
    [session_id] BIGINT NOT NULL REFERENCES [dbo].[sessions]([session_id]),
    [shipping_address_id] BIGINT NOT NULL REFERENCES [dbo].[customer_addresses]([address_id]),
    [billing_address_id] BIGINT NOT NULL REFERENCES [dbo].[customer_addresses]([address_id]),
    [current_status] NVARCHAR(MAX),
    [subtotal] FLOAT,
    [shipping_cost] FLOAT,
    [tax_amount] FLOAT,
    [discount_amount] FLOAT,
    [total_amount] FLOAT,
    [order_date] DATE,
    [created_at] DATETIME2
)
2026-08-17 17:39:08,109  DEBUG     eds_loader.connectors._sql_base  [orders] inserting 311 row(s)
2026-08-17 17:39:08,237  INFO      eds_loader.connectors._sql_base  [orders] wrote 311 row(s) in 0.23s
2026-08-17 17:39:08,255  DEBUG     eds_loader.connectors._sql_base  [product_views] DROP TABLE IF EXISTS [dbo].[product_views]
2026-08-17 17:39:08,273  DEBUG     eds_loader.connectors._sql_base  [product_views] CREATE TABLE [dbo].[product_views] (
    [product_view_id] BIGINT PRIMARY KEY,
    [session_id] BIGINT NOT NULL REFERENCES [dbo].[sessions]([session_id]),
    [customer_id] BIGINT NOT NULL REFERENCES [dbo].[customers]([customer_id]),
    [category_view_id] BIGINT NOT NULL REFERENCES [dbo].[category_views]([category_view_id]),
    [search_id] BIGINT REFERENCES [dbo].[search_history]([search_id]),
    [category_id] BIGINT NOT NULL REFERENCES [dbo].[categories]([category_id]),
    [product_id] BIGINT NOT NULL REFERENCES [dbo].[products]([product_id]),
    [view_sequence] BIGINT,
    [view_source] NVARCHAR(MAX),
    [view_duration_seconds] BIGINT,
    [timestamp] DATETIME2,
    [created_at] DATETIME2
)
2026-08-17 17:39:08,301  DEBUG     eds_loader.connectors._sql_base  [product_views] inserting 88248 row(s)
2026-08-17 17:39:18,407  INFO      eds_loader.connectors._sql_base  [product_views] wrote 88248 row(s) in 10.17s
2026-08-17 17:39:18,425  DEBUG     eds_loader.connectors._sql_base  [order_lines] DROP TABLE IF EXISTS [dbo].[order_lines]
2026-08-17 17:39:18,444  DEBUG     eds_loader.connectors._sql_base  [order_lines] CREATE TABLE [dbo].[order_lines] (
    [order_line_id] BIGINT PRIMARY KEY,
    [order_id] BIGINT NOT NULL REFERENCES [dbo].[orders]([order_id]),
    [product_id] BIGINT NOT NULL REFERENCES [dbo].[products]([product_id]),
    [quantity] BIGINT,
    [unit_price] FLOAT,
    [line_total] FLOAT,
    [created_at] DATETIME2
)
2026-08-17 17:39:18,468  DEBUG     eds_loader.connectors._sql_base  [order_lines] inserting 513 row(s)
2026-08-17 17:39:18,607  INFO      eds_loader.connectors._sql_base  [order_lines] wrote 513 row(s) in 0.20s
2026-08-17 17:39:18,624  DEBUG     eds_loader.connectors._sql_base  [order_status_history] DROP TABLE IF EXISTS [dbo].[order_status_history]
2026-08-17 17:39:18,642  DEBUG     eds_loader.connectors._sql_base  [order_status_history] CREATE TABLE [dbo].[order_status_history] (
    [history_id] BIGINT PRIMARY KEY,
    [order_id] BIGINT NOT NULL REFERENCES [dbo].[orders]([order_id]),
    [status] NVARCHAR(MAX),
    [sequence] BIGINT,
    [status_timestamp] DATETIME2
)
2026-08-17 17:39:18,664  DEBUG     eds_loader.connectors._sql_base  [order_status_history] inserting 879 row(s)
2026-08-17 17:39:18,807  INFO      eds_loader.connectors._sql_base  [order_status_history] wrote 879 row(s) in 0.20s
2026-08-17 17:39:18,824  DEBUG     eds_loader.connectors._sql_base  [payments] DROP TABLE IF EXISTS [dbo].[payments]
2026-08-17 17:39:18,843  DEBUG     eds_loader.connectors._sql_base  [payments] CREATE TABLE [dbo].[payments] (
    [payment_id] BIGINT PRIMARY KEY,
    [payment_reference] NVARCHAR(255) UNIQUE,
    [order_id] BIGINT NOT NULL UNIQUE REFERENCES [dbo].[orders]([order_id]),
    [customer_id] BIGINT NOT NULL REFERENCES [dbo].[customers]([customer_id]),
    [payment_method] NVARCHAR(MAX),
    [payment_provider] NVARCHAR(MAX),
    [currency] NVARCHAR(MAX),
    [payment_amount] FLOAT,
    [payment_status] NVARCHAR(MAX),
    [authorized_at] DATETIME2,
    [captured_at] DATETIME2,
    [created_at] DATETIME2
)
2026-08-17 17:39:18,873  DEBUG     eds_loader.connectors._sql_base  [payments] inserting 309 row(s)
2026-08-17 17:39:18,977  INFO      eds_loader.connectors._sql_base  [payments] wrote 309 row(s) in 0.17s
2026-08-17 17:39:18,986  DEBUG     eds_loader.connectors._sql_base  [wishlists] DROP TABLE IF EXISTS [dbo].[wishlists]
2026-08-17 17:39:19,005  DEBUG     eds_loader.connectors._sql_base  [wishlists] CREATE TABLE [dbo].[wishlists] (
    [wishlist_id] BIGINT PRIMARY KEY,
    [customer_id] BIGINT NOT NULL REFERENCES [dbo].[customers]([customer_id]),
    [product_view_id] BIGINT NOT NULL REFERENCES [dbo].[product_views]([product_view_id]),
    [product_id] BIGINT NOT NULL REFERENCES [dbo].[products]([product_id]),
    [added_from_source] NVARCHAR(MAX),
    [timestamp] DATETIME2,
    [created_at] DATETIME2
)
2026-08-17 17:39:19,028  DEBUG     eds_loader.connectors._sql_base  [wishlists] inserting 988 row(s)
2026-08-17 17:39:19,188  INFO      eds_loader.connectors._sql_base  [wishlists] wrote 988 row(s) in 0.21s
2026-08-17 17:39:19,213  DEBUG     eds_loader.connectors._sql_base  [cart_items] DROP TABLE IF EXISTS [dbo].[cart_items]
2026-08-17 17:39:19,233  DEBUG     eds_loader.connectors._sql_base  [cart_items] CREATE TABLE [dbo].[cart_items] (
    [cart_item_id] BIGINT PRIMARY KEY,
    [cart_id] BIGINT NOT NULL REFERENCES [dbo].[shopping_carts]([cart_id]),
    [customer_id] BIGINT NOT NULL REFERENCES [dbo].[customers]([customer_id]),
    [product_id] BIGINT NOT NULL REFERENCES [dbo].[products]([product_id]),
    [product_view_id] BIGINT NOT NULL REFERENCES [dbo].[product_views]([product_view_id]),
    [wishlist_id] BIGINT REFERENCES [dbo].[wishlists]([wishlist_id]),
    [quantity] BIGINT,
    [unit_price] FLOAT,
    [added_from] NVARCHAR(MAX),
    [added_at] DATETIME2,
    [removed_at] DATETIME2
)
2026-08-17 17:39:19,259  DEBUG     eds_loader.connectors._sql_base  [cart_items] inserting 1703 row(s)
2026-08-17 17:39:19,558  INFO      eds_loader.connectors._sql_base  [cart_items] wrote 1703 row(s) in 0.37s
2026-08-17 17:39:19,576  DEBUG     eds_loader.connectors._sql_base  [payment_status_history] DROP TABLE IF EXISTS [dbo].[payment_status_history]
2026-08-17 17:39:19,593  DEBUG     eds_loader.connectors._sql_base  [payment_status_history] CREATE TABLE [dbo].[payment_status_history] (
    [history_id] BIGINT PRIMARY KEY,
    [payment_id] BIGINT NOT NULL REFERENCES [dbo].[payments]([payment_id]),
    [status] NVARCHAR(MAX),
    [sequence] BIGINT,
    [status_timestamp] DATETIME2
)
2026-08-17 17:39:19,627  DEBUG     eds_loader.connectors._sql_base  [payment_status_history] inserting 596 row(s)
2026-08-17 17:39:19,812  INFO      eds_loader.connectors._sql_base  [payment_status_history] wrote 596 row(s) in 0.25s
2026-08-17 17:39:19,829  DEBUG     eds_loader.connectors._sql_base  [shipments] DROP TABLE IF EXISTS [dbo].[shipments]
2026-08-17 17:39:19,847  DEBUG     eds_loader.connectors._sql_base  [shipments] CREATE TABLE [dbo].[shipments] (
    [shipment_id] BIGINT PRIMARY KEY,
    [shipment_number] NVARCHAR(255) UNIQUE,
    [order_id] BIGINT NOT NULL UNIQUE REFERENCES [dbo].[orders]([order_id]),
    [payment_id] BIGINT NOT NULL UNIQUE REFERENCES [dbo].[payments]([payment_id]),
    [customer_id] BIGINT NOT NULL REFERENCES [dbo].[customers]([customer_id]),
    [carrier] NVARCHAR(MAX),
    [shipping_method] NVARCHAR(MAX),
    [tracking_number] NVARCHAR(255) UNIQUE,
    [current_status] NVARCHAR(MAX),
    [shipped_at] DATETIME2,
    [estimated_delivery_at] DATETIME2,
    [delivered_at] DATETIME2,
    [created_at] DATETIME2
)
2026-08-17 17:39:19,894  DEBUG     eds_loader.connectors._sql_base  [shipments] inserting 283 row(s)
2026-08-17 17:39:20,038  INFO      eds_loader.connectors._sql_base  [shipments] wrote 283 row(s) in 0.23s
2026-08-17 17:39:20,056  DEBUG     eds_loader.connectors._sql_base  [returns] DROP TABLE IF EXISTS [dbo].[returns]
2026-08-17 17:39:20,074  DEBUG     eds_loader.connectors._sql_base  [returns] CREATE TABLE [dbo].[returns] (
    [return_id] BIGINT PRIMARY KEY,
    [return_number] NVARCHAR(255) UNIQUE,
    [shipment_id] BIGINT NOT NULL UNIQUE REFERENCES [dbo].[shipments]([shipment_id]),
    [customer_id] BIGINT NOT NULL REFERENCES [dbo].[customers]([customer_id]),
    [return_reason] NVARCHAR(255) NOT NULL REFERENCES [dbo].[return_reasons]([reason_code]),
    [refund_type] NVARCHAR(MAX),
    [current_status] NVARCHAR(MAX),
    [requested_at] DATETIME2,
    [approved_at] DATETIME2,
    [received_at] DATETIME2,
    [completed_at] DATETIME2,
    [created_at] DATETIME2
)
2026-08-17 17:39:20,104  DEBUG     eds_loader.connectors._sql_base  [returns] inserting 35 row(s)
2026-08-17 17:39:20,215  INFO      eds_loader.connectors._sql_base  [returns] wrote 35 row(s) in 0.18s
2026-08-17 17:39:20,235  DEBUG     eds_loader.connectors._sql_base  [shipment_items] DROP TABLE IF EXISTS [dbo].[shipment_items]
2026-08-17 17:39:20,253  DEBUG     eds_loader.connectors._sql_base  [shipment_items] CREATE TABLE [dbo].[shipment_items] (
    [shipment_item_id] BIGINT PRIMARY KEY,
    [shipment_id] BIGINT NOT NULL REFERENCES [dbo].[shipments]([shipment_id]),
    [order_line_id] BIGINT NOT NULL UNIQUE REFERENCES [dbo].[order_lines]([order_line_id]),
    [product_id] BIGINT NOT NULL REFERENCES [dbo].[products]([product_id]),
    [quantity] BIGINT,
    [created_at] DATETIME2
)
2026-08-17 17:39:20,284  DEBUG     eds_loader.connectors._sql_base  [shipment_items] inserting 469 row(s)
2026-08-17 17:39:20,419  INFO      eds_loader.connectors._sql_base  [shipment_items] wrote 469 row(s) in 0.20s
2026-08-17 17:39:20,439  DEBUG     eds_loader.connectors._sql_base  [shipment_status_history] DROP TABLE IF EXISTS [dbo].[shipment_status_history]
2026-08-17 17:39:20,457  DEBUG     eds_loader.connectors._sql_base  [shipment_status_history] CREATE TABLE [dbo].[shipment_status_history] (
    [history_id] BIGINT PRIMARY KEY,
    [shipment_id] BIGINT NOT NULL REFERENCES [dbo].[shipments]([shipment_id]),
    [status] NVARCHAR(MAX),
    [sequence] BIGINT,
    [status_timestamp] DATETIME2
)
2026-08-17 17:39:20,482  DEBUG     eds_loader.connectors._sql_base  [shipment_status_history] inserting 1379 row(s)
2026-08-17 17:39:20,651  INFO      eds_loader.connectors._sql_base  [shipment_status_history] wrote 1379 row(s) in 0.23s
2026-08-17 17:39:20,668  DEBUG     eds_loader.connectors._sql_base  [return_items] DROP TABLE IF EXISTS [dbo].[return_items]
2026-08-17 17:39:20,687  DEBUG     eds_loader.connectors._sql_base  [return_items] CREATE TABLE [dbo].[return_items] (
    [return_item_id] BIGINT PRIMARY KEY,
    [return_id] BIGINT NOT NULL REFERENCES [dbo].[returns]([return_id]),
    [shipment_item_id] BIGINT NOT NULL UNIQUE REFERENCES [dbo].[shipment_items]([shipment_item_id]),
    [order_line_id] BIGINT NOT NULL REFERENCES [dbo].[order_lines]([order_line_id]),
    [product_id] BIGINT NOT NULL REFERENCES [dbo].[products]([product_id]),
    [quantity] BIGINT,
    [created_at] DATETIME2
)
2026-08-17 17:39:20,714  DEBUG     eds_loader.connectors._sql_base  [return_items] inserting 42 row(s)
2026-08-17 17:39:20,810  INFO      eds_loader.connectors._sql_base  [return_items] wrote 42 row(s) in 0.16s
2026-08-17 17:39:20,828  DEBUG     eds_loader.connectors._sql_base  [return_status_history] DROP TABLE IF EXISTS [dbo].[return_status_history]
2026-08-17 17:39:20,846  DEBUG     eds_loader.connectors._sql_base  [return_status_history] CREATE TABLE [dbo].[return_status_history] (
    [history_id] BIGINT PRIMARY KEY,
    [return_id] BIGINT NOT NULL REFERENCES [dbo].[returns]([return_id]),
    [status] NVARCHAR(MAX),
    [sequence] BIGINT,
    [status_timestamp] DATETIME2
)
2026-08-17 17:39:20,869  DEBUG     eds_loader.connectors._sql_base  [return_status_history] inserting 168 row(s)
2026-08-17 17:39:20,961  INFO      eds_loader.connectors._sql_base  [return_status_history] wrote 168 row(s) in 0.15s
2026-08-17 17:39:20,978  DEBUG     eds_loader.connectors._sql_base  [reviews] DROP TABLE IF EXISTS [dbo].[reviews]
2026-08-17 17:39:20,998  DEBUG     eds_loader.connectors._sql_base  [reviews] CREATE TABLE [dbo].[reviews] (
    [review_id] BIGINT PRIMARY KEY,
    [review_number] NVARCHAR(255) UNIQUE,
    [shipment_item_id] BIGINT NOT NULL UNIQUE REFERENCES [dbo].[shipment_items]([shipment_item_id]),
    [shipment_id] BIGINT NOT NULL REFERENCES [dbo].[shipments]([shipment_id]),
    [order_id] BIGINT NOT NULL REFERENCES [dbo].[orders]([order_id]),
    [product_id] BIGINT NOT NULL REFERENCES [dbo].[products]([product_id]),
    [customer_id] BIGINT NOT NULL REFERENCES [dbo].[customers]([customer_id]),
    [rating] BIGINT,
    [review_title] NVARCHAR(MAX),
    [review_text] NVARCHAR(MAX),
    [verified_purchase] BIT,
    [created_at] DATETIME2
)
2026-08-17 17:39:21,030  DEBUG     eds_loader.connectors._sql_base  [reviews] inserting 58 row(s)
2026-08-17 17:39:21,124  INFO      eds_loader.connectors._sql_base  [reviews] wrote 58 row(s) in 0.16s
2026-08-17 17:39:21,141  INFO      eds_loader.loader  Load complete: 152890 row(s) written across 39 table(s)
2026-08-17 17:39:21,160  INFO      eds_loader.cli.main  Run complete: 152890 row(s) across 39 table(s) in 26.7s
